architecture_layers,condition,measured_layer,scope,component,head,models,identity_error_mean,identity_error_std,transport_error_mean,transport_error_std,holonomy_error_mean,holonomy_error_std,holonomy_rotation_error_mean,holonomy_rotation_error_std,holonomy_linear_action_error_mean,holonomy_linear_action_error_std,holonomy_systematic_error_mean,holonomy_systematic_error_std,holonomy_dispersion_error_mean,holonomy_dispersion_error_std,holonomy_edge_accumulation_ratio_mean,holonomy_edge_accumulation_ratio_std,path_agreement_error_mean,path_agreement_error_std,path_endpoint_error_mean,path_endpoint_error_std,activation_variance_mean,activation_variance_std,edge_improvement_over_identity_mean,edge_improvement_over_identity_std,supported_models
2,higher_diversity,1,cls,key,all,3,0.0,0.0,0.0,0.0,0.0,0.0,1.931795982556552,0.026936417742296284,1.18868839475472,0.10792954588487644,0.0,0.0,0.0,0.0,0.0,0.0,0.0,0.0,0.0,0.0,6.755929136307158e-12,1.1435171989610708e-12,nan,0.0,0
2,higher_diversity,1,cls,query,all,3,0.0,0.0,0.0,0.0,0.0,0.0,1.9353847286981007,0.00428945627832587,1.25155839347264,0.02150934358210949,0.0,0.0,0.0,0.0,0.0,0.0,0.0,0.0,0.0,0.0,3.191413684248504e-11,7.173465603309985e-12,nan,0.0,0
2,higher_diversity,1,cls,value,all,3,0.0,0.0,0.0,0.0,0.0,0.0,1.9204020681057512,0.017787675122587915,1.2035322340383794,0.06836984931335015,0.0,0.0,0.0,0.0,0.0,0.0,0.0,0.0,0.0,0.0,6.886722254038039e-12,8.216701627635983e-13,nan,0.0,0
2,higher_diversity,1,token_mean,key,all,3,0.1672942766022104,0.009733062824262981,0.043245800144495444,0.0009549603299536049,0.01593834102105991,0.0001489613362088316,1.2742908368285732,0.004745795191420706,0.016144587745057285,0.0002986968083182083,0.0007661782116029468,7.353177106555218e-05,0.015172162671771015,0.00011328306254086995,0.1767897638180047,0.00400088890214206,0.02062249558393255,0.0012925740176919606,0.06903949154885769,0.002187243640974278,0.01899083966219967,0.00018241401470127887,0.7408977785941238,0.016357136046650487,3
2,higher_diversity,1,token_mean,query,all,3,0.21056327635509095,0.024652245125652342,0.044232735029332816,0.0005074834189836601,0.016790061224574406,0.000983194673040291,1.2759084049803981,0.0068072650903840334,0.017266389010662086,0.001167997281302222,0.0008016259794892518,4.263398998299185e-05,0.015988435412785322,0.0009915269212151566,0.17967241761574707,0.006520613409363849,0.021278052735065996,0.0014838932044219592,0.07054445074993032,0.0027385686190576778,0.01764982236041264,0.0010470186996586464,0.7881373546396556,0.023021205261412346,3
2,higher_diversity,1,token_mean,value,all,3,0.1589669696382239,0.010043878097314855,0.04026874814900836,0.0006890922887954038,0.014137308513420752,0.00031595359974142753,1.2723071643295814,0.009297135441035952,0.014223358890002159,0.00031910457177596236,0.0006995576517180201,3.9406812852275054e-06,0.013437751073841797,0.0003183630979763101,0.1657153976135258,0.007696199679884811,0.01800591499875033,0.0006243899337627688,0.06455233746365362,0.00225771417532386,0.02041357191223087,0.0003627505763195324,0.7461716274332847,0.012498839052282603,3
2,higher_diversity,2,cls,key,all,3,1.1246358597015937,0.26015327884203066,0.7464580149997073,0.1162918185170853,0.5947139469535686,0.043907624165711465,1.7004247941151664,0.019917552825690032,0.6879866235534952,0.14480298485104154,0.05858192954099539,0.026960786502133707,0.5361320256735339,0.07035531399484184,0.2711894096061586,0.015023985004740538,0.36237057034712644,0.07171362681384648,0.99712252608577,0.14356167587760885,0.33355014387405285,0.03954355097468556,0.32325830515842396,0.11976960703336946,3
2,higher_diversity,2,cls,query,all,3,1.042053001085909,0.31480563040719484,0.6112785593483934,0.07534049760567241,0.48481910430997827,0.016812498961638125,1.699646480638618,0.029171462447664446,0.6016688051797936,0.16469172323946407,0.04842864232363575,0.02162447851518167,0.4363904579570799,0.034185376214896514,0.2634486070446456,0.015258504543035303,0.26079782061840745,0.05183660577776957,0.8202166956201361,0.1116743876027977,0.5784942593538399,0.05493354679065414,0.3906876467045797,0.12139555701921412,3
2,higher_diversity,2,cls,value,all,3,1.1071544753984461,0.24006265049613143,0.752786314930885,0.08792809236705607,0.593435503638458,0.0414989644531539,1.7044185191540067,0.026490062333282993,0.6728581709936291,0.06351782674385387,0.051854957586549455,0.02583989750684084,0.5415805395353924,0.04211906132609052,0.26705424611416956,0.025264121712294217,0.3709080611028149,0.039882075835277774,1.016493766785612,0.08195898382511657,0.3117565964207505,0.029225892837214204,0.3052617942405553,0.12235298542973688,3
2,higher_diversity,2,token_mean,key,all,3,0.22976548427872556,0.0268920679224802,0.1409148203578178,0.013631920813934094,0.07138180645566113,0.019703821878392508,1.3712069190517007,0.015079811935345747,0.06968367845212259,0.01883487642977111,0.004539242778043968,0.0016521141049347888,0.06684256356322404,0.018051745574155776,0.19268065442556878,0.020757518252896,0.043755222297187,0.010566749760600127,0.16998123938997414,0.030586778000230967,0.03339060923705498,0.003727933710107048,0.38541470516002113,0.02583004438592446,3
2,higher_diversity,2,token_mean,query,all,3,0.25409369023388145,0.021257925638949265,0.14655226177932823,0.007830597212985822,0.08904168179753598,0.01753585798212142,1.3799222421647526,0.01429153010129337,0.08793256311610398,0.017061700748710933,0.00492306280471949,0.0012492311184117595,0.08411862001274571,0.01628737872693476,0.21504748371688975,0.014484021576921375,0.050438901546076303,0.005990402261695219,0.1734913817156349,0.02074211230805459,0.029135634727550274,0.001158377028546038,0.4221512297547399,0.022895378177327844,3
2,higher_diversity,2,token_mean,value,all,3,0.21966025179428916,0.03315281646257489,0.1311607127588287,0.005701542007154876,0.06972323523381724,0.011957906432236487,1.3757926065185435,0.01293798075244859,0.06848113406724597,0.011271223110768716,0.004011311393696815,0.0015179173043625802,0.06571192373380516,0.010620462708945322,0.2001372256614329,0.015960468618239406,0.03953227670153867,0.004907272734184593,0.1499261917099425,0.01791694604941735,0.030281247147782284,0.0034690820908410435,0.395317811414068,0.07789364558124641,3
2,low_diversity,1,cls,key,all,3,0.0,0.0,0.0,0.0,0.0,0.0,1.9432727973403408,0.019747572631648214,1.218627778393145,0.06163517226370404,0.0,0.0,0.0,0.0,0.0,0.0,0.0,0.0,0.0,0.0,5.925000310456266e-12,6.137661274119314e-13,nan,0.0,0
2,low_diversity,1,cls,query,all,3,0.0,0.0,0.0,0.0,0.0,0.0,1.9305456851358234,0.010538665156748327,1.2037562075728845,0.07309236722596626,0.0,0.0,0.0,0.0,0.0,0.0,0.0,0.0,0.0,0.0,2.43225940755943e-11,2.008541215310975e-12,nan,0.0,0
2,low_diversity,1,cls,value,all,3,0.0,0.0,0.0,0.0,0.0,0.0,1.922078993046819,0.002618422713422029,1.2024703989342755,0.07125358993980167,0.0,0.0,0.0,0.0,0.0,0.0,0.0,0.0,0.0,0.0,5.657564432637413e-12,1.1801603801452275e-12,nan,0.0,0
2,low_diversity,1,token_mean,key,all,3,0.17440299771403503,0.004734207987513494,0.04477267590190389,0.0006870648751504189,0.018861595178054663,0.00045164275232722806,1.268776312213067,0.007063662766809884,0.019127589066867786,0.00040860145379572493,0.0008371986363217178,3.121858927162358e-05,0.0180243966522429,0.0004624317842594249,0.19416062291975703,0.006916323275125324,0.025365900645095838,0.0009865017361732444,0.0738965791459517,0.0021752860615369993,0.011500509215913939,5.658502724942532e-05,0.7431783622923357,0.006690906167498085,3
2,low_diversity,1,token_mean,query,all,3,0.20107474283432017,0.01380586469327085,0.04555050807854388,0.002584802819758091,0.019114351617820387,0.0013618706450074672,1.2679515631935812,0.006934373294392662,0.019560642293471278,0.0013801169631526746,0.0008428224623044529,8.979359074273979e-05,0.018271529242735018,0.0012730191607389157,0.1910691151828715,0.003143015876462456,0.025176684781243294,0.0015196981420350722,0.07498668718008612,0.0029560035967486128,0.010884951136893395,0.0002430190703081135,0.7732290599132003,0.009469504647357649,3
2,low_diversity,1,token_mean,value,all,3,0.1658259888768758,0.00856180780038645,0.04302549243119991,0.0013413329800103584,0.017815486137514647,0.0007033909784776849,1.2699599197476577,0.007142226999382782,0.017947164759409915,0.0008068110585928139,0.0007796558610138935,3.105133795907268e-05,0.017035830709518807,0.0006880028872561266,0.18680004811424367,0.006332143205867687,0.0233195586074359,0.0011737835942658248,0.07135164465320798,0.0011853967732862979,0.01166428542329055,0.00034470192844991086,0.7403294807777199,0.0069135435700662965,3
2,low_diversity,2,cls,key,all,3,1.205425149595544,0.21845888208604897,0.8167265716983397,0.06767813505605935,0.6433895675919713,0.17556550652526406,1.723301759598652,0.026066240752515343,0.7894542000850552,0.2691920892612935,0.025282746646553278,0.0018204171702707593,0.6181068257852034,0.17628503481429328,0.28039021761750854,0.044553027032206635,0.27949358223338533,0.08881881932001172,1.027310538808918,0.07666881209653285,0.09188213267109611,0.019576779077543457,0.31382855394817716,0.07867010838804736,3
2,low_diversity,2,cls,query,all,3,1.2128816649511165,0.1891185463604834,0.8141099815201933,0.04798043352076862,0.6085174078681878,0.14062668309370963,1.7210533341268672,0.032373805264189724,0.7487165943906776,0.22118570632185847,0.02643458073902311,0.0036829218374709602,0.5820828240477678,0.14430848892964682,0.27218402750318765,0.038514604213213316,0.26975325879159806,0.11284837394148808,1.0468006833555659,0.06989827567147125,0.1125268889873317,0.02836328900162118,0.3205135777940162,0.08747895250762242,3
2,low_diversity,2,cls,value,all,3,1.1858526928783981,0.22003055803945767,0.8312904005866514,0.06887183489673779,0.6189618849892202,0.17645908754249948,1.726558528671345,0.02863936456461389,0.7543701597657985,0.27402614451903057,0.026463800138144783,0.0015891239292223115,0.5924980836835775,0.1778234321231883,0.26954360565469265,0.0453950232059549,0.268440118048469,0.12383746587989947,1.0315127031242377,0.11964449666050987,0.09393673694946549,0.023341069021701057,0.2880813691054264,0.10052870000333335,3
2,low_diversity,2,token_mean,key,all,3,0.18653901535218217,0.004573338887194274,0.05886224036362812,0.00307998519346708,0.03443685423091356,0.0029091213757590894,1.2780223413097476,0.016058033618984998,0.03482455199400564,0.002881609211566427,0.001435041886659085,0.00012011798821287422,0.03300181259824471,0.00283638750499437,0.2539171802869822,0.0011420005816176312,0.03172066111219909,0.0012145298991375455,0.09101688996491608,0.0035326378954545017,0.012749269576461025,0.0003760377353622327,0.6841737679145087,0.02199852986244947,3
2,low_diversity,2,token_mean,query,all,3,0.1949833929732501,0.008728420676990551,0.0618881743992817,0.00519360972368836,0.038855390318915654,0.00576784966818985,1.2771942453401646,0.018412288808072143,0.03949656581202846,0.005741241453367745,0.001558608812488136,0.00020809742353588027,0.03729678221950025,0.005588769121685225,0.2649814076478858,0.008397729510813395,0.03431056518917869,0.0039002436249369918,0.09502887939732058,0.007968132485681416,0.01115713794856812,0.0004270665593862452,0.6829266928643113,0.014131056984621715,3
2,low_diversity,2,token_mean,value,all,3,0.17684226139640039,0.008907865115689612,0.05801955635817411,0.0060985823431668265,0.03290143031903502,0.004730126192695455,1.2753860322868473,0.014230873133094233,0.033183663605381504,0.00470772165452809,0.0014613161880388914,0.00013312059940835693,0.03144011378401157,0.004614648722442355,0.24912327327690723,0.0027403033723685487,0.02861441124080698,0.0015889462311002413,0.08720103165907965,0.006355306975970299,0.01276149777131099,0.0005871886230182223,0.6707616854250488,0.04632419655154196,3
4,higher_diversity,1,cls,key,all,3,0.0,0.0,0.0,0.0,0.0,0.0,1.9241928320761053,0.020360420291454157,1.1899838921411554,0.08208081245366719,0.0,0.0,0.0,0.0,0.0,0.0,0.0,0.0,0.0,0.0,6.65094072776787e-12,1.0295599487521254e-12,nan,0.0,0
4,higher_diversity,1,cls,query,all,3,0.0,0.0,0.0,0.0,0.0,0.0,1.9126889695816962,0.02260642200417508,1.250516971987145,0.0689585642131506,0.0,0.0,0.0,0.0,0.0,0.0,0.0,0.0,0.0,0.0,2.426612267606802e-11,6.455059231139403e-12,nan,0.0,0
4,higher_diversity,1,cls,value,all,3,0.0,0.0,0.0,0.0,0.0,0.0,1.922773132443635,0.021555589762907914,1.1554159346142618,0.057418782419015706,0.0,0.0,0.0,0.0,0.0,0.0,0.0,0.0,0.0,0.0,7.547364038938607e-12,1.8142038078518543e-12,nan,0.0,0
4,higher_diversity,1,token_mean,key,all,3,0.15968465008267332,0.017635128679325353,0.042423411992939454,0.0007019738707189998,0.015510361228899922,0.0001250434551561232,1.271698306224776,0.0038617418337464336,0.015693067971244312,7.899934475916777e-05,0.0007467024732966711,5.113182982346403e-05,0.01476365881689796,0.00013355886725839315,0.1733313384564593,0.007056687116067543,0.019362955053063926,0.00046628371161363375,0.06680579895210305,0.002173087305044271,0.019018379350503285,0.0004264315579276076,0.7320359634588905,0.03131844494225814,3
4,higher_diversity,1,token_mean,query,all,3,0.1909663612633187,0.014698370430655451,0.042930456989405764,0.0011010648482793252,0.016161771311990893,0.0013036623138325829,1.2734753602668731,0.004187587397364004,0.016530292567300823,0.001424435399652905,0.0007868174809228741,2.185441275528362e-05,0.01537495359044635,0.0013074228133066908,0.17543788951748737,0.007950254644751523,0.02067338424391582,0.0017155950219463945,0.06962521289430489,0.003896550662740237,0.017384266988797623,0.0014346760224439616,0.774555148565323,0.012642407508863217,3
4,higher_diversity,1,token_mean,value,all,3,0.1616637941528454,0.01002725878336577,0.04202984326561296,0.0009188667392490307,0.015923675476425894,0.0006959037861522051,1.2716254136440317,0.0011256956543605036,0.016079175398851217,0.0006722367661453652,0.0007338360056482171,1.2553363087117626e-05,0.015189839407067857,0.0007045218555007444,0.17463379725886663,0.01116454430515289,0.020250143832722476,0.0009082020780048719,0.06647455437130077,0.00038142252903076724,0.017820973090375915,0.0013016893298400712,0.7395243449196772,0.012706412109975316,3
4,higher_diversity,2,cls,key,all,3,0.9614315745353093,0.2961560287568176,0.817570880632622,0.23767889540029716,0.6877196719954242,0.29039082799530774,1.7004772012366571,0.0219015099761841,0.7165199428268724,0.3151261095689383,0.028170158903142718,0.009570458825851549,0.6595495054216096,0.2813007971313875,0.2843456804991434,0.032351868155742994,0.3834421867774284,0.13567250240880543,0.9905362054060665,0.33532228894868515,0.13247459201198636,0.030932089970535665,0.14368937318494857,0.06071065581128271,3
4,higher_diversity,2,cls,query,all,3,0.9560173673280135,0.3254011180979349,0.7996868958509907,0.24823935901704464,0.67547989612973,0.311337183111549,1.706638761064716,0.02059053704610509,0.7088348456658053,0.3386141874146023,0.029286870986900543,0.01053606972564749,0.6461930198199821,0.301082762868033,0.2825771343401235,0.03382504836928927,0.37416674349634854,0.1527768776330694,0.9791397852256422,0.3422096994942199,0.1580053913322362,0.043144477923544665,0.1530429765198288,0.07796545222502337,3
4,higher_diversity,2,cls,value,all,3,0.9473218903166396,0.28228188368226637,0.8254656982225991,0.23141726122477346,0.6894216038892003,0.28334586541280926,1.7063801727982708,0.023631927148545527,0.7112312090273157,0.30430636776736025,0.03067260584088437,0.01205297643253043,0.6587490019473163,0.27169459027418413,0.28411197159626495,0.028553942809235056,0.3853346154889416,0.1361802031502554,0.999733983225657,0.3162306877178493,0.12974379200375444,0.028962095990819614,0.12408378596630736,0.03846652946305169,3
4,higher_diversity,2,token_mean,key,all,3,0.2179833359708548,0.01683168594265285,0.11379484323784118,0.01483262823734486,0.08274455366455184,0.012965572245776678,1.3539044989112294,0.012928848529600254,0.08170007165248172,0.012311741813356427,0.003991106147595653,0.0009627596576438455,0.07875344608769273,0.012005165172587012,0.25752851509524427,0.0133550521474371,0.04972937608400125,0.009285217777530561,0.14172872161432795,0.015825524570969255,0.02883473478934982,0.000996007527265545,0.4789884599080876,0.04043649173407432,3
4,higher_diversity,2,token_mean,query,all,3,0.2341762772602084,0.011510162460563685,0.1162165843670575,0.016192841156173907,0.08741717022890266,0.012351550994782573,1.3621088238154095,0.014868848008544714,0.08691459639105494,0.011518100740796325,0.004216774737208404,0.001024391379828545,0.08320039488149411,0.011332299064336792,0.26123961225611136,0.01200290962317105,0.050405366541533846,0.008166537676276717,0.1458508614172448,0.01765713083894299,0.02817514008193305,0.0004398173437156125,0.5049569651928504,0.05052922620383715,3
4,higher_diversity,2,token_mean,value,all,3,0.21222124914505058,0.015634293221278035,0.10915653496806288,0.012679069316005728,0.07996325121296802,0.009852820634812694,1.3614690421786217,0.01802934181874354,0.07894150309324922,0.009085647717154678,0.004138079948130657,0.0009833950128293402,0.07582517160159169,0.008869746958771196,0.2584431504443878,0.007991914039572747,0.04562660923880598,0.005744431826983406,0.13475328416120902,0.011802896311985714,0.028579174851377804,0.0008937820219005706,0.486537792924643,0.029331906270596793,3
4,higher_diversity,3,cls,key,all,3,1.140491889628924,0.10599234637456431,0.8659286335758954,0.07186569845096889,0.7751395618429573,0.11323647844124338,1.7188713588738678,0.010608559783390708,0.8401955333534227,0.12184541445257854,0.051670582739241196,0.017879637268233346,0.7234689801028281,0.10614467448247576,0.2933974289372814,0.01850860500398927,0.38980811651371555,0.06531414720772752,1.0300904668618063,0.07612038294573724,0.3216715856935039,0.03914549236736502,0.2397539437799704,0.03487981162189191,3
4,higher_diversity,3,cls,query,all,3,1.081320082509425,0.1332209712900299,0.7695905255828395,0.08410349043484508,0.656918055352241,0.127176213470943,1.7170461191192035,0.01113142956018206,0.7333775365860907,0.1460999940256607,0.047625261655246665,0.01815062935112732,0.6092927939060963,0.11951903377788302,0.2797567688510755,0.022604581397177966,0.3160013856157062,0.06440872233438637,0.919340773178979,0.09383672459404424,0.4520387085098209,0.08284016164700105,0.28735008784453536,0.015381128175238849,3
4,higher_diversity,3,cls,value,all,3,1.0917881005568901,0.0979266703302657,0.8508777008154264,0.09290133825929815,0.7428754674295227,0.13237244365859285,1.7191443521376186,0.007683734408709403,0.7927651267363482,0.12496108662430123,0.048812088556587696,0.015402791876865775,0.6940633762966503,0.12153521599941891,0.2882927048561361,0.017367077351109306,0.383880801335452,0.08040386852002862,1.0022373945391794,0.13135465935706195,0.30093610422177747,0.017865345570862314,0.22088255384653824,0.039551456838896805,3
4,higher_diversity,3,token_mean,key,all,3,0.265450067143082,0.004659490846369866,0.15731212142843798,0.0149169293661815,0.10558615515071457,0.00561835633102419,1.4376765385950805,0.02148118102809388,0.10512556260252666,0.0055412238478371985,0.005708264194033814,0.0006842577317741896,0.09987789042519801,0.004934753338449571,0.23225001404330317,0.0076637355300833,0.05594100852663261,0.004479551360773826,0.18170294387097888,0.011414868421644912,0.04878283839559916,0.0022558912811693394,0.4075503608021489,0.05280678854512046,3
4,higher_diversity,3,token_mean,query,all,3,0.28771422739592717,0.022408045628832272,0.15187540917456277,0.014364559742953666,0.09377783988558436,0.00377897126287301,1.4395916284534644,0.01722355982391788,0.09319079617191377,0.0041386685253765555,0.005539635069329631,0.0003490374286420082,0.08823820440606638,0.0034379988999548223,0.21624072156599292,0.012489232369671097,0.0457769429816032,0.0008858251232672463,0.16947285710356083,0.00928881987625105,0.0584414525126869,0.005385070774175208,0.46927271375133944,0.07094188671486423,3
4,higher_diversity,3,token_mean,value,all,3,0.2503927724101362,0.023347013338993416,0.14591098659750562,0.023066538678368043,0.09136250051588646,0.023022998578122563,1.434623218019297,0.016284184157379932,0.09085653852457075,0.02334786708050146,0.00521635055316217,0.0013478210222121834,0.08614615136475273,0.021679225813083694,0.2216173528550064,0.017514275597196715,0.045901763619943324,0.01130746794498592,0.16464413135713854,0.029183661404448405,0.05198381937137156,0.013605398345723307,0.4194418959768398,0.03775900939559346,3
4,higher_diversity,4,cls,key,all,3,1.170011188977177,0.03643287442046577,0.9267153867397718,0.007586135313271606,0.8067828227244481,0.017198225357314908,1.7340375448328966,0.005569243554247247,0.8461274352358427,0.044609622970391914,0.07365315703844481,0.036887188392153374,0.7331296684163989,0.041675302450488935,0.28621758222786226,0.0072401141406497746,0.40255922979373854,0.0322134540205615,1.0793504804517937,0.05213906058565875,0.46368207443844184,0.01824389533781123,0.2075067969769632,0.021582740658788922,3
4,higher_diversity,4,cls,query,all,3,1.1362845871210958,0.041236372550687045,0.8108019995493513,0.025148051635239026,0.694808165696393,0.02819030337668441,1.734366391864963,0.0137477020849994,0.7446246336307244,0.040267375167882466,0.08178286330605096,0.06106512437358762,0.6130253094615359,0.03374196228630178,0.27632212216268,0.006368496232595806,0.32220522851208894,0.027022948664106795,0.9596192143748116,0.0418408461873516,0.6848618180462808,0.03159835392733174,0.28588528896147475,0.031481138260544786,3
4,higher_diversity,4,cls,value,all,3,1.183868986678035,0.06978513910285605,0.9652214460913561,0.045072350605579285,0.7469016825611797,0.0195968709252823,1.735048862960099,0.007852711855272225,0.7689743535853122,0.02706893387999328,0.07191702023600087,0.04237957820954695,0.6749846555969933,0.022793964254191657,0.2689546084796408,0.0037352961242498777,0.3611074248610578,0.04183208995876471,1.1072351627899042,0.07391806824012298,0.4490194889632138,0.033886169896229466,0.18362223200400682,0.04070174060834739,3
4,higher_diversity,4,token_mean,key,all,3,0.3129031231465749,0.002162208382304602,0.18121343007941604,0.0207588565041978,0.10254036532037819,0.009411285355391617,1.4708199781497804,0.017902402051175402,0.10191778643315651,0.009275357089229289,0.006562913570440177,0.0014142777276204995,0.09597745210383878,0.008438745066120665,0.20362154821002798,0.005657402936150473,0.04780975425599557,0.004741190999021104,0.18389504975863535,0.020350784465409385,0.0801556570963426,0.00265577103150452,0.420582354605955,0.06990190212899124,3
4,higher_diversity,4,token_mean,query,all,3,0.314360636038767,0.030352702910384378,0.16578759000090926,0.023676430124410335,0.08280666949028079,0.01384058123146001,1.4719462791263485,0.024254290944615838,0.08187545200465045,0.01439974081188,0.006237260884407795,0.002124228419504507,0.07656940908143013,0.012113507232988437,0.18331727685571356,0.0013509069109245953,0.03720274498462985,0.004588896541171261,0.16540755968557655,0.024689884243052393,0.10885156386277893,0.01159316879520537,0.472655918517012,0.05176071858178933,3
4,higher_diversity,4,token_mean,value,all,3,0.34101666706231853,0.03254891612278437,0.20453770608728017,0.030424295381009044,0.12076856884831123,0.028452218077420353,1.4672842555941148,0.023985900150513433,0.12028679745584851,0.030639279133862017,0.007236535297565613,0.001410774916673911,0.11353203157583873,0.027517832212366783,0.2070414518244262,0.01634971320063809,0.055294011320069995,0.010027333799872735,0.20873938668010902,0.02653829296602799,0.05941186072022626,0.008703345405706223,0.3973739050741773,0.09450672720721251,3
4,low_diversity,1,cls,key,all,3,0.0,0.0,0.0,0.0,0.0,0.0,1.9102185756628514,0.00626329671546899,1.1703094170004658,0.04290138978920385,0.0,0.0,0.0,0.0,0.0,0.0,0.0,0.0,0.0,0.0,5.503906214374599e-12,6.155762732325852e-13,nan,0.0,0
4,low_diversity,1,cls,query,all,3,0.0,0.0,0.0,0.0,0.0,0.0,1.9135639790874084,0.023341810581908113,1.1955105485278537,0.03985452395208833,0.0,0.0,0.0,0.0,0.0,0.0,0.0,0.0,0.0,0.0,1.1608329985388835e-11,1.856627550788898e-12,nan,0.0,0
4,low_diversity,1,cls,value,all,3,0.0,0.0,0.0,0.0,0.0,0.0,1.9277322177013254,0.02225858602354225,1.1991428894324196,0.048808364735804854,0.0,0.0,0.0,0.0,0.0,0.0,0.0,0.0,0.0,0.0,5.161802962041051e-12,8.6654437195105e-13,nan,0.0,0
4,low_diversity,1,token_mean,key,all,3,0.1732934493302937,0.0022141184135684787,0.044792296296812924,0.000920466179166832,0.019170423568262193,0.0005588917658211903,1.2761222502267684,0.01439317140290428,0.019453627566709653,0.0005546748615322953,0.0008421898484371151,3.574239297224459e-05,0.018328233459738618,0.0005771547674577416,0.19603930188497534,0.00564402715652315,0.025650372337163246,0.0011557670784370629,0.07435500229547722,0.002756237438125656,0.010942810172723099,0.00016351272878887573,0.7415247756742825,0.004022754795628784,3
4,low_diversity,1,token_mean,query,all,3,0.19882861214790373,0.014264157034087196,0.04476392293105092,0.0020712904482820173,0.01914150341923537,0.0011448538834536069,1.2716879576428217,0.006587023449299955,0.019585352248630103,0.001210210235911772,0.0008314136915335742,3.601336239126591e-05,0.018310089440395434,0.001109432885658895,0.1926514931310103,0.002509952545579881,0.02540636015522944,0.0010388968093866192,0.07436496325976627,0.0023476423070712604,0.010524959416326246,0.00010065877149397574,0.7744223724787588,0.012298337084678755,3
4,low_diversity,1,token_mean,value,all,3,0.17456697211524705,0.007966935965857153,0.044174810166011956,0.0008601527168816163,0.018957229597516338,0.0005404435937035842,1.2736178509733362,0.006647990611976381,0.01916465408635322,0.0006399887374534245,0.0007985806014127747,3.343473527547483e-05,0.01815864884040572,0.0005103998682565657,0.1925110580768691,0.00704199600511657,0.025024025708347913,0.0010705450370058784,0.07342548336641819,0.0012533107359551498,0.010493265874119419,0.0002636940300691466,0.7467339236840865,0.00723645848971984,3
4,low_diversity,2,cls,key,all,3,0.9605035037432971,0.20752890898778278,0.6722380455576936,0.1633554192888215,0.595803915235666,0.19373954805243052,1.5977004469223592,0.03613924486371109,0.6630002003271677,0.23092817496719484,0.025943887419998646,0.0062884095536753495,0.5698600275949999,0.18797527719210344,0.2863411905449117,0.02562823826728654,0.3149923717685765,0.09652209357699944,0.9197056617377575,0.20215981298216165,0.008775628051918113,0.003450265402816365,0.30274344200349246,0.03927562162994149,3
4,low_diversity,2,cls,query,all,3,0.9363338712836545,0.2119968617076281,0.6431771472452815,0.1676492367770305,0.5568459953370954,0.177518912143707,1.6006474212209643,0.024544153619640897,0.6268232666226599,0.2225842287156606,0.023979814158696117,0.005638446957939319,0.5328661785884338,0.17201394229474373,0.28236650339528985,0.022871434155772467,0.29292649319597697,0.08533481286588447,0.8728582820341,0.19615822456786938,0.0095094752243974,0.0038892717775832956,0.3166152577688464,0.047801550637479075,3
4,low_diversity,2,cls,value,all,3,0.9508485917447776,0.19193921542623393,0.6810577991643437,0.16641478822135758,0.6174437422894026,0.1887083521504287,1.6030583202034776,0.03316103334444428,0.677906444519823,0.22278898562308677,0.02902098254046657,0.00784096711415947,0.5884227653344473,0.1815147018690431,0.29039517206038745,0.019495931035150682,0.32603659267876967,0.09631552720345474,0.9218979089946086,0.188101187402833,0.008629235827053586,0.003571382665644468,0.28800724162084934,0.0444435221372171,3
4,low_diversity,2,token_mean,key,all,3,0.1872718066957126,0.00394311970049362,0.055398471033390434,0.0011632524487074094,0.03205617161401324,0.001625133952160031,1.2575610292682267,0.015928917137069565,0.03241421815431675,0.00156243168961737,0.0013239362755980849,6.501346196423519e-05,0.03073223567370213,0.0016438988148767802,0.2561551302894587,0.00980136044034863,0.031192465856327883,0.0012321865133342153,0.08815053228850689,0.0015263904916165737,0.011668500702150844,0.0001349658909077873,0.7041018482771877,0.008319410905285264,3
4,low_diversity,2,token_mean,query,all,3,0.20228830445455492,0.016910555766545102,0.054865546830962904,0.0018361666300015143,0.03290108922622379,0.0014854480997430618,1.2600778863444073,0.011258212768770735,0.033372511700573794,0.0016316967110533637,0.0013091619061235563,2.63879819045347e-05,0.03159192712469535,0.0014707321672243036,0.2612924231211586,0.0021830791975329797,0.031158052517628026,0.0011562967449643441,0.08774009019387345,0.0038584788431866926,0.011031442773387287,0.00018093302254826177,0.7279810222381565,0.014551876543969567,3
4,low_diversity,2,token_mean,value,all,3,0.18168200594823758,0.0068569208504809555,0.05534116205286984,0.0021033053340544275,0.03214154912001637,0.0022995718787908463,1.2571432941743845,0.018163862801421675,0.03235237652996664,0.002438001210273395,0.0013590077710845933,5.014444710119848e-05,0.03078254157056411,0.002284116930099151,0.25814092411640194,0.006752458646396773,0.03051875742245981,0.0006017305491182428,0.08730413084710763,0.0020619332984720294,0.011138944054078876,0.00041055864438513417,0.6951032571939648,0.01627893528047728,3
4,low_diversity,3,cls,key,all,3,1.0117302171648064,0.08463757300876557,0.6713836221508841,0.11255914617845515,0.6139982720258569,0.1375882431310392,1.621369012441115,0.010161832624400277,0.7041784541706754,0.14316487153063615,0.02764741765956084,0.004085196356714216,0.586350849632061,0.13457911687467802,0.29585266534370386,0.01984927079304326,0.30591627365887386,0.0946815825326956,0.8905934370181378,0.14987257417525848,0.060734224364613044,0.014560073849264363,0.33570984633103623,0.10771942452075992,3
4,low_diversity,3,cls,query,all,3,1.010102522984473,0.07034618444123236,0.6419309623291909,0.08722995189884543,0.5580941779528547,0.08499499759531068,1.6102082126828063,0.012515889901954456,0.6491226174761887,0.08463463827482706,0.027269596431517242,0.0015383031851151007,0.5308245768149694,0.08472492375252717,0.2835885685933899,0.010223536036986948,0.27533641266544334,0.07405334605872213,0.8549944815785273,0.1145165908763163,0.07011967174934618,0.019625123100513533,0.3629123205504559,0.09538155867802975,3
4,low_diversity,3,cls,value,all,3,1.0076362233017786,0.061234126387329925,0.6924612978094556,0.10048422492406334,0.6389560076309667,0.12078289984949384,1.620450066254146,0.010831416551073645,0.7077637544987251,0.11080907307958227,0.03228593501967914,0.0021330270069447074,0.6066700739390922,0.12024779693876465,0.2973415451518593,0.015066971882053522,0.31688907551697193,0.09945942120309004,0.9090213432098418,0.13609213712174262,0.05959871755630681,0.01680796255355568,0.3119852614598099,0.10191977502881873,3
4,low_diversity,3,token_mean,key,all,3,0.20055095074188303,0.009776405602558064,0.07153738344659293,0.003206132682930963,0.048416332674095154,0.001794284655989427,1.3074640867746516,0.002494603299499286,0.048736743630983216,0.00225926211548768,0.0020325086979110806,9.961163147758492e-05,0.04638382380433154,0.00189071102585123,0.27107145133099997,0.005994921637290291,0.03789193994602125,0.0016530403195981532,0.1068763239574141,0.002708537479771729,0.014646842144429684,0.0007393377522178711,0.6432509150860458,0.0014965414441602955,3
4,low_diversity,3,token_mean,query,all,3,0.20870468322379054,0.008246535354482745,0.0735245778117624,0.004005084185599099,0.05144550762515934,0.0017822324962427638,1.3140303063858696,0.005853128757656216,0.05187448635463043,0.0021500424674739393,0.002039291544034231,7.137267681213334e-05,0.0494062171853853,0.0018107080381490088,0.2750877309362814,0.004563944096954726,0.03812837574245812,0.002307999227465078,0.10900282864895601,0.006317465012913904,0.013430901690188684,0.0005678295201988396,0.6478323463572068,0.007171862389067499,3
4,low_diversity,3,token_mean,value,all,3,0.19911492439101552,0.004582135584211003,0.07448585552286204,0.004356145728956906,0.050016015315720246,0.002925059667649993,1.3204498214392746,0.012898726699693705,0.05012203426221861,0.0033630413700096833,0.0022667031938026685,7.793739643801354e-05,0.04774931186076367,0.0028921951332545152,0.26809452185206206,0.002864657043533762,0.038024660500638505,0.0022174905737643207,0.109122781071816,0.005205724540751321,0.013570882408230593,0.0010778109980965718,0.6258767265968541,0.021313403396791396,3
4,low_diversity,4,cls,key,all,3,1.1720913591255426,0.03874857858302453,0.7882687751624372,0.12825845715537076,0.6693926126354061,0.14693241127855114,1.64423686044547,0.03143151569312578,0.7798211652769975,0.11467943413591647,0.035766238092698834,0.0038482527520182237,0.6336263747829379,0.14613619048353615,0.28919765637521017,0.020386213298887616,0.3120983753780617,0.10083060742961182,1.016832112406008,0.2039481914633174,0.2549056564316605,0.035254207339967196,0.3290849302729498,0.08867524211843109,3
4,low_diversity,4,cls,query,all,3,1.2018132138026543,0.035761058997539265,0.7662877108322245,0.11355272630709481,0.5686290251923266,0.1102323748849172,1.6505884312707737,0.030471564128562185,0.6837338559269482,0.09699902899703405,0.03386375233248779,0.004053031173950529,0.5347652760418978,0.11122709727319073,0.2621922703406691,0.01824247457336063,0.25121852166939623,0.0827025617633663,0.9846417797391133,0.20169359476564055,0.3558927629933213,0.06032425926945658,0.36288097334750247,0.08619272902023795,3
4,low_diversity,4,cls,value,all,3,1.1621299208746911,0.06332677010860643,0.8048665096302065,0.12211658898364952,0.6819671801660924,0.1459377797540216,1.6520692045103678,0.02664795626547819,0.7789171241742173,0.13076354222712422,0.035705087593559066,0.0025885693913723215,0.6462620871536661,0.1460348798499881,0.28672065485590603,0.020450726887141203,0.3160450056118836,0.10688024443041387,1.0224881241624735,0.19570376073231924,0.2504347095435316,0.04099250030828628,0.3088392447302858,0.07917332971656392,3
4,low_diversity,4,token_mean,key,all,3,0.21105885084134693,0.013717957932679634,0.08668342235230936,0.005668993947088693,0.05929190267559823,0.0038949602089597976,1.3561744458075735,0.007832573496225187,0.05945156167160389,0.004390231958108471,0.0026197494483891537,4.075062634964879e-05,0.0566721527526776,0.0038581959393441346,0.26259546573172027,0.006069870850878093,0.04162654559814193,0.0033296747394117787,0.12290159233376452,0.0034423545556900633,0.019522978529108295,0.0015934854743472546,0.5892249558283659,0.010293527308247426,3
4,low_diversity,4,token_mean,query,all,3,0.2158110398487613,0.0058967458313725655,0.09026402778940813,0.005368333000018124,0.058703369358495856,0.0018868478533975116,1.350008575480669,0.011612510242672123,0.05875813709880515,0.002225614924543124,0.0026487383469374795,5.9545178285511205e-05,0.05605463181255441,0.0018431815722772839,0.2524870700613204,0.007019097927341618,0.03798156979308026,0.0024315564308597507,0.12327137327585924,0.006748150792435038,0.01926075003928307,0.0007229605128617812,0.5814679251350744,0.028936667357853864,3
4,low_diversity,4,token_mean,value,all,3,0.21697536056049235,0.0014155098509132922,0.09260752282080216,0.005832009465584472,0.06127234704698945,0.004011370929719304,1.3563306553507257,0.01184765813304991,0.06114847188061708,0.004224217242691556,0.0029710353560265944,0.00025553305135255877,0.0583013120022687,0.003758209922010156,0.2547625146215021,0.008581435918872917,0.04118637616208987,0.003807279909144334,0.12712273606454838,0.007829908234234734,0.0176875065221931,0.0018220115042261063,0.5732937402579029,0.024137895259283823,3
6,higher_diversity,1,cls,key,0,3,0.0,0.0,0.0,0.0,0.0,0.0,1.830361345875371,0.10447895770077058,1.2306572810748202,0.2226324608507404,0.0,0.0,0.0,0.0,0.0,0.0,0.0,0.0,0.0,0.0,8.090043405281213e-12,7.717896243972603e-13,nan,0.0,0
6,higher_diversity,1,cls,key,1,3,0.0,0.0,0.0,0.0,0.0,0.0,1.8191989236464827,0.062511805274283,1.0259017898802736,0.09740114971533169,0.0,0.0,0.0,0.0,0.0,0.0,0.0,0.0,0.0,0.0,6.397805521631877e-12,2.1136052331377136e-12,nan,0.0,0
6,higher_diversity,1,cls,key,2,3,0.0,0.0,0.0,0.0,0.0,0.0,1.8310795828883821,0.1553179353885116,1.196604822511527,0.20071850509072567,0.0,0.0,0.0,0.0,0.0,0.0,0.0,0.0,0.0,0.0,5.235113887447951e-12,9.208723342112808e-14,nan,0.0,0
6,higher_diversity,1,cls,key,3,3,0.0,0.0,0.0,0.0,0.0,0.0,1.8188209409877605,0.048194571016084486,1.1200321018248325,0.06187530822297658,0.0,0.0,0.0,0.0,0.0,0.0,0.0,0.0,0.0,0.0,6.375925461484644e-12,2.7878319775318813e-12,nan,0.0,0
6,higher_diversity,1,cls,key,all,3,0.0,0.0,0.0,0.0,0.0,0.0,1.919912307016628,0.022716239508094697,1.1261236494713065,0.04440188296863297,0.0,0.0,0.0,0.0,0.0,0.0,0.0,0.0,0.0,0.0,6.4970204095267295e-12,1.3324356364684802e-12,nan,0.0,0
6,higher_diversity,1,cls,query,0,3,0.0,0.0,0.0,0.0,0.0,0.0,1.7045693119048237,0.06368255362423944,1.0408167556093126,0.04440858706621998,0.0,0.0,0.0,0.0,0.0,0.0,0.0,0.0,0.0,0.0,2.523296896554546e-11,9.944928574665705e-12,nan,0.0,0
6,higher_diversity,1,cls,query,1,3,0.0,0.0,0.0,0.0,0.0,0.0,1.709538112706099,0.09532430147970088,0.8925544509138499,0.10321608058687562,0.0,0.0,0.0,0.0,0.0,0.0,0.0,0.0,0.0,0.0,2.3672527295937392e-11,1.2243025781520943e-11,nan,0.0,0
6,higher_diversity,1,cls,query,2,3,0.0,0.0,0.0,0.0,0.0,0.0,1.8188111577023856,0.043996776012237504,0.9692574813677736,0.19215327551374198,0.0,0.0,0.0,0.0,0.0,0.0,0.0,0.0,0.0,0.0,1.6389703764512648e-11,8.071189552627947e-12,nan,0.0,0
6,higher_diversity,1,cls,query,3,3,0.0,0.0,0.0,0.0,0.0,0.0,1.7971036959306173,0.037409189237179945,1.0380824582178092,0.20872387807562312,0.0,0.0,0.0,0.0,0.0,0.0,0.0,0.0,0.0,0.0,1.2476782680457806e-11,5.4793456839156875e-12,nan,0.0,0
6,higher_diversity,1,cls,query,all,3,0.0,0.0,0.0,0.0,0.0,0.0,1.9261527916471175,0.01734003926349311,1.16977259660426,0.04151532210576167,0.0,0.0,0.0,0.0,0.0,0.0,0.0,0.0,0.0,0.0,1.9442995719324316e-11,3.2748079811511536e-12,nan,0.0,0
6,higher_diversity,1,cls,value,0,3,0.0,0.0,0.0,0.0,0.0,0.0,1.8129577959096534,0.10192118471797099,1.1289387849811172,0.08280409782495121,0.0,0.0,0.0,0.0,0.0,0.0,0.0,0.0,0.0,0.0,6.233845649459996e-12,1.3624547075916797e-12,nan,0.0,0
6,higher_diversity,1,cls,value,1,3,0.0,0.0,0.0,0.0,0.0,0.0,1.7908633022750917,0.11334285186615208,1.0591861510787608,0.14473713246882142,0.0,0.0,0.0,0.0,0.0,0.0,0.0,0.0,0.0,0.0,5.695370312212597e-12,2.622335651208072e-12,nan,0.0,0
6,higher_diversity,1,cls,value,2,3,0.0,0.0,0.0,0.0,0.0,0.0,1.7284832104419345,0.06268708526327109,1.1442533108431696,0.12492493255333532,0.0,0.0,0.0,0.0,0.0,0.0,0.0,0.0,0.0,0.0,9.06016738954163e-12,2.7531593305468967e-12,nan,0.0,0
6,higher_diversity,1,cls,value,3,3,0.0,0.0,0.0,0.0,0.0,0.0,1.819864328875603,0.059698517129836044,1.2431305066122318,0.12474636394210947,0.0,0.0,0.0,0.0,0.0,0.0,0.0,0.0,0.0,0.0,7.032535060048885e-12,3.1090177026319917e-12,nan,0.0,0
6,higher_diversity,1,cls,value,all,3,0.0,0.0,0.0,0.0,0.0,0.0,1.9250144395845512,0.044277849384419005,1.1475783805008506,0.04721225130812995,0.0,0.0,0.0,0.0,0.0,0.0,0.0,0.0,0.0,0.0,6.972871289165145e-12,1.596720904222209e-12,nan,0.0,0
6,higher_diversity,1,token_mean,key,0,3,0.16104461355390273,0.0033443133823179015,0.0530462378008189,0.0022384263398812655,0.011609658236673516,0.0005268497301634209,0.12859261819130427,0.005859043303156035,0.011702451491621232,0.0005950484252960769,0.0007901199992788448,0.00011178711666226477,0.010819538348269734,0.0004424935803385299,0.11488324246126376,0.0013664429287069226,0.011120854487635341,0.0008773542423035022,0.06821254024850956,0.005578083099054751,0.018156435961524647,0.001423812053137592,0.6704074648614887,0.01855490555831475,3
6,higher_diversity,1,token_mean,key,1,3,0.16097308641833138,0.035248477497548274,0.0546029050491885,0.0025061895135796157,0.012162417536200199,0.0009549524566900275,0.11496982000649593,0.002375504837163449,0.012107160506881818,0.0007927419870036452,0.0008006478645697688,0.00013978723308663094,0.011361769793879692,0.000833634964759864,0.1135364048755404,0.005879400440320776,0.012071113949004973,0.0015424434504425948,0.07477399720803206,0.007705291472840208,0.018044636838815426,0.0017691131685386163,0.6496096469486184,0.08062810451091824,3
6,higher_diversity,1,token_mean,key,2,3,0.15283157034289804,0.026110779013717462,0.05389611588314655,0.002689279545591,0.012519601350397041,0.0009876809479655788,0.14261608348826024,0.008718889788929509,0.012644788074356173,0.0009326818795057337,0.0008176874685115322,5.249742266705931e-05,0.011701913963241333,0.001039998839268125,0.11619950094620742,0.011021624950111436,0.012980751243911945,0.0016462801651661852,0.07423972485052684,0.005405215008609803,0.01755063616755334,0.00043854281685624263,0.6426318232013161,0.04222982552202483,3
6,higher_diversity,1,token_mean,key,3,3,0.17374383258047368,0.01611583343317133,0.056701872863447016,0.0040623325302973304,0.01306129188607251,0.0012210042643977495,0.12161773894930634,0.017111307718071202,0.013177068492248076,0.0009091420421154605,0.0008439125877251199,0.00016816535884574548,0.012217379407957196,0.001092719936477505,0.1196798549233502,0.0120958881804362,0.012429479394649426,0.0016396279623691022,0.07354276994347782,0.005563944408423309,0.0173121394137993,0.0006828937732305405,0.6722470527635074,0.032882140056648385,3
6,higher_diversity,1,token_mean,key,all,3,0.16199006097064964,0.01308305121801114,0.04369917859035099,0.000575436066233443,0.0168669094499104,0.0005848221802752703,1.2732229967087596,0.005712592376152538,0.017019997460754745,0.000548570806150664,0.00079206086913032,1.2637898295004561e-05,0.016074848523589248,0.0005936271903011475,0.1783730603986061,0.00658211326322791,0.021203288867083493,0.001431928908602587,0.06919478562674959,0.0021111252571523052,0.01776596215186697,0.0002654912015807453,0.7292852950913368,0.01767922722546644,3
6,higher_diversity,1,token_mean,query,0,3,0.17971582139132583,0.02610621037311744,0.05409922713067181,0.004577336261836518,0.012676323153369674,0.0004597662736635054,0.12844800044070492,0.010002414891267145,0.012769232860659965,0.0004810575611177751,0.0008747091556098453,0.0001082052822838607,0.011801614249689561,0.00035366712832934314,0.11991872966761417,0.002335451097725036,0.012111168042223397,0.001755727770864984,0.07541058941070687,0.0025369675841951595,0.01643068698996847,0.0008919310780260266,0.6959681579700719,0.03671614221313446,3
6,higher_diversity,1,token_mean,query,1,3,0.17022292177678686,0.027638000009909295,0.05005965371906242,0.0013880492835570358,0.010715209336355497,0.000932621059145991,0.11759059462376249,0.011419640045563877,0.01104074966841335,0.0008968234999441094,0.0007041649044946429,3.9074923077879696e-05,0.010011044535503695,0.0008964692655348218,0.11350012531584691,0.0024094101944278946,0.010232003697145596,0.0011122019000435709,0.06815821144759357,0.0019243178078704737,0.017451081114510696,0.0007384732217748722,0.7016460094934552,0.04022972186232241,3
6,higher_diversity,1,token_mean,query,2,3,0.15134744941681866,0.03168578759160299,0.0514299051546078,0.005466778698083301,0.01105619892668217,0.0019436143107195688,0.12717280886631754,0.02469997304096195,0.011067799979422576,0.002285330907552848,0.0008054428310997813,3.1596795355898615e-05,0.010250756153695736,0.0019750874602910435,0.11222408362539564,0.010676146519480807,0.010811222213638462,0.0026601368388198226,0.07095010990844537,0.0065011056820976605,0.018424109358227615,0.0032190496024943316,0.6532198140562714,0.05380347939810511,3
6,higher_diversity,1,token_mean,query,3,3,0.17609197277456953,0.0038700802046377496,0.04982451868723292,0.0016162475206917526,0.011553903184102333,0.0017054994660122063,0.12385112349973748,0.012945070217490915,0.011634859385225108,0.0015855247461044621,0.0007912947672373389,0.0001875684691216116,0.010762608504261481,0.001522638383881474,0.11262369285707202,0.004497103225240835,0.014462842423606728,0.00515057085863462,0.07101236657591259,0.005034148825639696,0.018937251869250427,0.0009035780146224543,0.716829555077488,0.01534473987496797,3
6,higher_diversity,1,token_mean,query,all,3,0.16844395985195812,0.010264726917774896,0.04092386610234725,5.611328776862943e-05,0.015063652465527752,0.0003351260901509199,1.2672445932780894,0.01310699772088647,0.015283784038634604,0.00035467036387249465,0.0007427905549058888,5.141357989842473e-05,0.014320861781015992,0.00030744389788272956,0.1716407394783798,0.0015137987286221461,0.019574949871511243,0.0003253097294365851,0.0670130188723339,0.002657687418430663,0.017810782389433094,0.000618110843044849,0.7564354179106805,0.015068672874761933,3
6,higher_diversity,1,token_mean,value,0,3,0.16362930842163284,0.015444548356615666,0.05277101162600074,0.0014934184701639766,0.012575022730306173,0.0017403016318617022,0.12357620026021525,0.001985661379159216,0.012492838140906825,0.0019271439398285803,0.0008068799299618344,0.0001232669607386416,0.01176814271743889,0.0018191708411410235,0.1172247168601933,0.00671644356569235,0.014837520131614669,0.0016583739223164668,0.07205168149377013,0.003328040301216871,0.017044788071264822,0.0019503744754292588,0.6762175069219628,0.020327217907906026,3
6,higher_diversity,1,token_mean,value,1,3,0.16837678620560495,0.025532601210867114,0.05394176310434016,0.003078149219419201,0.012778014418099573,0.0003753907251837242,0.11582079026518832,0.006360886077919893,0.012890818586119596,0.0002478252428192195,0.0008013631445602655,0.00010822900318392472,0.011976651282924597,0.00031817855953495576,0.11973270972526535,0.008780644932785117,0.012211409522801168,0.001850937694561988,0.0709780612856243,0.0070661945253889915,0.015528392681682652,0.0008468831554101035,0.6760600093671133,0.0383879974344818,3
6,higher_diversity,1,token_mean,value,2,3,0.158377562383499,0.018761386959033507,0.051308698114931016,0.0008851526380456996,0.01195428585324724,0.0008741134023550439,0.13857497549653414,0.005952193581132632,0.011980923786880945,0.0009190551129045203,0.0007322606754976072,8.153774320683093e-05,0.011222025319567007,0.000835947339314129,0.11689846498616956,0.008847830752898302,0.01183109846094761,0.0017040263395516717,0.0692288175424462,0.002371397681666263,0.015983263891416067,0.0016358367819215016,0.6723898973571654,0.04635120938042716,3
6,higher_diversity,1,token_mean,value,3,3,0.18761875332140318,0.015028239352933442,0.05632495474629514,0.0022475895213837846,0.014075454455091632,0.0004002922660857716,0.15647914093746582,0.023977449722043305,0.014399359185746525,0.0003426419285654393,0.0008582916734942983,3.367654539040464e-05,0.013217162743041461,0.000431225132708712,0.12347220705756946,0.0043160886069655,0.013763053207530011,0.00209751874745604,0.07355845393124526,0.0029490028770489275,0.015304386573420328,0.0015413016153819927,0.697905522375102,0.036169602358920375,3
6,higher_diversity,1,token_mean,value,all,3,0.16955339847200837,0.015128414345348408,0.04269013795229478,0.001201333763547825,0.016510483667253294,0.0004543342552582691,1.2764618461213095,0.013865292340067581,0.016703563810711756,0.00042704400543247854,0.0007478260725320346,1.1012026558048747e-05,0.01576265756210143,0.00046484546143809414,0.17638350144531756,0.008882486278064093,0.02114367279574178,0.0007580804465871142,0.06746274973401067,0.0014001911620499046,0.015965207804445967,0.001270126935010196,0.7472050829248458,0.01797538692973434,3
6,higher_diversity,2,cls,key,0,3,1.0299589360627397,0.0767384290244031,0.8545126766005994,0.021147285142706966,0.6077467544850726,0.025157159389611567,1.2393746864664272,0.05062770149709111,0.6192281372371982,0.04674338277532922,0.03434758425944231,0.0034678662335079578,0.573399173490929,0.027585855055491156,0.24593081459194224,0.012903896467575952,0.29424034491745754,0.010778514380893457,1.0278916663474003,0.03367088004613854,0.05502988437585759,0.010441094758439972,0.1660760856684571,0.08603068142573422,3
6,higher_diversity,2,cls,key,1,3,0.98715352457466,0.2052640606681974,0.8473146706326723,0.1286847815093878,0.6051387166591052,0.17783284797802845,1.237975078350572,0.0341385449314787,0.610465061766137,0.19348370223258804,0.031135359553225116,0.006262201015269763,0.5740033496509899,0.17159322523684828,0.24333382738051038,0.026876582121711658,0.32172869858772746,0.12025586483335679,0.9956407704453575,0.17207365073379247,0.060499978167089546,0.0195435759951775,0.13341791409539847,0.06356392486362937,3
6,higher_diversity,2,cls,key,2,3,1.0189696081766189,0.16623737818613604,0.8622229664309757,0.05741425396949664,0.623051834239059,0.09246933286294134,1.2371192221517078,0.049078304790117086,0.634730110835016,0.11847903348066371,0.03160166363655167,0.003975488480802818,0.591450183229013,0.08878066248610865,0.25015312736951545,0.018257612695851026,0.31836728615720317,0.05526721413581883,1.0309866251817759,0.08138520123869634,0.06402887844226578,0.016365792565552643,0.14413260592363042,0.08925726390290356,3
6,higher_diversity,2,cls,key,3,3,1.0086214296735876,0.15899786561192672,0.8132124850952097,0.036389106134449005,0.5610917460748803,0.0951760607608123,1.2394368413428636,0.04806535301798972,0.5784964320476568,0.12060847483486299,0.03332478351270159,0.008483902567169316,0.5277669560728651,0.08904090611840547,0.23789249649436703,0.022405755364229316,0.2879390608332179,0.06543074349070242,0.9944933507948474,0.06921525190956919,0.06174470896296428,0.016128183987836622,0.18301784921670763,0.1020199436450581,3
6,higher_diversity,2,cls,key,all,3,1.0090984312344522,0.1550664759179175,0.8408826515857912,0.0525574608904714,0.6749973147322382,0.10768640248692975,1.6939982328331726,0.028199544452346934,0.6992849257149434,0.13909890496472213,0.031881418177914435,0.004291843879533349,0.6431159015857811,0.10405089998881152,0.27282787700990324,0.022521133374649376,0.3833214171358473,0.06797903203195071,1.025818040770363,0.07990071180417978,0.06032586300914938,0.014705283485355844,0.15799323773469132,0.0850891725891447,3
6,higher_diversity,2,cls,query,0,3,1.0007369293011823,0.12746745068766105,0.8242694382312109,0.013736879070688527,0.5808765602515589,0.05435381357502036,1.2227333635191926,0.03936489033415128,0.6029421407635724,0.08949587572981424,0.02951794607339032,0.004683371738789818,0.5513586221319257,0.053022915395788676,0.24537172203587573,0.018249657491039538,0.2786099287494006,0.044921741079464096,0.9508153667716536,0.01224262774877086,0.06422705908842159,0.01869686785716328,0.16792804308150874,0.09904352878562575,3
6,higher_diversity,2,cls,query,1,3,1.025032333191517,0.13935680101666378,0.8325827825605941,0.04324480676137501,0.5739163379425886,0.05862101177803626,1.2245998275515968,0.04963487836124437,0.5921123382708011,0.0929740541648735,0.032206301986606733,0.002789594265173005,0.5417100349158952,0.06002181946500065,0.2419443073181934,0.01891512063877379,0.2789363476568098,0.01831286998865652,1.0122672216378625,0.054964071463311136,0.06594117200284293,0.012452129377644807,0.17847837597280378,0.1137644960849619,3
6,higher_diversity,2,cls,query,2,3,0.981651730483167,0.09597465582671613,0.8399954468835208,0.008355941673710409,0.6242398104605965,0.030022728016348203,1.2245642933907865,0.07187430136953132,0.6272350498625457,0.046723886149400755,0.03557543157402313,0.005342411915005705,0.5886643772775476,0.025147944280742244,0.2550137913440566,0.011604696016887617,0.30669038632668727,0.01747188394169403,1.0174771612650984,0.005314800324943618,0.06333934809222365,0.01660874105371758,0.1390705480841646,0.0810002722127801,3
6,higher_diversity,2,cls,query,3,3,1.0124130170406218,0.16825489947457956,0.8279951379081831,0.05349465968098383,0.5872889436766304,0.04922926655585324,1.239454701268156,0.06356644181727156,0.6069523455724495,0.07477404239174183,0.027846554795167216,0.004618434945069802,0.5594423869342515,0.044676196787953704,0.24398458329655195,0.007922648003195167,0.29708334944660636,0.03435563413002905,0.9752523124261421,0.02677465026971021,0.06432266894615059,0.01445666756935916,0.1717712677422166,0.09433156744705691,3
6,higher_diversity,2,cls,query,all,3,1.006679122445904,0.13240229021772068,0.8302148829237842,0.017090442872387684,0.6663896278957746,0.05371207203360524,1.6917913584958597,0.024623689572863497,0.6904189767015918,0.0867190606320778,0.03130458575447626,0.003185486521882652,0.635085047194452,0.051356545041961285,0.2752817256423456,0.015527476388780444,0.37535255571664056,0.03044136912343017,1.0069691076029905,0.01611597827608079,0.0644575617078579,0.015425581411157697,0.16673245070007325,0.09848438958902189,3
6,higher_diversity,2,cls,value,0,3,1.0229613241581572,0.12305859912212071,0.8549840825223295,0.0030167892202082706,0.6136187623716057,0.016051755818264776,1.237013653956419,0.045604443903694426,0.6232388317255763,0.04418615743970762,0.03437088250013238,0.0047708471943809045,0.5792478941606752,0.012890997293815903,0.24475583059876774,0.008525467431381809,0.30375031904643834,0.028492698633742538,1.006682335132117,0.0572007782733184,0.05705091684605137,0.007629903134314957,0.15581544720692983,0.10504227017167107,3
6,higher_diversity,2,cls,value,1,3,0.929478502316687,0.11771917175277656,0.8068727185024823,0.044186169255316106,0.5269236270132814,0.09486678547549801,1.2411882507530299,0.04888426775835187,0.5279988060764658,0.10984578264775748,0.030753677929610465,0.006621430030489718,0.4961699432495868,0.08934603276005938,0.23386618989615593,0.0194838683164255,0.2528452059886264,0.029706306279691983,0.9370953053274215,0.04620299206412348,0.06515515714206478,0.018885480718034368,0.12617996717542748,0.06943499466657232,3
6,higher_diversity,2,cls,value,2,3,1.0296379028741514,0.10568874090606209,0.8882724301390496,0.025323773890041208,0.6611076235291082,0.0448275071921203,1.2195515406551545,0.029329835226984787,0.6657039565334547,0.0642386811152895,0.03446494600255832,0.002738450933415592,0.626642672401486,0.04408560569603636,0.2511648463947102,0.010492817894051352,0.3479965126561768,0.0534391567311922,1.0879137653825648,0.0472866008008427,0.054327394643967804,0.010583221358940867,0.13268196179717082,0.06757118607286383,3
6,higher_diversity,2,cls,value,3,3,1.009258950948214,0.16400658263853338,0.8405271506930211,0.05593166171901917,0.6129161512656,0.09564439501033437,1.2471991623460796,0.0048120604823725785,0.643244892395296,0.1346473358836416,0.03177217530989737,0.0036164425615834847,0.5811439734516722,0.09209827902279939,0.24941662537489953,0.023476146001905104,0.30680191452873723,0.05390340397298672,0.9701924180763856,0.06289950671189024,0.056990147483619774,0.016075810603431936,0.15732132105545757,0.09178276197776883,3
6,higher_diversity,2,cls,value,all,3,0.995105131109109,0.12905461448407324,0.8440106352596817,0.029336026062195195,0.6687272214565417,0.06859304137098578,1.6893944870035638,0.02915732874835229,0.6889120794207276,0.10030823010325565,0.03232602865406961,0.0038446510261571933,0.6364011895475966,0.06529233323900561,0.2708056749135892,0.018423074462851106,0.36823963449091507,0.03222485035452193,1.0112538809655638,0.026953037546628825,0.05838090345037705,0.013175802011643162,0.14444521525199205,0.08559026087038149,3
6,higher_diversity,2,token_mean,key,0,3,0.18333128422215564,0.008550606747581038,0.09267741859743804,0.0086343890593145,0.035663595793412224,0.004386463607953657,0.24397086360437914,0.03812172063338487,0.03481173452360214,0.004780897014939635,0.0022967298652722752,0.00022911504774981648,0.03336686598645015,0.004274999163236443,0.15083412428008933,0.0015014933558724275,0.02025679237544505,0.001176743687934361,0.10392860446023415,0.010234398703159992,0.025224767681775673,0.0022593278945172005,0.4932262482064689,0.059405084472395314,3
6,higher_diversity,2,token_mean,key,1,3,0.18997175254171064,0.01302523080471891,0.09538812964644883,0.006686302888641708,0.036324014525649685,0.002367817855288984,0.25716651631669657,0.04630613881401635,0.035121385642404884,0.00219807689184048,0.002481130932485967,0.00038669671819328887,0.033842883637231404,0.00223075497050013,0.15143055939945607,0.0038565129074255534,0.020152530039123182,0.0021839030842755757,0.1105131722810047,0.004514991693205334,0.025510692460970444,0.002837495124773854,0.49522829363635473,0.06480241525308404,3
6,higher_diversity,2,token_mean,key,2,3,0.22507152321429025,0.03114172765280626,0.10139166854763104,0.0127038055331051,0.03897765945278753,0.009949872534209809,0.2815538219568476,0.058018078805483965,0.03781825205466932,0.009934522469372981,0.002817151570607993,0.0007384770028951235,0.036160507860283055,0.009258694147741,0.15236965845065487,0.012016648005359598,0.020366730156464074,0.004732853282720492,0.119869660019718,0.012082934997652192,0.025345083580098373,0.001145321271404188,0.5489410752444219,0.007418488193308354,3
6,higher_diversity,2,token_mean,key,3,3,0.1918925025100111,0.012413055537986809,0.09043638690655786,0.006726321208846094,0.03589422256637487,0.0015708035107621602,0.2639882519960246,0.06649089257961543,0.03517907535108423,0.0018633063077916504,0.0024034783462852692,0.00026663112240682147,0.03349074484272437,0.001329870335323073,0.15501516973007087,0.00469287654084957,0.020456076393643923,0.002516421410918989,0.1040791667791691,0.007044405724417302,0.02622331520824721,0.002286307122954691,0.5287779325046312,0.014067428602222482,3
6,higher_diversity,2,token_mean,key,all,3,0.19721623818080758,0.008458674624210556,0.08974318921084258,0.008510694247808781,0.06512491120591359,0.0055422074991222925,1.3300287185481399,0.020484241462932797,0.06500476036993529,0.005818930262034507,0.002827166165154653,0.00029527347482807413,0.06229774541024005,0.00529338775643993,0.2639722437338266,0.00647357256875817,0.040516512896708164,0.0018980197220809449,0.11345889405126046,0.005634309111007084,0.02557596437294375,0.0017515813184504775,0.5454138932584155,0.028535753530386627,3
6,higher_diversity,2,token_mean,query,0,3,0.21353980227944616,0.027558716798576147,0.1028316397510564,0.01273032490043239,0.04325548334501414,0.007401522355624645,0.2812588852801981,0.03192755766199167,0.042349817735199614,0.007098528781558833,0.0028833521214299694,0.0006463869737471861,0.04037213119480646,0.00675562632113701,0.16051219275796866,0.0017394870212843506,0.02298481845977839,0.001683097815409635,0.12225036844855021,0.013701610739591901,0.02235952725238872,0.001871252287309878,0.5174248392789537,0.03749627216310969,3
6,higher_diversity,2,token_mean,query,1,3,0.20477859323118572,0.028835517438281555,0.09489276774527954,0.01993203850731595,0.03672763475638239,0.0099495398048379,0.2525587990649349,0.02934753715387606,0.036229505674765135,0.009115252930335941,0.0024803839509276618,0.0008644787119346835,0.03424725125571995,0.009100620733914721,0.15005950035998708,0.006046331529564536,0.01966570616064041,0.004207888214983648,0.11047200304843781,0.020282804786084036,0.024997461530746837,0.002200347730124546,0.538499189735051,0.05128820969128386,3
6,higher_diversity,2,token_mean,query,2,3,0.20437045425363787,0.023842686431467194,0.09084327865760196,0.015765940397221415,0.035571906569440995,0.0062907039396904825,0.2535190236373509,0.04724503320968404,0.03486128489851557,0.006474933080335895,0.002413545325962883,0.0003087629533516813,0.03315836071234309,0.0060620141380882285,0.15489247345593668,0.005182965016384679,0.01898281316184446,0.004690266162978908,0.10542258888463109,0.013366348473053296,0.02572628982703794,0.001189763815390338,0.5570948743519325,0.031031825771089382,3
6,higher_diversity,2,token_mean,query,3,3,0.21472476024453288,0.01257527664064786,0.09569407791440693,0.01132996563705605,0.0386596429508906,0.0058431021965613455,0.24289697956619286,0.013676092562450066,0.0384031072507021,0.006338288773294452,0.0024904100062099824,0.00010008752484110102,0.036169232546605846,0.005744130657357157,0.15483636083400867,0.000964407892854731,0.021863301096023528,0.0014441974373630999,0.11486093040563349,0.010186040956060564,0.02389348408376629,0.00036302866385148354,0.5553795883401791,0.0271196618571305,3
6,higher_diversity,2,token_mean,query,all,3,0.20949854458584694,0.021349547321435944,0.09118250213943807,0.015680482362495064,0.06847583600613005,0.012922242600124744,1.332035634908607,0.02164989833057705,0.06883532032111643,0.013289407342996398,0.0028246100286416936,0.0005510410442140981,0.06565122611143372,0.012384287304705657,0.2696335928048865,0.0007846294063135751,0.04166608452794269,0.0055006638766159285,0.11744404539260506,0.015609431111038652,0.024244190560597362,0.00045782297095604363,0.5667990465141345,0.03130967308623976,3
6,higher_diversity,2,token_mean,value,0,3,0.21198280253856996,0.011572996502116406,0.0938732857168632,0.005012836852494111,0.03739619721136481,0.002662163508785579,0.2542382809303656,0.030556758084698,0.03684090278132409,0.0027370320690933547,0.0023089413774538443,0.0002867046717221576,0.035087255563474064,0.0025587112006734557,0.15757010451049774,0.00613255327480425,0.019047531060592145,0.0006569468844808244,0.10617383154949207,0.0054784625528454985,0.025043417756078823,0.0028922146411521554,0.5571091677213681,0.007685425981839357,3
6,higher_diversity,2,token_mean,value,1,3,0.19362006883216062,0.014700850585570845,0.09384728392806548,0.010773959653270099,0.035449240634985675,0.006104848613142218,0.2681628426897798,0.049690981649401805,0.035027611183160196,0.005713165542136276,0.0022223178433099142,0.000514707443838147,0.0332269230998601,0.005683954146964186,0.1476591912534352,0.0069262623188528095,0.018518080264635552,0.0008034634912044038,0.10814192091646711,0.0086046692160605,0.025967180587802872,0.0020052404452471167,0.5157814211899524,0.030206145744225147,3
6,higher_diversity,2,token_mean,value,2,3,0.19933998004358047,0.011088405644317203,0.0946018609099718,0.008586632585298327,0.0381954998445752,0.0039201396329380765,0.2784474981320238,0.02159741693730643,0.03730656114145078,0.004026581214186075,0.0023751102818289037,0.00040124407239427236,0.03582038916647434,0.0035676078371112943,0.15596827898189666,0.00210222815789708,0.021214252764149455,0.004347019919003988,0.10984220129575169,0.007753969435611988,0.024728615598922424,0.0021484861524432106,0.5245727025300286,0.047434558084944976,3
6,higher_diversity,2,token_mean,value,3,3,0.2376341057380729,0.03041537280360835,0.10208062709010297,0.01210501145413866,0.041857859638338046,0.01136213568995093,0.27960059335495935,0.06740653194251774,0.04139697012649745,0.011634335530708407,0.002715911982566908,0.0005656044863788145,0.03914194779865669,0.01079820588130318,0.15551338959632602,0.011256525582434338,0.022592643570199328,0.003290544019987515,0.11621791399302017,0.01231772966600993,0.022765352955144463,0.0017547756610270468,0.569267083951506,0.030137994057996758,3
6,higher_diversity,2,token_mean,value,all,3,0.20992669836269026,0.010898565765428088,0.091462500058475,0.008473599680350068,0.06541921180964434,0.006418559842416009,1.3380667125721064,0.01877608484115974,0.06548786862943105,0.006395446340777068,0.002678046553311023,0.00036267058740411265,0.06274116479537704,0.0060828364339633265,0.2599607534105983,0.004467423260714209,0.03867927752252341,0.001991199838878836,0.11407863490974356,0.008015304255172832,0.024626141865596626,0.00174133306407814,0.5648221253555654,0.020281962211136765,3
6,higher_diversity,3,cls,key,0,3,1.1283801889546483,0.069544419749967,0.775883178937747,0.05651900060675128,0.5635554657732066,0.027785853452463184,1.1818682855820102,0.0535647627733567,0.648612174424002,0.046286677381859105,0.033465593453553134,0.00484883219530702,0.5300898705468033,0.02948358448110544,0.24215854041704563,0.016892830307504204,0.24501000635228265,0.014890409069609157,0.9448637617398986,0.07860207198921566,0.17322639059839826,0.04486083665701079,0.30910447669870594,0.08738968423137777,3
6,higher_diversity,3,cls,key,1,3,1.0988903231908589,0.047337086012822716,0.798303791783446,0.029132759018109106,0.6131329077657176,0.0040215321668905,1.1822599849909876,0.022741288568069663,0.6964695628278824,0.030432630769302603,0.0263201432076819,0.001156543824681873,0.5868127639546539,0.003342516196998766,0.25370787773007003,0.012665584915020778,0.2659983863315111,0.03055965025411206,0.9266441301125323,0.024701268879505626,0.1580407569805781,0.030246109404898355,0.27222696214666514,0.05142694726582477,3
6,higher_diversity,3,cls,key,2,3,1.0928150600031223,0.08503096250914495,0.7860560561463193,0.04562622758720765,0.5596282764230364,0.036042515312156374,1.1660667446830588,0.022493226369699595,0.6196423991318004,0.06820361357550199,0.027550600800719676,0.004902009820533994,0.5320776773221566,0.03729121384420175,0.24165336714498195,0.021704941048010035,0.24557627095307058,0.01408966616147857,0.9459433868865865,0.051795760618995906,0.1810949697639003,0.03578556740143406,0.2768024569580069,0.08589046668534547,3
6,higher_diversity,3,cls,key,3,3,1.1232843044187792,0.11281142712592443,0.7482789187092281,0.05429896810743581,0.5510954871856254,0.051205599315283,1.1797134473154363,0.05065564950360384,0.6346013121104552,0.06887725949454063,0.028771861639776918,0.0027775056222967345,0.5223236242026994,0.04967691018211779,0.24829354108928672,0.020298702918964764,0.27248861760974474,0.05725901869742527,0.9037950212168786,0.031451486404300205,0.17600906640291214,0.044266768642850673,0.3286814360122622,0.0932847094069054,3
6,higher_diversity,3,cls,key,all,3,1.1146460477907827,0.07106094599129793,0.7812917167216846,0.04599855446223851,0.6715850649355563,0.03739545698133572,1.6948345278799926,0.019556567097603346,0.7703184636125756,0.052334664182269064,0.02924576006603963,0.0037593616740147252,0.6423393063472979,0.036184184217639574,0.28516274794153473,0.01812223699658712,0.33863259659304795,0.019560544437558565,0.9566011601294462,0.0386658588839619,0.17209279627510995,0.03874263099831566,0.2958834145685845,0.08155134857416434,3
6,higher_diversity,3,cls,query,0,3,1.056216047124903,0.12394319981139419,0.7130690145650074,0.033975167248817946,0.49246657017742956,0.037847274829341415,1.1823745483330619,0.025712140094504937,0.5682649094804187,0.0916594465530927,0.028842818641075584,0.0028201864823993034,0.4636237512935291,0.03791214911370239,0.2356017847540938,0.029582818781084007,0.22869839362093017,0.040172264393428504,0.8552662289544074,0.0676096245448191,0.21769448324586405,0.05251274568243333,0.31634633898580555,0.11247188881853916,3
6,higher_diversity,3,cls,query,1,3,1.1363583052401711,0.1295527788052968,0.7338980185828619,0.04438229905252069,0.5195180138264147,0.023538035791752985,1.184607377580674,0.028876537334803953,0.603336304935847,0.07473938627663701,0.029995300482507006,0.003163500125469293,0.48952272398905317,0.026700202921751494,0.2387965448400399,0.023521433224821368,0.21817882094332308,0.02872015041479693,0.8962888288403122,0.07232598371514665,0.22010213204405527,0.04709864173706338,0.34538260559650197,0.11751688694932527,3
6,higher_diversity,3,cls,query,2,3,1.059582337720718,0.10654807863225116,0.748613253688846,0.05729929440165133,0.5427341287680704,0.05976263888569184,1.1853911050720696,0.054577982701198846,0.6096472040778029,0.09034372724147184,0.03284366540328571,0.004478990647495566,0.5098904673800324,0.055676768226046454,0.24497588672660886,0.02057769215585644,0.2325040930607026,0.017114947468990983,0.8960775338333725,0.08302937172803049,0.2016905227845365,0.05291514943061353,0.2909066091524549,0.06046873790806906,3
6,higher_diversity,3,cls,query,3,3,1.0521923361870609,0.11513463418339295,0.7154870932087518,0.04185741846769397,0.5071312234558584,0.06268739409059007,1.2069257921711272,0.03643876240456177,0.5708997284332199,0.09705712943044356,0.028524707523033474,0.008713611525604993,0.4786065157615777,0.054415579599528356,0.24132082628679882,0.019943419277687804,0.20933163423411572,0.017269406855091592,0.8345473851679118,0.09839926039284655,0.21902018582279034,0.05786899431948544,0.3154882032841079,0.07493711498415773,3
6,higher_diversity,3,cls,query,all,3,1.0777415596990398,0.11318038320235604,0.7317419974785849,0.043070846009786716,0.5984925048827813,0.0542054176985273,1.690863900884626,0.015158055939785952,0.6871281753374094,0.09203509548524094,0.02900096697902137,0.0030925611575421132,0.5694915408437903,0.05174794870717059,0.2756727304455601,0.026260882055915223,0.301008686807942,0.033869175088934646,0.8921050241342924,0.0883962647766912,0.21462683402227634,0.05056212104601228,0.31531991973756757,0.092987589435968,3
6,higher_diversity,3,cls,value,0,3,1.0815480629856424,0.06493424697028732,0.7718437824953068,0.09831790964550487,0.5648509995257357,0.07429487899967094,1.175344354658625,0.028865945739906793,0.6162154733062267,0.05488216220468711,0.027990385480789526,0.0039088191907885985,0.536860608241775,0.07050439312462875,0.24358764242558384,0.006592557767254521,0.26063646460577733,0.008980131027229676,0.9115966968727586,0.12310105970679588,0.16793003926674524,0.028754929648673225,0.2840938842032787,0.10815610142395324,3
6,higher_diversity,3,cls,value,1,3,1.043277296055292,0.08485137570745001,0.7609653521031837,0.028912376355208172,0.5499936013419626,0.08843119010787168,1.1892297334525483,0.03679777318520033,0.6265817145736393,0.13359015894299903,0.02902853016205358,0.00431494726503888,0.5209650672746426,0.08501283881777141,0.24287044963778062,0.029162596927183388,0.2566273305727947,0.036744454888524195,0.8993292775701914,0.0441328961965351,0.1751273527289882,0.05029877287753506,0.26770722183390966,0.060016347046497956,3
6,higher_diversity,3,cls,value,2,3,1.0974911639530462,0.043413216516304746,0.8077979188234549,0.03635883628522886,0.6186061356962843,0.015869163013660748,1.1614651262708984,0.022885540791856302,0.6855529610560941,0.052779386539477675,0.033322879847026234,0.005172768598407454,0.5852832595507304,0.01985312076506441,0.25412669197694143,0.017602062070408726,0.2800476814531585,0.017741248807146417,0.9869537799689638,0.06426145065648747,0.1502455813866673,0.02448412136175624,0.26230122727767285,0.06319925690715772,3
6,higher_diversity,3,cls,value,3,3,1.109877795430003,0.09538980267603636,0.7846264356715285,0.025306440495982525,0.5986386317403202,0.06688169338390808,1.2204048119660433,0.027537147213036788,0.6672208587826999,0.11093525340079163,0.031786830333823506,0.0009907566422998027,0.5668517983320988,0.06773752599762019,0.2542585533561466,0.027910491652877126,0.27133559519383454,0.046405697987749746,0.9247708783477836,0.018210392652615728,0.16268380934541873,0.042254221477381906,0.2887502887552556,0.07811042834875029,3
6,higher_diversity,3,cls,value,all,3,1.0824860870952044,0.07081595686864782,0.7824803029915754,0.03946582154552069,0.6671486438147518,0.04037090740352919,1.686387291238155,0.0246313193957984,0.749396089766193,0.06582514705941059,0.03029996585665327,0.0029388874664624583,0.6368486781915029,0.04083989319444961,0.2834998093269608,0.021284450309090378,0.34209017530986713,0.018323924830617434,0.9501367894407265,0.06186900286421279,0.16399669805259418,0.034489708343644655,0.27410718505417053,0.07687154758132915,3
6,higher_diversity,3,token_mean,key,0,3,0.24429938792858322,0.0094585846247797,0.12918326975924302,0.01440206377824807,0.051460359772738135,0.012053487640105323,0.3392112944512952,0.0751775952032341,0.04976604756387202,0.012405603428007226,0.003960164013375162,0.000693413054116672,0.047500196054126274,0.011531520761692721,0.1450791380433982,0.009548787351387358,0.026179112742627093,0.003783908991807462,0.13917856232952577,0.02039763907650125,0.038413591400691956,0.0025835960067784464,0.4710254587399508,0.05663326631822275,3
6,higher_diversity,3,token_mean,key,1,3,0.230083230055348,0.01225184658106387,0.12447045111491511,0.007855001509273467,0.049399859734753686,0.007655918844578487,0.3304433939752561,0.06656822849776058,0.04763663789035629,0.005860857472392829,0.003731967636144184,0.0012702279575498511,0.045667892124390964,0.006385880554318881,0.14800673841562684,0.011641385896482045,0.025107324418054616,0.0017507395310395351,0.13500857801460023,0.004940518166295487,0.040814230952299003,0.0057454234759214936,0.4574436086317036,0.054870798069926605,3
6,higher_diversity,3,token_mean,key,2,3,0.2382703044069031,0.03236590385656094,0.1286283472180468,0.024486376627846765,0.04798123305889462,0.012337731995963034,0.3275905877775591,0.07758329752616212,0.04600584306071585,0.011815389485357061,0.0037371686846723387,0.001122889106431912,0.044244063510136176,0.01121497749246105,0.140518683668811,0.004706618645915797,0.022354353468610037,0.007052980587230987,0.1415906331630984,0.0262435065191425,0.041992082853208886,0.007112206828089892,0.4623752844668417,0.03346289087906316,3
6,higher_diversity,3,token_mean,key,3,3,0.2137776053711921,0.025400551325124383,0.11565260415643097,0.017551705784816372,0.04497204388249707,0.006626131655790161,0.36564829787270475,0.09870193404452136,0.04369736354792771,0.00693427729988817,0.0033134330032308667,0.0006298605301417596,0.04165861092394952,0.006075007562767177,0.14627780213251235,0.007459481557762156,0.022793714092690542,0.0035665003647665783,0.12030680391392584,0.02209229700777421,0.043829936534166336,0.0014830872600327966,0.4603501377549308,0.018347844778800866,3
6,higher_diversity,3,token_mean,key,all,3,0.2306193552412362,0.014206154416272486,0.12273154166144039,0.015306933563939026,0.08475119254182462,0.011411893332566826,1.3945689752392472,0.018140911664872052,0.08401081781882501,0.01084119928109461,0.004197469030535131,0.0010048613080718078,0.08055372344273509,0.010409026090809863,0.24415339455730087,0.006457851299254018,0.04759565525058707,0.004443749408748098,0.14193372430367043,0.017924250534310064,0.04126246064675576,0.0036187954854689256,0.46897612147738554,0.0366791789495914,3
6,higher_diversity,3,token_mean,query,0,3,0.24805286858763184,0.02058705613396649,0.1247509280685189,0.01785936274890277,0.04686915638220065,0.006611266000838248,0.3303126091661693,0.03370404087666667,0.04541678750728803,0.006405246527867795,0.003523209343036411,0.00028610704222896427,0.043345947383028084,0.00632527540349675,0.14096248950391824,0.0048820833262066725,0.022384597014067368,0.003542163333926995,0.13066943017751423,0.026342532200134775,0.04472954012453556,0.003504122093154537,0.49854194259670254,0.032999292223824146,3
6,higher_diversity,3,token_mean,query,1,3,0.2509429127391222,0.017742329907823776,0.1198543986935805,0.01980505669665951,0.04108638132830478,0.006541581970168086,0.3236550768520152,0.0688538448893193,0.039849526837863136,0.005725179602636147,0.003318437629125335,0.0010978352205946891,0.037767943502827125,0.005513125740584387,0.1304464896375417,0.008221161453511233,0.02077266602073262,0.0017574165604704527,0.12216371397195501,0.018598429129522857,0.04990347694944252,0.008543366715321115,0.5229736135371655,0.06209897170740714,3
6,higher_diversity,3,token_mean,query,2,3,0.25253120546995367,0.03329561333516746,0.11849002322606257,0.015535157134242635,0.04392467545263983,0.0053867467829431664,0.357427296068952,0.06880458476995858,0.04272590544823706,0.0054626019850743,0.003208517389738876,0.0004995257234006402,0.04071615780280395,0.00503409071439432,0.14026030816590082,0.002020064862054709,0.020811212289712475,0.002101510528748741,0.12429719418657921,0.008006415737555183,0.04647602993204738,0.005484982500752123,0.5262320257294516,0.07542029039733575,3
6,higher_diversity,3,token_mean,query,3,3,0.2571807457206661,0.028171108956501715,0.11946884453920033,0.015511805028517756,0.045112085385046304,0.0054556671884786806,0.3322354045384821,0.04512092468516053,0.04363191461064281,0.004937139462290794,0.0035490558189904373,0.0009269258100014188,0.04156302988077656,0.004533152275814755,0.14062123344102817,0.004344094017277094,0.022222094937878318,0.0035010054355130433,0.12841265781691205,0.014754206070228478,0.0455538688058203,0.003865160618399231,0.5356277128818115,0.027867367868470234,3
6,higher_diversity,3,token_mean,query,all,3,0.2521445680999433,0.01996451226984364,0.12005575155884946,0.01766968689814846,0.07548453680975732,0.0074098265301249895,1.3981600341322065,0.01395721253944656,0.07512226318884442,0.006589567228034163,0.0038415555503558026,0.0008104099511680187,0.07164298212437918,0.006605035695429761,0.2287583721939371,0.012402916012128916,0.04246062306429533,0.0037582363583719457,0.13383305584821206,0.01722981322117512,0.046665728487300155,0.0051751547267314835,0.5244847505588699,0.04833723771587271,3
6,higher_diversity,3,token_mean,value,0,3,0.2238752886842719,0.002054281697858295,0.11299366647570756,0.011198332626336962,0.0419587578014092,0.008236313552660234,0.3460079729512773,0.04594438260262595,0.04083473417684296,0.007146591667284837,0.002977585139557381,0.0008728084091860266,0.03898117251016877,0.007373688666935173,0.14156973134350986,0.00706185729183653,0.019735034980356125,0.004094173344521345,0.11755039695100696,0.017614434429683738,0.046086761874682976,0.0068302480774120366,0.4954690267866102,0.04686190240159278,3
6,higher_diversity,3,token_mean,value,1,3,0.2151748672718686,0.023104509167981256,0.11211904064542651,0.016285749270298796,0.03877407295459926,0.005322854049928932,0.34368707018361494,0.06891017129913236,0.03725803571483283,0.005247640434015893,0.0031935253663863423,0.0006896200616566503,0.03558054747003497,0.0046964614490720355,0.13428641712836517,0.00637222312269027,0.017154440407907496,0.003278470832343538,0.11462542521662422,0.015097864426161404,0.0486156212899721,0.004996265443449996,0.4802209212986713,0.020718565565966872,3
6,higher_diversity,3,token_mean,value,2,3,0.23148465437729449,0.012854587808629385,0.12340500457781999,0.019905301196539733,0.047823133291124274,0.013179444597383225,0.33934714589470544,0.05897457490604891,0.04646564407616216,0.012632651522267552,0.003449791285675019,0.0007073355806130981,0.04437334129981923,0.012480606598007659,0.14464219050945726,0.009718326702012281,0.022839131682563813,0.008017894010490374,0.13060820984325877,0.02493743141644903,0.039891074552680504,0.008048033738438638,0.4639417862664783,0.10751055781662636,3
6,higher_diversity,3,token_mean,value,3,3,0.24178588622598882,0.005661294204121471,0.11986687663335029,0.01341666237036182,0.04250030464082075,0.005021896986881569,0.3619387820850311,0.07342118380510708,0.04103165875047208,0.004258615215622963,0.003515818436757069,0.0005446954759656651,0.03898448632522062,0.004607704274032018,0.1376821115056737,0.003564958138911707,0.02028770595877885,0.0024525573374123,0.12050027022911586,0.013538413557717904,0.04440146904777397,0.004857944941822387,0.5046651769445805,0.04751087627405812,3
6,higher_diversity,3,token_mean,value,all,3,0.2280732490209798,0.006578910691695931,0.11596338817608028,0.014756522248116305,0.07309625642733457,0.009147570006787288,1.396735194327815,0.02020302839909532,0.07270089411911879,0.00835966891206309,0.0036421279408827873,0.000603089965929879,0.06945413023684964,0.008545456316890578,0.23184496797567858,0.010320333361711453,0.03877542118328633,0.005885391149533074,0.12742378996402257,0.017091828634537162,0.04474873101395188,0.005462473913436551,0.4924617698967719,0.0498998358853899,3
6,higher_diversity,4,cls,key,0,3,1.1805067325486267,0.13463673792604494,0.7511759044204154,0.061385107697502446,0.5929202973966001,0.03535614863204801,1.1494865764409843,0.039347576367189094,0.7061184942889401,0.08286460137475442,0.035393447459985815,0.005850246561560665,0.5575268530484402,0.03557953142966745,0.2535431288934058,0.015787389503360408,0.2651510553259419,0.014878985072304398,0.9480789856733237,0.0611382330689774,0.27293365380980755,0.03554357208062726,0.357416242595463,0.0954307019148528,3
6,higher_diversity,4,cls,key,1,3,1.1236945181455806,0.03823425802965916,0.7654666924796837,0.034041596983081145,0.5844147729105776,0.008655255318869553,1.1575235864248423,0.02920558921891382,0.6949069842326719,0.06493357919302076,0.03768990115460122,0.01207557747944869,0.5467248793804284,0.015489324656932998,0.24948312327295222,0.01622428466426865,0.23878063120561968,0.05287233441622052,0.9061138042922893,0.055473507237657003,0.25325722405404755,0.024340754568142907,0.31758488836088916,0.053437283105377126,3
6,higher_diversity,4,cls,key,2,3,1.1499201220077646,0.05772848058047048,0.7846562792810124,0.046344755863026804,0.5866319149340686,0.004353011670708025,1.1673533396746933,0.013726453183148827,0.6778947763355703,0.07590254496329556,0.03317132826442971,0.012047335486856964,0.5534605867031849,0.008244018578635246,0.2444142647570119,0.015150039997713438,0.2674024188847229,0.04775559989837671,0.9795726150183269,0.03527136966921437,0.2790744963920478,0.0158489511517536,0.3152096738850359,0.07394079630825444,3
6,higher_diversity,4,cls,key,3,3,1.178392076866552,0.08324223684758608,0.7316810141509139,0.05842425097813897,0.5501997906082398,0.038781125460253044,1.1711916302885352,0.02296963880920491,0.6611445091213856,0.09484192824384438,0.0315980720615974,0.006298080486080686,0.5186017232410834,0.04177154218823434,0.2458930957519099,0.027182838508921763,0.26268099440260095,0.06718691515971081,0.9167394083358059,0.04553014398505368,0.2886702964703242,0.018911001558633355,0.37473478934255766,0.09435455538802416,3
6,higher_diversity,4,cls,key,all,3,1.163621118113601,0.0749521160262926,0.7672349997617897,0.04881638562048062,0.690463228146962,0.027431419311303034,1.6938238610141785,0.019398161622005416,0.8288742024802499,0.08164681848599771,0.03479178002894376,0.009880686899263939,0.6556714538371925,0.026062732224202505,0.2921881640366357,0.01818165829629103,0.3535845926083145,0.04975182580846285,0.9717549027963962,0.036016651878714376,0.2734839198264209,0.0199161501908346,0.3372918257425215,0.08128366452026174,3
6,higher_diversity,4,cls,query,0,3,1.119955179217709,0.10181268565686057,0.6619885033676352,0.021262099777466494,0.4440445949322323,0.06296035448727463,1.1296608279515719,0.023415163592341914,0.5491110835623253,0.13085836694734923,0.029043012150478633,0.0006785003161403389,0.4150015869826982,0.063635768656889,0.22386981190849978,0.03627037203910673,0.18369710209077397,0.05937885645245095,0.8129873784489522,0.014923144949476665,0.406128551472317,0.03155350834218028,0.4046094198796119,0.07179097877498335,3
6,higher_diversity,4,cls,query,1,3,1.1705460132062033,0.0775809381922677,0.6643442013429541,0.08843947566319248,0.45884465981944506,0.06013262846029706,1.1469635926086186,0.046369818978250675,0.5752009634356854,0.07534208119589086,0.029966517238680157,0.006044941220378889,0.42887814117200446,0.055366903366670564,0.22762309728575125,0.008367435521249517,0.19516315922334773,0.025443477123050267,0.8347576354233016,0.09591752242424767,0.39604680962634814,0.01475691645465223,0.429418828364353,0.09767831883957526,3
6,higher_diversity,4,cls,query,2,3,1.0970522291162295,0.025295360797459164,0.6971432980573363,0.04011654883792182,0.48959346004173065,0.0027809496976799303,1.1306299180179076,0.03979558845654402,0.5770252841919138,0.04311967612549302,0.029290325643325395,0.007295579743209705,0.4603031336358099,0.009856454845419835,0.23219055626875015,0.013722965135822747,0.22039733225176183,0.0439699734859964,0.8495561266734808,0.06686279584803564,0.3721116465149503,0.04924055496126645,0.3637435209232735,0.05142999007530254,3
6,higher_diversity,4,cls,query,3,3,1.0980212461208387,0.04168889862728175,0.6752323503845877,0.029091307109269084,0.47095429834116115,0.052331574646528836,1.1534366615059743,0.01933806165753227,0.5549463844464156,0.08340730813110964,0.03072519088163972,0.006769173993309313,0.4402291043238206,0.054432337573922726,0.2282831637722815,0.02453704009161444,0.1886809453061372,0.0547000924167669,0.8279827715048357,0.03724384266499339,0.3725987654743772,0.06417717380265656,0.3838092109756552,0.04887736014724978,3
6,higher_diversity,4,cls,query,all,3,1.1246423588135714,0.06257773980620901,0.6816480890823522,0.04235215997506229,0.5630288421014835,0.006026554833774908,1.6818747067112458,0.012332238253380786,0.688546822927671,0.06253003788888628,0.030221892125678784,0.006877340201705048,0.5328069514397419,0.011366878164830303,0.27136179903898866,0.018610815443876074,0.2740450478226255,0.05970878838975575,0.858225163001232,0.04134659118299303,0.3867214480132768,0.03375042483562944,0.39149720588062964,0.06833402218176379,3
6,higher_diversity,4,cls,value,0,3,1.1466329074183035,0.03552586230757928,0.7575709959982215,0.08026136760672875,0.5788657574298639,0.06728565217687596,1.1658831908756884,0.04157286272471511,0.6771449517927403,0.07744540931360247,0.03428524055264213,0.008433406337383481,0.5445805164900693,0.061066196447521384,0.24925828134900052,0.010352161681699133,0.2682391452748067,0.03364727581971223,0.9022031799790927,0.0867888901001494,0.25991170063163294,0.033732476058483285,0.33876259785450297,0.07460291257119875,3
6,higher_diversity,4,cls,value,1,3,1.0776044285308095,0.0721145646816702,0.7384282481054848,0.025443307629823806,0.5434987251817366,0.07861407861462388,1.1538957697151953,0.0132406973037998,0.6460612765893609,0.1407683816527931,0.03238513478021504,0.006306593251174475,0.5111135835900451,0.08476929960465018,0.24217771782698813,0.023114569625509493,0.23194850913665863,0.06382240722499467,0.8903914777649738,0.05859525519598422,0.26608420231125574,0.053164225225506734,0.3137063015228006,0.02483591494736539,3
6,higher_diversity,4,cls,value,2,3,1.1412473987424356,0.035577304387844386,0.750945835453717,0.05771066709673838,0.5702305610402955,0.05804825400047977,1.1617013388944497,0.038736856617038,0.652948082883237,0.06383322710060488,0.03327790187022677,0.006755595796760847,0.5369526495536169,0.055439660811008415,0.24804436966897872,0.01422978959691577,0.2580908557679323,0.020948971515326736,0.9370119583742512,0.06454595691679954,0.2533087689768184,0.015617132647365582,0.34154409535191305,0.055580056105338796,3
6,higher_diversity,4,cls,value,3,3,1.1741519985597584,0.08071607521521046,0.759951195111062,0.051622958493272406,0.5862887400335809,0.017748252611721044,1.1743975927596624,0.015274121138338013,0.6942281748331253,0.10550829449107095,0.04104064204588984,0.016877067301124968,0.5452481052189162,0.03455906262619124,0.25284558466815404,0.01883137722801106,0.2491563992028217,0.04609155886930936,0.9346146888676788,0.0644449551866824,0.2510478428818963,0.04486550260903635,0.34887200549715686,0.08715067449297045,3
6,higher_diversity,4,cls,value,all,3,1.1346642226863262,0.0561904788167118,0.759612727391309,0.037364195729110136,0.6795301271833721,0.028874162997844715,1.68990797416972,0.015909244805423377,0.7983643242356404,0.0698675830673672,0.03808315403082154,0.015090420355358364,0.6414469751444729,0.027726588292603972,0.2907620315702123,0.014626830135196186,0.3453166026830324,0.04594756822992491,0.9445951619197004,0.03658115945536487,0.25758812418489746,0.02282371800477868,0.3288348184854431,0.05895988849599757,3
6,higher_diversity,4,token_mean,key,0,3,0.2955507620031725,0.03249750536061426,0.15195486245689038,0.01721411854295945,0.05865669148605504,0.015194051825157772,0.37907903585745956,0.0975904962115577,0.057228046285507116,0.015378822826743037,0.004633614949522202,0.0012408863569219357,0.05402307621570248,0.014081942060042003,0.13971191340703237,0.012103077080444407,0.02678834231488157,0.006357822036234377,0.15593687715914292,0.01972810111685359,0.05968724608872875,0.007431350474096402,0.48441278824996664,0.04629510964608915,3
6,higher_diversity,4,token_mean,key,1,3,0.2721519114352789,0.02344076620268926,0.14310232092555286,0.014947946816238006,0.05287332101221263,0.007654856445226158,0.3960701143869499,0.06530339719908758,0.05136996502186797,0.006959795336517034,0.003968825450900829,0.0009958713832429807,0.048904495144432236,0.006670663816828854,0.13812149579831332,0.005130752180627091,0.024193806995893116,0.0031561924998760316,0.14683268098136784,0.01596737103288497,0.06191921945322643,0.004136162590987507,0.4743091244937457,0.029319293491675932,3
6,higher_diversity,4,token_mean,key,2,3,0.2790637119778932,0.020102075510715134,0.14852753184141698,0.02802342981852966,0.055753918814275445,0.015279100278750683,0.3960621213842849,0.08632321245910798,0.054002507867779576,0.014077496898681919,0.004586770918897607,0.002225654246123349,0.051167147798520156,0.013092500224657903,0.13763893603633026,0.006802954097338495,0.023165455066599363,0.0075925189868696185,0.15007106798758277,0.0335640983080628,0.06648594236960917,0.013441623646037801,0.469707923175476,0.07228276564624957,3
6,higher_diversity,4,token_mean,key,3,3,0.26792783859061514,0.012161025144532994,0.13534161453706736,0.019517654154255867,0.046222917819856955,0.006112682954966298,0.4125521421622238,0.09861688518621127,0.044367477261372856,0.005411696111686574,0.004013963255353949,0.0009566002233457262,0.04220895412744898,0.005416689790043619,0.1316219814651846,0.006550250492463236,0.022937754226746987,0.003687051335239528,0.128265171046273,0.0167004998195518,0.07505225886901219,0.010526392516028915,0.49637576894921115,0.050329067762841594,3
6,higher_diversity,4,token_mean,key,all,3,0.278036368779097,0.013515991226799919,0.1447360286468696,0.018952338595095736,0.09105231797663262,0.0107267136615665,1.4324018758436212,0.026063733681586355,0.09096943906815119,0.00958478808029926,0.004864606785827852,0.001466977970937885,0.08618770923578378,0.00926713104843687,0.22538430286745403,0.007257922081795826,0.04710920552029271,0.00512144188984658,0.1530547633155316,0.01866602751223632,0.06578616713258352,0.005930209600391711,0.4808115615034841,0.04282400920823092,3
6,higher_diversity,4,token_mean,query,0,3,0.2805194843676127,0.03584900743178702,0.12681031904711818,0.015368797117428792,0.0354090967129815,0.0037350483956292238,0.3945275584364983,0.06757427930592755,0.033839359687562375,0.0049278293745908235,0.0034768183205883493,0.0009659837814800836,0.03193227881847909,0.003943294725723917,0.1152944226696619,0.014458573900452593,0.01557058892222783,0.002705533188621812,0.11735930881816552,0.012955099897700871,0.1085712741495985,0.032007946527933935,0.547702832121774,0.004809781588655147,3
6,higher_diversity,4,token_mean,query,1,3,0.2949606831242678,0.022721468259052555,0.13313633919076082,0.017742092595637537,0.038864393854537216,0.006809231215216525,0.3868135854400874,0.07873416016341143,0.03715034911011365,0.005932487007655598,0.004011205386963081,0.001456029890641129,0.03485318863143524,0.005460955378837282,0.11760963554482277,0.009896434390080784,0.01842704166984842,0.0024192544441246767,0.12003460047283387,0.013306706436138696,0.09429050112764041,0.020736720604735453,0.5498925734683532,0.02468341658626943,3
6,higher_diversity,4,token_mean,query,2,3,0.2927436258344428,0.02822009703912584,0.13369282554822334,0.015778213068406786,0.039602639060848564,0.002572784871284266,0.40523785978742927,0.060347931654958255,0.038580488590738614,0.0016977180781180517,0.0033675059147009797,0.0011267040799566004,0.03623513264976668,0.0014734864011073847,0.11950174197531871,0.004382411749210206,0.01724560716773771,0.0015901680501437647,0.12433593121718946,0.007612263589154494,0.09369028912800731,0.012703837073502058,0.5428649935328028,0.03884140849993376,3
6,higher_diversity,4,token_mean,query,3,3,0.2824206585613873,0.026491111694923807,0.1303302150094224,0.010502439629368943,0.04088146808374463,0.0013116250178359446,0.4140388811889116,0.045658235152666884,0.03938455901841729,0.002813275341952825,0.0038796649102798915,0.0016246051550120775,0.037001802755350414,0.0028962976346394607,0.12227532491598786,0.013195765112331451,0.014727487264564238,0.0003166660279227019,0.12446095432617628,0.010629422225099883,0.08980566003557407,0.023706151894283687,0.5381230384814931,0.00958055255344732,3
6,higher_diversity,4,token_mean,query,all,3,0.28794984854735634,0.026896055984759814,0.13178675795922817,0.01448020261514384,0.06438435076160966,0.003939234804536874,1.4314812707720044,0.013085454586777592,0.06409616688306206,0.005321806897530254,0.004087163539335244,0.0013421127237315,0.06029718651464491,0.004250013905452629,0.19110666178012495,0.02173214644833397,0.03237577177312685,0.0021530094157028922,0.1276808288880945,0.010469990803005197,0.09658943116664886,0.0211131155400603,0.5426902495748861,0.014422003138896633,3
6,higher_diversity,4,token_mean,value,0,3,0.2546939612266507,0.009958911398122487,0.12820222506684717,0.02126646659003918,0.043525763050811926,0.013652582232276642,0.4192382123769278,0.07184533745659077,0.041912374412514365,0.012892020570263587,0.0036812556614732425,0.0014400357772808646,0.03984450729507388,0.012304431957696637,0.13019475553109636,0.011486204761446291,0.019030930205222518,0.0071832835539919595,0.12721924532149795,0.03087967692240435,0.07778362472626295,0.02400259615036375,0.49827209975994474,0.06256541140275958,3
6,higher_diversity,4,token_mean,value,1,3,0.22898224921325014,0.02662727394978854,0.12264698534244638,0.019240094057110725,0.03730979558306375,0.0034789855311877023,0.4191809340737203,0.06820314677928703,0.035985267324812574,0.0034148319113692133,0.0034068909272636206,0.0008906772537972019,0.033902904159869206,0.002690512764292633,0.12306524863394637,0.007454830296212665,0.014991834428212577,0.002481440059355604,0.1116124530480459,0.017235068281708427,0.08140272014971935,0.012066578111079218,0.4653951824416416,0.03712994128856912,3
6,higher_diversity,4,token_mean,value,2,3,0.26811118384826155,0.013749444336575276,0.1372585250679346,0.028245522946651072,0.04844850905241518,0.01976376921563335,0.4233911915072109,0.07993666548329846,0.047379008849908345,0.018981331508944536,0.003980088832604727,0.0013039605039751228,0.04446841948524569,0.018461073293551115,0.13454728958770393,0.013505165350317812,0.021971298969275087,0.011771289979904337,0.1304350833544917,0.03816814910886974,0.07046330370234721,0.017350896915103182,0.4885425717299508,0.09766584984076686,3
6,higher_diversity,4,token_mean,value,3,3,0.27331172258660014,0.0313868581454761,0.13990595556181842,0.025461413633266587,0.05053328335544516,0.013454928905414628,0.42563223520860455,0.10191705532688668,0.04904914503895974,0.01289462082592272,0.004454765756346398,0.0015100648576792267,0.04607851780725248,0.011960777362299373,0.1370869428340075,0.004838519641641201,0.02268394880402827,0.0076944775755737466,0.1330977604062864,0.028384335730895657,0.0626600275211262,0.002254883034887802,0.4903497787944782,0.04200567297275184,3
6,higher_diversity,4,token_mean,value,all,3,0.2552467528172348,0.01626311228496822,0.13160497441552366,0.02211321820403035,0.07376837584053911,0.014519291151077982,1.447507093872075,0.017053886056285605,0.07383189832232218,0.01349967275227112,0.004250152761497619,0.0014434704537450754,0.06951822261467124,0.01308814074563254,0.2125927394540806,0.009274941686715565,0.03595827496267664,0.007975615290725453,0.13130043510052833,0.027379365138332338,0.07307741971630038,0.009802168518650798,0.4864623520595804,0.054690744114923744,3
6,higher_diversity,5,cls,key,0,3,1.0923331470090865,0.07040444870035263,0.7377054700371363,0.05923627533583075,0.5223052205585655,0.03188018824493262,1.1477921009071617,0.017014399259504192,0.6100341787003858,0.023082653168872654,0.03661513293274876,0.011090168455262813,0.48569008437069977,0.02196012009438886,0.23552537127757214,0.01293567895930296,0.2197485208684968,0.032574823185236315,0.8959695009425556,0.13189196383294813,0.3937807909467004,0.02145395620275157,0.3236886275603185,0.05454399994179342,3
6,higher_diversity,5,cls,key,1,3,1.0946225834959247,0.02893639983277861,0.768500989854778,0.04880713716532333,0.5673628689706165,0.010820012323942679,1.1622320910709198,0.034149096847377144,0.6428522348126323,0.0337464780705222,0.03696042985062708,0.008374907444971139,0.5304024494958646,0.0032733010284805293,0.24371584736884758,0.013327623633463563,0.24864814993548726,0.06017744262936203,0.92388084288192,0.0881690747133809,0.36404235751339886,0.02972080372810659,0.2979081961711853,0.0410558788586174,3
6,higher_diversity,5,cls,key,2,3,1.1063722413709407,0.046079373645130824,0.7622086899185293,0.10221017017219723,0.5625334688260394,0.07398804042506801,1.1345072486538503,0.026430082263729334,0.6424333863711965,0.039542490278247716,0.04058769336816939,0.02152733815552878,0.521945775458307,0.05428335737796052,0.2434217177022877,0.004082451995899909,0.23995681251996545,0.05859025944921716,0.9295813389847224,0.15442734406130038,0.39680128431681433,0.045214347960282446,0.3124019059736888,0.07277407183835229,3
6,higher_diversity,5,cls,key,3,3,1.1481575780174988,0.0072023534621068665,0.7179657581177272,0.08316165043434133,0.5331747242313396,0.053692778855822465,1.1612613077555063,0.0007495972615897397,0.6061181298695599,0.07054544772803836,0.04059264271266081,0.013984759170338347,0.49258207687825867,0.04793012596881213,0.24408058419671175,0.02430868244910881,0.22264526368259965,0.011155032002402447,0.8944033777535559,0.13281931204103384,0.41084223759896826,0.0144550986592938,0.3743614945220273,0.07654497816535674,3
6,higher_diversity,5,cls,key,all,3,1.1136182829815386,0.019315011442379997,0.7572033323340973,0.06975334218483943,0.6607719111261466,0.04474296017739836,1.6958431184941902,0.011100226855758143,0.766969364651955,0.022132058364197044,0.04134608379028964,0.01572992612782259,0.6194258323221495,0.030205585595090685,0.2856647647180666,0.01588595826923351,0.3333189760454687,0.04509844143913007,0.9490691272646262,0.12797489649586966,0.39136666511044355,0.0214164008874011,0.32063750453345385,0.0508891587996568,3
6,higher_diversity,5,cls,query,0,3,1.0564473722486665,0.018360245775007788,0.6562045742320676,0.05555619240064824,0.3919227329396462,0.038605150944827374,1.1280212493740296,0.011884900036994397,0.4696218835873749,0.07899561871183075,0.030672429736252085,0.0101451991580624,0.36125030210523895,0.04497611059564241,0.20558437977938673,0.029898093828286763,0.17104857047112962,0.012642597619824409,0.7621600016492289,0.07939196869240298,0.6393360540722356,0.06125045583974751,0.3784989301757742,0.05739591043357284,3
6,higher_diversity,5,cls,query,1,3,1.0758015284688767,0.057267078207392214,0.648324488388688,0.10510117468799032,0.4156001386360488,0.0574054013374385,1.1294763368223877,0.04643532360102533,0.5252262247988394,0.05398321920798846,0.03365863806737417,0.013909753096332616,0.38194149461659516,0.046514733431055354,0.21691151971601305,0.009065149156661708,0.17338609081885625,0.02441888411473681,0.7914776721830737,0.13776455560097564,0.5958882190964437,0.030984318943078473,0.3993900658742609,0.06679626560933744,3
6,higher_diversity,5,cls,query,2,3,1.006909235156155,0.12566220854720625,0.6396284230965036,0.1100431894791076,0.410425762278362,0.09133405851121837,1.133476335133157,0.04732537951451338,0.4809912486518895,0.08566401160347004,0.034149254905059934,0.018864356188071165,0.3762765129407247,0.07250638356203212,0.21439968377532867,0.002207552687256148,0.17184299753377727,0.05952870952399523,0.7714535514716577,0.19321088128067596,0.6247898538907369,0.13230811105400547,0.3669463672510354,0.03607578714501197,3
6,higher_diversity,5,cls,query,3,3,1.052399679559756,0.05283467984703137,0.6723843056810686,0.07277118591995686,0.4597767426418627,0.023748055540807257,1.139388213979274,0.027881579416052488,0.5202655063125899,0.023217642226901977,0.03699799001950658,0.015457096994251688,0.4227787549748565,0.012284858700291987,0.22786506235759407,0.011668684300776593,0.19729886480598005,0.022121737606358764,0.8166326367873556,0.11318816284466991,0.5292499011213129,0.02250000867680763,0.3613792312687747,0.054739930862866985,3
6,higher_diversity,5,cls,query,all,3,1.045117391631204,0.048349664095255596,0.6601215092749455,0.08770131482809179,0.5099311314456979,0.05085379474604365,1.691344560591394,0.013752069953273601,0.6132035864551226,0.01764472970574845,0.03669037308656808,0.01839759885744973,0.4732407638520905,0.03344018163785117,0.2588420996285615,0.01430941989520815,0.2551527487902285,0.03448792042265166,0.8064563839418559,0.12990825043596438,0.5973160050132058,0.02499366545594474,0.3700233365935283,0.05378281341698715,3
6,higher_diversity,5,cls,value,0,3,1.1452153830519747,0.06846306587542639,0.8107303497773648,0.07861587413234453,0.6108218036679901,0.0565847585756386,1.1625862109864633,0.03492256384212279,0.6921023727391478,0.10091190475014057,0.04259159214173754,0.017862878825147362,0.5682302072192683,0.06352288617997837,0.2469439819394724,0.021771832206166672,0.28143229368554273,0.06437894861509443,0.9820093900624984,0.1140698416576923,0.33259626952084625,0.007355720385671977,0.2917191087682316,0.06268540849949644,3
6,higher_diversity,5,cls,value,1,3,1.1233644171250032,0.061860705637015546,0.8402245371336168,0.06400861989284339,0.5751608337206897,0.06768614316792629,1.181897794018507,0.009417465850856581,0.6457170004142481,0.11248106128137361,0.040657425659116016,0.012310552488188579,0.5345034030350773,0.07853217734417012,0.2328436982569779,0.023572944129640925,0.2286932465322934,0.013725011143303328,0.9952949466717126,0.046074606861554755,0.3414204793445992,0.040671856413450606,0.25139671554024506,0.053335931594514226,3
6,higher_diversity,5,cls,value,2,3,1.1383332266000046,0.0392089484454534,0.7578604596831409,0.057117615864573194,0.531201024388082,0.01706148398485049,1.1611414540775775,0.021595446046972132,0.6201797264307182,0.02208782269790145,0.035870419067302435,0.006186789824705696,0.49533060554302094,0.011998590669689103,0.23379309359887343,0.013045030183312302,0.24521555211319712,0.04422189243579238,0.926508289800533,0.07049025923827587,0.3571226434274153,0.037490478921369454,0.3328992451030031,0.06766544229824577,3
6,higher_diversity,5,cls,value,3,3,1.1338335447282686,0.029421984048140483,0.7622897563869758,0.08488653163074349,0.5331457211344014,0.027583790039469706,1.1597220298001854,0.026100721497159963,0.6069073483174738,0.06171328427155651,0.04284618763873974,0.024083691702130428,0.49029953913255175,0.026730900170141295,0.23877307382080606,0.025278806590739444,0.23064946876035594,0.031798981644256895,0.9311113613635974,0.13692529055439087,0.3451623257362481,0.018152152068448793,0.3276279901784832,0.07472918426805544,3
6,higher_diversity,5,cls,value,all,3,1.1375543477214707,0.03673374250007879,0.8031570250442152,0.06357323186086994,0.6860918146143048,0.032054618786629255,1.6952536817275339,0.014003268939025405,0.7916469021756077,0.06659910409387368,0.04366748534481634,0.01872148354135984,0.6424243314699694,0.04580563456316835,0.28193496539854435,0.02245238354519137,0.35127400357928235,0.04735761753235175,0.9940520586852313,0.0831831470923675,0.34407543232946686,0.01948099123463442,0.29331323685482746,0.06335703261669126,3
6,higher_diversity,5,token_mean,key,0,3,0.33382197599385854,0.04315951039765263,0.17358184351419434,0.0406830898926445,0.06051274211847036,0.02376991718583592,0.455324982833766,0.10461396360819838,0.05925883752122896,0.02412532915274517,0.0054047237640726525,0.0018783073511329353,0.0551080187839089,0.02201945402234395,0.13185600226226063,0.01164416153064659,0.024953958192407654,0.011332302224591246,0.15579383274678105,0.03780069831197748,0.10092005765799321,0.011849787453054117,0.48464950217847785,0.05387288838208329,3
6,higher_diversity,5,token_mean,key,1,3,0.3155903038699666,0.0636656502587281,0.16649327088888308,0.03603001541198296,0.05790154150528313,0.02172029245095411,0.46984392801721936,0.10174612887612101,0.056740175537997706,0.020983114283567653,0.004821523384607369,0.002403971869762053,0.05308001702933601,0.01935326471018192,0.1304852906308882,0.012857286415542785,0.023788787686039665,0.009442632815332645,0.15513264405988597,0.03538347277014481,0.10379220737200795,0.0072930298902531025,0.4706253562014708,0.06283105048955163,3
6,higher_diversity,5,token_mean,key,2,3,0.30636056538435247,0.0695446560063556,0.17191158647905083,0.05225651840056139,0.06691413876066317,0.03428151679633617,0.45760322068470805,0.13690353699622293,0.06532850031331051,0.033079487590718874,0.00602652473819696,0.0033762839831283096,0.06088761324909601,0.030906823258310737,0.1400021085364013,0.018348948092203395,0.028841909613280606,0.019045084764769533,0.1634051512987956,0.060394645039406794,0.10081412789948059,0.016434225342242426,0.44312068192041226,0.0686137463453801,3
6,higher_diversity,5,token_mean,key,3,3,0.32503812103816093,0.02509959562102637,0.16852337838927475,0.03868689598016013,0.05370747715869223,0.0158919771648546,0.46100310267019434,0.12449107627853741,0.051905674924966345,0.015069662791559697,0.0049609723174591745,0.0017983886206131422,0.048746505131324135,0.014154372380392573,0.12505536928510658,0.006642767590557264,0.026197514738534326,0.009080020697341668,0.14734287211085625,0.029334266192068734,0.11169440965309287,0.008726254201137882,0.48523360441327346,0.08185047162032869,3
6,higher_diversity,5,token_mean,key,all,3,0.3198278426195996,0.04695466585082129,0.17200027420401645,0.04236163296015062,0.09756628236492138,0.031357948856478884,1.4671145167789168,0.03186723983332819,0.09860250449042139,0.030803243295750033,0.006135198061890675,0.002966386364470323,0.09143108552829786,0.02842631420591587,0.20855336933675525,0.005850089340966466,0.04786777279620532,0.019345228483428192,0.16364332507101334,0.041844274954498835,0.10430520163341002,0.005559492519589026,0.46697320662831404,0.06073979135554069,3
6,higher_diversity,5,token_mean,query,0,3,0.3158835671452363,0.07887587307436464,0.1493315776971328,0.03202163226158675,0.040158633025398814,0.012382566132835436,0.4566823612472726,0.08387555820590512,0.03834866708444843,0.010971743632901711,0.004293199179687001,0.0019003190422079816,0.035865433627005776,0.010484207211193914,0.11058496322620236,0.004828639285794818,0.016503578624237784,0.007225091691171823,0.12642426771932022,0.030189808725152742,0.1772932985966856,0.03667044429367996,0.524198116402336,0.02103649909475068,3
6,higher_diversity,5,token_mean,query,1,3,0.3162974975445427,0.05414306189097166,0.15678139783396608,0.0456610292700919,0.049535345699207846,0.029127421003541605,0.45286557107558906,0.10920555795192083,0.04785111159276848,0.027760048325189763,0.005229387792165984,0.0030232179811331993,0.044305958446453915,0.02611162140086098,0.11998016246467491,0.02170946047923288,0.022636708401576684,0.014327157293185464,0.13768212688298168,0.04277086261901313,0.14958085695450954,0.04095016531309434,0.5094412106194871,0.06793814663333524,3
6,higher_diversity,5,token_mean,query,2,3,0.3324339185739495,0.06766347203800605,0.14787566534680177,0.04229719949505586,0.03982722661212506,0.022655887375415896,0.4706327794601702,0.09857438183301148,0.0391915645378007,0.022892640882507396,0.004248573482706861,0.0026112818582147454,0.03557865335747148,0.020060615484419213,0.10814518352425506,0.013499084408095155,0.016468482489713346,0.01006402630409179,0.12943348743086877,0.04037295052625101,0.18415351223313448,0.04220017215367024,0.5591941919844442,0.044841091992627494,3
6,higher_diversity,5,token_mean,query,3,3,0.30940651487755916,0.061069955270844495,0.1476539091133369,0.03542300982821698,0.047796548175417015,0.023060148927423807,0.45485782008464204,0.0933514026467721,0.046616119084684875,0.02163994774650123,0.004562261997665645,0.0031372718250801445,0.04323428570095337,0.01992329950204637,0.12090071250174456,0.01577890287743902,0.019657994596290272,0.010465434232389492,0.13157815206210757,0.037382632247361915,0.14260897548361257,0.026986558660455837,0.5230434609991014,0.05167515684266852,3
6,higher_diversity,5,token_mean,query,all,3,0.3199674251743429,0.0658172481916383,0.15106470444356593,0.03957228015448547,0.06853254292066438,0.02871744551836658,1.4675403688649844,0.03270875622799326,0.06880961564748084,0.027620079223098646,0.005326682158435385,0.0033064419334347516,0.06320586095027851,0.025411908382687125,0.17559265662124804,0.010485944119070556,0.03288489345212464,0.016620702306985674,0.13644369926756741,0.03922093937709701,0.16340916084520743,0.027227563138874745,0.5305497397998916,0.036121450178068885,3
6,higher_diversity,5,token_mean,value,0,3,0.32623554871472255,0.04748049402985227,0.17829167325476905,0.04392360559346027,0.06793541937494865,0.023330716829281613,0.47979255119030756,0.09863466227724538,0.06663780367490821,0.022828489849166106,0.0055461048684788475,0.0022584533812622996,0.06238931431576158,0.021104002744101277,0.13545159469702994,0.010900912228694907,0.029216617196187875,0.009040507157655798,0.1704749405461242,0.04048674989921903,0.07791825180703943,0.012163014780635252,0.45850809661716824,0.0717073447820686,3
6,higher_diversity,5,token_mean,value,1,3,0.3418372818712885,0.04022251989306792,0.19476187102401163,0.049419319189655725,0.0742945333882848,0.026472270082947388,0.4779108900961779,0.11110801594647016,0.0732882106652987,0.02708432469723784,0.005772245966716472,0.001710497493346788,0.0685222858958172,0.024806487147463894,0.13831416057904922,0.011735693758062726,0.03159627033792998,0.014398517159947031,0.18428156909367358,0.05163630043143721,0.07267411741794962,0.004757478714627035,0.4349522738928562,0.0969424301377156,3
6,higher_diversity,5,token_mean,value,2,3,0.32417505907141747,0.07207249177098633,0.17319489395591556,0.06411997680825317,0.060373547824389674,0.03633268661853444,0.4690935585914873,0.10613914047020567,0.06020788511143595,0.036522249451373195,0.004704847610837808,0.0020009812394326002,0.05566869989376177,0.03434030799715229,0.13227332068534256,0.018219585659270007,0.025295775407748317,0.01904675023137877,0.14646780888511665,0.062396286022822885,0.09758004918694496,0.01898396001082779,0.47505136802860465,0.08329969222975495,3
6,higher_diversity,5,token_mean,value,3,3,0.3438342780981687,0.08229630303733014,0.17940580474197385,0.05406450891912725,0.06499346987769115,0.029169466236884715,0.4874409019701256,0.13029480965967785,0.06362697837091123,0.028749995053188784,0.005881649117465272,0.002593515278754038,0.05911182112653147,0.02658540037607662,0.1344368938685286,0.013582649722214407,0.02703313460891654,0.013152044172870027,0.16214830519478993,0.051905672015831586,0.08417453424948634,0.010602613362807645,0.48292533123038206,0.0473436678134006,3
6,higher_diversity,5,token_mean,value,all,3,0.33191379503832513,0.054252465455182364,0.1808287884487727,0.04894412434814633,0.1078699929552752,0.0375453238103119,1.4731346200909918,0.02555365085974524,0.10955884984428427,0.03745580818714265,0.00648853849887735,0.0028536960762623777,0.10138145416523471,0.034727123834140866,0.21356100099524675,0.006850997815649684,0.05215320446897694,0.021850367250219827,0.17305765185314817,0.05093955831966262,0.08308673898379008,0.0057813267391014925,0.4616374548179059,0.06349202136810095,3
6,higher_diversity,6,cls,key,0,3,1.1422064352076637,0.10763572368479368,0.8013334120719963,0.049556476968160575,0.5805952481093649,0.04856627164679598,1.1627087185414575,0.028977090772694628,0.6425474790341864,0.06984257126497058,0.046276062007316134,0.02340983360970401,0.5343191835916403,0.025655993671781535,0.24019235189270996,0.006050809022218354,0.2252315205469324,0.03867924977841683,0.983478368586071,0.10467253679870167,0.47278965151671204,0.012564958919056093,0.29426152177890874,0.08044238317398678,3
6,higher_diversity,6,cls,key,1,3,1.1303418207458582,0.04534357745603949,0.8173311915104756,0.05729464043929192,0.5709245120644745,0.034878854895243484,1.1842019311269223,0.03483168790800755,0.617714952141034,0.03241288262958764,0.04889294086024165,0.023285747792418602,0.5220315677650046,0.033776781062986906,0.2390042133556125,0.01215373625659779,0.2344868144855634,0.042469368883628615,0.9612757644085207,0.07699198332127291,0.4957024102861231,0.045662286606611424,0.2774610846617863,0.024612941859639068,3
6,higher_diversity,6,cls,key,2,3,1.1064433822590771,0.022296400765902027,0.7826122716504819,0.07370012904424048,0.5638575545906166,0.06070465875582987,1.189849135095903,0.03966495353257222,0.6329471425939978,0.05036376101092354,0.04836004786193371,0.027112836283291045,0.5154975065679261,0.03472518631218575,0.24482130985687336,0.015963746325533056,0.22689466147930373,0.02917731901932748,0.9313242111067733,0.10461080977064878,0.4931215490355636,0.0637411543666823,0.29269340027774066,0.06488974492054979,3
6,higher_diversity,6,cls,key,3,3,1.1337569936563374,0.057002850849172275,0.7787198763118369,0.08079701956773361,0.5991423995248439,0.03918792027077647,1.189729938459137,0.009317251027709793,0.6539274931603125,0.04592020585368537,0.05179794963844347,0.0192348199049208,0.5473444421182979,0.020522292611305476,0.25547137165706796,0.01687260047642396,0.24101378641863605,0.019401443950261183,0.9567432490103983,0.13661734370510287,0.480198498025085,0.025933417794890303,0.3143886029317101,0.038263356548987194,3
6,higher_diversity,6,cls,key,all,3,1.129185610079797,0.04744760564441231,0.8090019929385059,0.06723812910048979,0.6999703058537237,0.03457555683379293,1.7090095510777514,0.006782861624588619,0.778684095721287,0.024428321383087325,0.05471601411982468,0.029719335502415588,0.6452542967868573,0.00485651939125198,0.28799392927810685,0.017401946491217218,0.3330566473699846,0.025143113910036867,0.9961240868391458,0.1027352735665858,0.4854530186364145,0.01586476010237577,0.2836607902535903,0.04995483826418087,3
6,higher_diversity,6,cls,query,0,3,1.0807569464995967,0.06609592540318901,0.7192005740833615,0.08672310636297123,0.4409820404191674,0.00981231035846848,1.1175813949901505,0.0069867725888369345,0.5041080413949813,0.007141935173889401,0.040333040171500405,0.015472472369821041,0.4006489930730878,0.010006438408720722,0.21338018294675298,0.020522703663856334,0.18579784134161495,0.03580554523243888,0.833458409553585,0.1535040581774876,0.7267223072774484,0.042293356778578435,0.33596475736929904,0.04599057807032158,3
6,higher_diversity,6,cls,query,1,3,1.1088357531436943,0.06736988638084297,0.6865573192019431,0.08650808321973072,0.47331217612699916,0.07056227264407774,1.15082524702066,0.0435192085480393,0.5535533789692829,0.06692709846243293,0.046291404036861473,0.01882100030210128,0.42702077329158783,0.05624285934068848,0.2322567565522388,0.004444265634400128,0.18616945941688443,0.04434340607453515,0.8341219178176212,0.12033033155166557,0.6812040462638392,0.06084698686801159,0.3824066461639479,0.03956845942143698,3
6,higher_diversity,6,cls,query,2,3,1.0047938625214698,0.21124239196970543,0.6679789895174603,0.16783068849049337,0.43798047116448774,0.13966939473018683,1.135328145445639,0.026065582384613203,0.4880923864900044,0.14514000576320277,0.04388364881389972,0.0298175780992208,0.39409682177232974,0.11190599082601872,0.2236668552873411,0.009811803555816956,0.1801437818782398,0.06834681770758877,0.7832249684796614,0.249045610580048,0.7272462673259504,0.24003591843744554,0.3394497333915852,0.03036713492352646,3
6,higher_diversity,6,cls,query,3,3,1.081723833120863,0.0934798029923621,0.7266615519310372,0.06954301975467313,0.5000581807244563,0.03746007474686671,1.1464101897833487,0.012674608942660986,0.5577530924939391,0.01832320739275577,0.05012118432557944,0.03266965579018964,0.4499369913881475,0.012964407293462531,0.2315776090242159,0.009603539646057712,0.2100204458541957,0.02084909707559847,0.8624574571354989,0.11183174959980458,0.6554845255432706,0.04624404130575455,0.3284970127835135,0.018550300252047586,3
6,higher_diversity,6,cls,query,all,3,1.0650213335441794,0.1129636541338736,0.7077512885076568,0.10791532573750999,0.5712715101814597,0.08500993518857677,1.7040134604349115,0.013681958213357069,0.6552407152223128,0.07459876058384829,0.05283245828115579,0.031741607996235724,0.518439053586035,0.05456398233321551,0.2703620368188388,0.008078104329042012,0.2713850483482492,0.05849653101722763,0.8545301281776915,0.1637944312504999,0.6976642942789829,0.08881051265082507,0.3376865812686562,0.03285110819240205,3
6,higher_diversity,6,cls,value,0,3,1.1114605770219728,0.06067301837791661,0.859477593667943,0.10134573282621534,0.5480800737221788,0.04319211167344195,1.1806859702220418,0.048108903740150415,0.5890324907533561,0.058363235569114054,0.04872806017484629,0.024146067909627086,0.4993520126198277,0.05237346030201422,0.2256881836634584,0.016603971311288154,0.2220386358174735,0.042452884220419124,0.9618945176977302,0.17392109492175553,0.4301406610192675,0.017252164739484824,0.22840924939856125,0.054113964994101905,3
6,higher_diversity,6,cls,value,1,3,1.1675195540763932,0.04940197816059765,0.9210949035458528,0.12792201791270105,0.5127985535490772,0.05382070093846904,1.1628447816496708,0.024452257904990785,0.5389821838537344,0.09371253175686317,0.04470674503792191,0.021488932824157966,0.46809179855115485,0.07514062195968445,0.20992184219694118,0.022352668179673404,0.19716030395788442,0.012308901127203386,1.0441138545923125,0.05842885174621695,0.4779382420308662,0.0482099388159973,0.21023832109906082,0.11078929935022418,3
6,higher_diversity,6,cls,value,2,3,1.2009244367771348,0.051397313740083446,0.83204629543817,0.1008848744052851,0.5249539641574125,0.1256251703991326,1.1848867342249347,0.025558562997554473,0.5792122947408802,0.11576661794935125,0.040240298568581544,0.009990298432549479,0.48471366410905664,0.11934032975310627,0.22795050085176496,0.031059742037456636,0.23852465915949073,0.08431176165297359,0.9999575239885257,0.06936952113099322,0.446893803097985,0.11805194807330381,0.30408308463858885,0.11099922388270596,3
6,higher_diversity,6,cls,value,3,3,1.1372845720071625,0.07305567931461926,0.8571860613030253,0.12431548040063543,0.4726733586512626,0.01623773774795267,1.2097647048326365,0.013733341749062973,0.5141893936261862,0.03493058262523981,0.04759201281845118,0.03044953174881902,0.42508134697422834,0.03782984934475605,0.21401603345229106,0.02693774639008206,0.17579161037034466,0.024232303009574505,0.9416005185149654,0.10842046234279012,0.5101080554904359,0.08855563333475176,0.24885536524613336,0.06614110157005032,3
6,higher_diversity,6,cls,value,all,3,1.1590586823631301,0.02678405214099701,0.8797208853271359,0.11799847164954949,0.6483777574805996,0.05608191946640695,1.7129120220567666,0.005413844823731364,0.7147557887971351,0.08051484232666241,0.05025349585621646,0.025070707844002726,0.5981242593490715,0.07501309529486369,0.26337467334571546,0.026997176525223442,0.29874586777778167,0.03333731773225704,1.0186410648681221,0.10510100964537959,0.4662701930060531,0.0460131245184479,0.24144888386497265,0.09531163678525985,3
6,higher_diversity,6,token_mean,key,0,3,0.38749389862984546,0.06916756960711644,0.21727712916528244,0.05355402153424244,0.08352644422769075,0.03379846699530456,0.5231902731107433,0.14456889455948763,0.083718577386078,0.03664924276566809,0.0067851737663714275,0.002443963134600234,0.07674127117250905,0.03158510848569182,0.14019170863793243,0.017935566255370093,0.03074180595043989,0.015377505635482128,0.18207773048760503,0.041403805501509815,0.1239495924250646,0.007049087561220428,0.4442436704250479,0.04379000578399591,3
6,higher_diversity,6,token_mean,key,1,3,0.3791221076530718,0.06953188560846449,0.20445667333847614,0.04446138452006407,0.07218498998585081,0.027341039243245446,0.55623661755393,0.1349431573638937,0.07263662198353056,0.028302472290425013,0.005392499621710599,0.0022534343382805203,0.06679249015834295,0.02533767698118073,0.1337878586093381,0.020195706186171954,0.029091754774016012,0.012105895910906349,0.18182612533164422,0.04475404957594906,0.14793833977345264,0.017766847485308816,0.4616294737760036,0.055058029717582266,3
6,higher_diversity,6,token_mean,key,2,3,0.36481753621606455,0.028203342338972093,0.2033529231023584,0.03674977560567017,0.07245056581680441,0.029880558850457102,0.5245937805084191,0.13846176738389637,0.07107176750291402,0.02958968753055919,0.00689647654706443,0.0028999818583121686,0.06555408854601961,0.02701068145819798,0.13592649640747073,0.021559831641627315,0.028670706637279747,0.014746540753863856,0.17227552183193415,0.04219817424265516,0.14338365027850322,0.02612649592878747,0.4454622692928812,0.061766928679956486,3
6,higher_diversity,6,token_mean,key,3,3,0.38422853292629305,0.029395891459168922,0.21423112128515617,0.05772390407214189,0.07800576117113064,0.029937526488277712,0.5226010758085412,0.11797057809975532,0.07738397101149373,0.029653003797220332,0.0065233930275126395,0.0025169895376553567,0.07148236868846597,0.027514359587487675,0.13697908538042927,0.018436596270317098,0.03268332658995505,0.013070348406959389,0.17639495215738307,0.04840299415937516,0.1347174293389826,0.018342295874692584,0.44769273914687685,0.11561346705945585,3
6,higher_diversity,6,token_mean,key,all,3,0.37834837064412935,0.04681788297348992,0.21203394304531667,0.04895839748147348,0.11993691414646772,0.036841003149013216,1.4897350196348358,0.03496113451323693,0.1234555192000238,0.03854827542691742,0.007638867448831937,0.003282043098847997,0.11229804547672921,0.033890355999886455,0.20701960399748545,0.014425854426034678,0.05240176685729104,0.01876248173108533,0.18772009098925005,0.0452977106862682,0.1374972527000037,0.008341054652490746,0.44480234284836867,0.06500107132860573,3
6,higher_diversity,6,token_mean,query,0,3,0.3889177715105983,0.03260628631592385,0.2005600756625344,0.046616659378106724,0.062382555245607006,0.025480570107956697,0.502997540187646,0.11564362015041459,0.06054606628555944,0.023912514886720092,0.006634347908071834,0.003714643274706125,0.05574820798849969,0.021932986679561083,0.11884629585656425,0.011178758691020018,0.023589435711062517,0.012720065859063047,0.16206607557908193,0.047198218958072344,0.1896874292781859,0.020451865413318622,0.4886170687649616,0.08067528814867977,3
6,higher_diversity,6,token_mean,query,1,3,0.39179802753521137,0.012074358757463035,0.19517470870231848,0.056131649883275694,0.06831607007344413,0.03436887161868888,0.528026534081735,0.10364568183556651,0.06694029727347799,0.031498693460602606,0.0062532368676990946,0.004001604212751688,0.06206283382506984,0.030367268592519064,0.13105281039952557,0.017209602072179597,0.02715930809906671,0.015725049580232145,0.16820010714247657,0.05037325001816399,0.17913165090210512,0.0465860242616272,0.5042842213892154,0.1275418574319152,3
6,higher_diversity,6,token_mean,query,2,3,0.3825861915950542,0.07858463493379343,0.18494232667679,0.0688510060932101,0.060498141979465896,0.043798490123390856,0.5239474631722462,0.1297848705756599,0.05854369112892599,0.041859987144032225,0.0069867478538953665,0.005447906258701603,0.05351139447002701,0.03844977294248263,0.11803757407186809,0.030433066811612876,0.025563929213983035,0.0209589778095056,0.15369334226318965,0.06366626760091187,0.23156848357933943,0.12203788138202414,0.525468933250162,0.10894570869546577,3
6,higher_diversity,6,token_mean,query,3,3,0.36777723585327626,0.05760434107960388,0.18467522797459454,0.041990899866071844,0.06422747494821561,0.027165738245793422,0.5364513106656013,0.09661453336013852,0.06405969706024019,0.025129530735660977,0.006344278528228063,0.004264994328444925,0.05788319645393075,0.023004126136772902,0.12965684335792094,0.018265569679400528,0.025167785193380064,0.010976904125227229,0.1610116015693969,0.040696885795591276,0.17950870096683502,0.016358068716185732,0.5003801592617202,0.05721119995385213,3
6,higher_diversity,6,token_mean,query,all,3,0.3803435434695239,0.048874371385909936,0.19119026121489283,0.055713490022895516,0.09528741274621416,0.045111793309274964,1.4844542343128317,0.03356769191748352,0.09697510298646127,0.04424158024776434,0.007690886088477616,0.005435534383972109,0.08759652794987867,0.03984386074378633,0.18373423527936347,0.021044481843064212,0.04229681485253617,0.02211749417405173,0.16690452231960587,0.05508486789756195,0.19497406821359287,0.04228383965302996,0.5032272938571829,0.09610614088848075,3
6,higher_diversity,6,token_mean,value,0,3,0.4122701396539976,0.05146397198259006,0.2459172519662589,0.059758787198609886,0.09066722052933324,0.029408842052237656,0.537956336393154,0.08657510860536409,0.09027166322725762,0.029629545071645263,0.006589018304084399,0.0016085828484693942,0.08407820306831237,0.027907543996592076,0.13460837968772446,0.01062145462746409,0.034239698699140335,0.011806050139379156,0.2156601367039097,0.048273537839051577,0.08699234258947951,0.0065506834744442815,0.408758881369909,0.08981477547913026,3
6,higher_diversity,6,token_mean,value,1,3,0.49663484360589205,0.020201093184313634,0.291479875717675,0.08267572268707277,0.12583782252656295,0.06204534637536381,0.5529807001456929,0.11534840552868991,0.12537005842974522,0.06400711284284474,0.009798876482598258,0.005645206317990602,0.11603894699929339,0.05673835836807803,0.15316483717116866,0.03053063624914711,0.05219183797218338,0.032565283126763885,0.2653392582602094,0.07683280554035242,0.08322193665486394,0.008674988153263034,0.4110829773324263,0.17416502971466358,3
6,higher_diversity,6,token_mean,value,2,3,0.37833969417213437,0.09547326906545518,0.2264733895279053,0.08883891959598936,0.07861588906707777,0.042594460977475095,0.5419182383933921,0.11612761824392177,0.07804155849270251,0.04417601970348561,0.006711938441378262,0.00299981672628418,0.07190395012554346,0.039595352325607194,0.13142122413011811,0.023312484639705863,0.03195781316293441,0.020314613654381756,0.18588457672914802,0.07532146275211875,0.11600778567971605,0.04154628799771348,0.4133665015481896,0.09645728287922332,3
6,higher_diversity,6,token_mean,value,3,3,0.42041515298673765,0.09781772395762744,0.25493602341013394,0.0859066510062506,0.08910060786597603,0.04198212774806283,0.5542372328929311,0.13897616089749926,0.08912123095630493,0.0435000202670252,0.008583560776473445,0.0046370708102724065,0.08051704784685916,0.03811340098130841,0.134284757914619,0.018197062790463698,0.031788775810989,0.011351831685282084,0.21842773013203456,0.07461562526374037,0.10405141611893971,0.023308774174232813,0.40537710955202516,0.07681704890777445,3
6,higher_diversity,6,token_mean,value,all,3,0.42161609176412346,0.06256232352179819,0.25353240539982624,0.07906679792749355,0.15176570131994022,0.06144717326311837,1.4985762416291097,0.029987908160911625,0.155625462810272,0.06320256687192621,0.009138792444542616,0.004549159024398627,0.1426269090311094,0.057304062220357777,0.21160764221837858,0.018989500205610882,0.06620811169338242,0.02696867758050361,0.2301441612134332,0.0727317977235413,0.09756837051474687,0.017799947339923794,0.4093313996154608,0.10854992826878711,3
6,low_diversity,1,cls,key,0,3,0.0,0.0,0.0,0.0,0.0,0.0,1.8405077279585969,0.06213188731929131,1.0876481994467209,0.20372642556788734,0.0,0.0,0.0,0.0,0.0,0.0,0.0,0.0,0.0,0.0,5.936872482431455e-12,1.9718168029385274e-12,nan,0.0,0
6,low_diversity,1,cls,key,1,3,0.0,0.0,0.0,0.0,0.0,0.0,1.7668453145289404,0.05347407172743133,1.039003101126097,0.06778118741700642,0.0,0.0,0.0,0.0,0.0,0.0,0.0,0.0,0.0,0.0,5.520062856675272e-12,1.1853604660621353e-12,nan,0.0,0
6,low_diversity,1,cls,key,2,3,0.0,0.0,0.0,0.0,0.0,0.0,1.7742146081205519,0.048903589531848556,1.0454290909436954,0.01871170454987683,0.0,0.0,0.0,0.0,0.0,0.0,0.0,0.0,0.0,0.0,4.652394934875455e-12,2.746049470515376e-13,nan,0.0,0
6,low_diversity,1,cls,key,3,3,0.0,0.0,0.0,0.0,0.0,0.0,1.7372263953851113,0.0276985127266089,1.1070366891901517,0.1414326141379542,0.0,0.0,0.0,0.0,0.0,0.0,0.0,0.0,0.0,0.0,5.770428242149171e-12,1.8282279880907635e-12,nan,0.0,0
6,low_diversity,1,cls,key,all,3,0.0,0.0,0.0,0.0,0.0,0.0,1.9323918299885996,0.014115419750848712,1.2088830199542135,0.0698608133044777,0.0,0.0,0.0,0.0,0.0,0.0,0.0,0.0,0.0,0.0,5.457974705567778e-12,7.554790715370336e-13,nan,0.0,0
6,low_diversity,1,cls,query,0,3,0.0,0.0,0.0,0.0,0.0,0.0,1.7497680353029572,0.10395889618095741,0.9833773929656074,0.04828452569636656,0.0,0.0,0.0,0.0,0.0,0.0,0.0,0.0,0.0,0.0,1.3068928672840568e-11,6.122929214581975e-12,nan,0.0,0
6,low_diversity,1,cls,query,1,3,0.0,0.0,0.0,0.0,0.0,0.0,1.8243380133794742,0.06184187055259593,1.2452407784413397,0.12136956971854837,0.0,0.0,0.0,0.0,0.0,0.0,0.0,0.0,0.0,0.0,1.3797840487480697e-11,5.466997512567708e-12,nan,0.0,0
6,low_diversity,1,cls,query,2,3,0.0,0.0,0.0,0.0,0.0,0.0,1.8504111056769774,0.05313673420464332,1.0542394713872132,0.06923297720023294,0.0,0.0,0.0,0.0,0.0,0.0,0.0,0.0,0.0,0.0,6.5424809540516695e-12,1.2041845697177991e-12,nan,0.0,0
6,low_diversity,1,cls,query,3,3,0.0,0.0,0.0,0.0,0.0,0.0,1.7479776129888858,0.14307909611484926,0.9954133982396153,0.11498088980281126,0.0,0.0,0.0,0.0,0.0,0.0,0.0,0.0,0.0,0.0,8.239203531567273e-12,3.2988132567877965e-12,nan,0.0,0
6,low_diversity,1,cls,query,all,3,0.0,0.0,0.0,0.0,0.0,0.0,1.934372664449959,0.021748078837866176,1.2170945412869634,0.03722682482644465,0.0,0.0,0.0,0.0,0.0,0.0,0.0,0.0,0.0,0.0,1.0398602735933402e-11,1.6178120872001845e-12,nan,0.0,0
6,low_diversity,1,cls,value,0,3,0.0,0.0,0.0,0.0,0.0,0.0,1.7178525004283909,0.052065689746621166,1.0653797450564764,0.06011761396658227,0.0,0.0,0.0,0.0,0.0,0.0,0.0,0.0,0.0,0.0,5.745589176948451e-12,6.910099323765897e-13,nan,0.0,0
6,low_diversity,1,cls,value,1,3,0.0,0.0,0.0,0.0,0.0,0.0,1.816822094060304,0.05792186458182694,1.1858149071062023,0.08302263757929022,0.0,0.0,0.0,0.0,0.0,0.0,0.0,0.0,0.0,0.0,4.915710010416075e-12,2.0999880463651268e-12,nan,0.0,0
6,low_diversity,1,cls,value,2,3,0.0,0.0,0.0,0.0,0.0,0.0,1.8140522110423214,0.09611593905450297,1.1286078966776614,0.11812373672869914,0.0,0.0,0.0,0.0,0.0,0.0,0.0,0.0,0.0,0.0,5.374292190473204e-12,1.7652765281526827e-12,nan,0.0,0
6,low_diversity,1,cls,value,3,3,0.0,0.0,0.0,0.0,0.0,0.0,1.7320928813313772,0.07892883093214945,1.2786792092267572,0.09665171789375472,0.0,0.0,0.0,0.0,0.0,0.0,0.0,0.0,0.0,0.0,5.038262205029049e-12,1.5037401528551725e-12,nan,0.0,0
6,low_diversity,1,cls,value,all,3,0.0,0.0,0.0,0.0,0.0,0.0,1.9188997340154275,0.031345877091498296,1.173743520943533,0.009763331024093465,0.0,0.0,0.0,0.0,0.0,0.0,0.0,0.0,0.0,0.0,5.2469990365102594e-12,1.2240283147768728e-12,nan,0.0,0
6,low_diversity,1,token_mean,key,0,3,0.17148963592676847,0.008387323213615036,0.05674438566624449,0.002702046886089582,0.014172893187789118,0.0006144672302202962,0.12501015893672976,0.007281341041282358,0.014300831075912608,0.0008820236341968483,0.0008996658150201916,5.9610945372463296e-05,0.013273227324878628,0.0006726278572113352,0.12986565243505946,0.008706042093257434,0.014634992242945765,0.001416842653900029,0.07667424068357238,0.00599726403125715,0.010503147968627287,0.0007019430647994383,0.6689693598513019,0.01107198777112654,3
6,low_diversity,1,token_mean,key,1,3,0.1667885038750343,0.015971180809414766,0.057588137308172895,0.00449057671628326,0.014651001598911412,0.002328078724881189,0.13396561329329168,0.009827053609892106,0.014659680462377441,0.002272304384981366,0.00088024616993745,0.00018471723626136774,0.013770755595584034,0.0021941187791450958,0.12675656375972885,0.00801959679382039,0.01548606454339795,0.0030452853743494746,0.08089663064874505,0.00929528355665154,0.010749209404104586,0.0005603361870688796,0.6512243556070895,0.05640069394994844,3
6,low_diversity,1,token_mean,key,2,3,0.17616048391846462,0.00271631477581081,0.05900016652694223,0.0013102320557974345,0.015321623197613259,0.0011405384416804992,0.14072370674848514,0.014179627262690647,0.015549551474502371,0.001138490055163044,0.0009331438092031572,0.0001379621427863254,0.014388479348836523,0.0010549002275587424,0.12929308497425873,0.00912140271207788,0.015529190996772886,0.002866549415531685,0.08218341889588153,0.0007590315957749122,0.010671558380691391,0.0012893528553545649,0.6650440265829808,0.007937986156283995,3
6,low_diversity,1,token_mean,key,3,3,0.1864443462551918,0.007385198982891138,0.057423786623103094,0.004074800318216005,0.014711874137436243,0.0014139096747987025,0.13493098027570397,0.01186469138408144,0.015125296595081474,0.00168809670660216,0.0008419842827909937,0.00012724042947581064,0.013869889620268208,0.0012965054235537106,0.128863977303207,0.005001299548935856,0.014535535025971444,0.0016057618567679392,0.07867643165838419,0.006734423371919866,0.010860955455538,0.0006490099256471206,0.6919208534733062,0.02056197070351678,3
6,low_diversity,1,token_mean,key,all,3,0.17531396546414899,0.002612947955898469,0.0448134026389202,0.0009281362536924134,0.019302131257753354,0.0007733382304492063,1.2713813474124487,0.0017547835206837465,0.019593607238908028,0.0007745424813811595,0.0008442799724324494,3.809591766801772e-05,0.01845785132327089,0.0007942226084073958,0.19691128535333924,0.00445138056651443,0.02581133601686771,0.0015365280429544819,0.07470975377225365,0.003111618795486075,0.010696217770490684,0.00037851943579308913,0.744371668383678,0.0046055453008290795,3
6,low_diversity,1,token_mean,query,0,3,0.19121730274723847,0.01728131310199949,0.05862781755693053,0.0036965428494159297,0.01486030181511013,0.0015452394804263438,0.14072950392181813,0.023226758959308643,0.015052221840262751,0.0013961320146340674,0.0008746167650590933,0.00014533499707290197,0.013985685062256047,0.0014019142846982953,0.1272063891293551,0.005145446892775365,0.014495828676279786,0.0010418131475904864,0.0805805787785616,0.005040338818524556,0.010257220855264952,0.000618812876363242,0.6905268835462243,0.04812274088456105,3
6,low_diversity,1,token_mean,query,1,3,0.20640813065035765,0.04310147938515924,0.058806092132149435,0.001920311711111575,0.014532585543168143,0.0009843422686985003,0.12247866021297854,0.012091169432938371,0.014825986125319055,0.0012982622029145358,0.0009074646606512198,4.740560319353988e-05,0.013625120631221567,0.0010010164448827766,0.1267450314792841,0.0046854290474110235,0.013860836211566049,0.0022236194441687886,0.08024990884263213,0.005857709751767113,0.00978634012580821,0.000338658696097538,0.7084348926939255,0.047879726728294936,3
6,low_diversity,1,token_mean,query,2,3,0.17830829942955276,0.023861752495221846,0.05667434486246204,0.001522624092918905,0.014733869593831371,0.0018657097899423944,0.14305413096761738,0.014328810735452929,0.01495870010929197,0.0017851166707652645,0.0008879502903172661,6.769000245487166e-05,0.013845919712559517,0.0018448017597257928,0.13078785856473663,0.013713521768573256,0.01307143156235111,0.0031907787315324674,0.07864515069027088,0.00804488979179591,0.010441225205519886,0.0005727015817597532,0.6788623362401861,0.0369154182801848,3
6,low_diversity,1,token_mean,query,3,3,0.1893297917164151,0.003686368864628911,0.05659371374380368,0.002230327712052242,0.01580220916633526,0.001870193875744289,0.13061826664894557,0.012917064234743193,0.01596356740869403,0.0018661551690600138,0.0009436924850557592,0.00018689489521163887,0.014858516811562535,0.0016837755106204242,0.12923950386361757,0.005964016490078131,0.019263723589948854,0.0030146128809711587,0.07915767621040953,0.00571887683731874,0.011071893668761759,0.0005310713391188035,0.7008543450799536,0.017724224201126567,3
6,low_diversity,1,token_mean,query,all,3,0.19150075432415783,0.01227802633583468,0.04451396118379647,0.0016573262831618446,0.019163147084072175,0.0010405508513750578,1.2735467844536787,0.00775995892908676,0.019541545127443733,0.0010707294295724595,0.0008307700193130807,3.716458117148206e-05,0.01833237694209498,0.0010034084624472612,0.1930623770392268,0.002149674284809317,0.025214203897197158,0.001239673871829375,0.07392274191682681,0.0027990817694948083,0.010389169946200018,0.00034105578668881283,0.7671744079323671,0.010918950569862923,3
6,low_diversity,1,token_mean,value,0,3,0.16402903272315475,0.015845743338224715,0.055972208180908166,0.00048375757874693554,0.014263689652219807,0.0003173858760559006,0.1332031421436464,0.013035451949675694,0.014345461187318205,0.0003806631613872533,0.0008939660447967153,0.00014621336640778784,0.01336972344539721,0.00020555925573935665,0.12795835131096736,0.005008334405188445,0.016156733071692877,0.00044021764247774984,0.07668822941243858,0.0036746459202371892,0.01103125899239923,0.000315074876608698,0.6566575910277542,0.03294365004511353,3
6,low_diversity,1,token_mean,value,1,3,0.16722644826786906,0.007224016874204342,0.0559619429423428,0.0043747276369774935,0.014047358021547683,0.0007979559472976392,0.12577103567854114,0.015184464717836042,0.014140658603239225,0.000619563251672126,0.0008142234979790043,0.00011374139335620378,0.013233134769975688,0.0007148614476457834,0.12690151506761915,0.0069844797889311305,0.014427673436018834,0.0012125150763018298,0.07846108197562929,0.0016773167542160755,0.010028565641153942,0.0006688743177336967,0.6656388745599859,0.013547746344609648,3
6,low_diversity,1,token_mean,value,2,3,0.17958393952951424,0.022901424280206407,0.0553971010513406,0.0019257993624232199,0.014566510730368935,0.0005021347299262348,0.147039551316363,0.011277010165818703,0.014738122755683751,0.0007698471994508222,0.0008021942822696556,4.4947701339712565e-05,0.013764316607689992,0.0004882443291496854,0.13103214617919867,0.008698070164542451,0.014750973155985147,0.0013444793425639397,0.07665018844344056,0.002949495848670063,0.010014218348783977,0.0003216071279335147,0.6886020653325641,0.036070125557906486,3
6,low_diversity,1,token_mean,value,3,3,0.19082870444901334,0.01659865473084447,0.059753184911197764,0.002185912967124423,0.015875379691645437,0.0007144663913289178,0.13791407513168374,0.010297911914620133,0.01610575671756059,0.00045493426329257003,0.0009452609290636962,0.00011204263655487265,0.01493011883488207,0.000603366049867403,0.1322251507093435,0.0035817453149367224,0.015404506579626442,0.001265151207729866,0.08144899618233455,0.0036403746162395247,0.009830743963406845,0.0003033788940555936,0.6859086068957696,0.016929038396100323,3
6,low_diversity,1,token_mean,value,all,3,0.17546476995372404,0.007494702120563092,0.04426029892487571,0.0008708673641745171,0.019101866937284936,0.0005720583255426106,1.2746699838306672,0.00549397747459582,0.019341407930000894,0.0006585310842449095,0.0007948301918628258,3.113500555493427e-05,0.018307036988324286,0.0005416444543230404,0.19333500266964268,0.0071399800902690515,0.025409140285969963,0.0010765385969683356,0.07353690546315696,0.0014841899806381936,0.010226196538882725,0.00021532083211321413,0.7475624377266206,0.00722055717857555,3
6,low_diversity,2,cls,key,0,3,0.8454361186557571,0.2402325113306288,0.5727959823107039,0.19355354956843282,0.4366678856935717,0.18974966907060395,0.9569202276188958,0.13169927623679506,0.4815039159518329,0.21833524039971478,0.024029427109229746,0.0076480084563662586,0.41263846059640247,0.18347894701128625,0.2400425985464801,0.025154171570834483,0.18930472229580939,0.06616681312638921,0.7238530529569233,0.22388062511013093,0.0047554823845116926,0.0019809627697791434,0.3295844154073853,0.052741868099888595,3
6,low_diversity,2,cls,key,1,3,0.8553615201592105,0.22818499257089608,0.5868485715523504,0.1942650009835967,0.44102462931577163,0.18903812787656005,0.9448868492456411,0.13819608707859304,0.4886848137094635,0.21435535287480553,0.02162024930514621,0.0041456924107950025,0.419404382055456,0.18489260749878764,0.2385308537737156,0.02471939672290678,0.19155100274632383,0.09563678295270076,0.7471753230337623,0.21791710432895567,0.004673661378381605,0.002160425038337595,0.3213566905285919,0.06514961889549335,3
6,low_diversity,2,cls,key,2,3,0.8287622798791757,0.23733525692394444,0.5744269095467222,0.19317559763761172,0.44605758868126894,0.20934805603624293,0.9486324084343606,0.15537944142640828,0.48173353530485263,0.23201488325860453,0.02369675024723013,0.008054107322383776,0.42236084536169516,0.20135250000385257,0.243372932697814,0.04211083375514279,0.19087935417793825,0.07533682499552515,0.739333992786055,0.21742788824366116,0.004704346774484624,0.001621230552133454,0.3147237354357407,0.04912659270517866,3
6,low_diversity,2,cls,key,3,3,0.8362993422578914,0.27777893925750435,0.5868657485286164,0.22028611257680367,0.45476586513818584,0.230877112589233,0.954459900133489,0.13597625520966242,0.5107912893869601,0.2682394061635858,0.0248352542632457,0.008604936359907759,0.4299306131222031,0.22304550349893262,0.2395218987586356,0.03516792877408138,0.19483667125524162,0.0905440767621084,0.7659676657483837,0.2639902427171449,0.004812167297738294,0.0019079297437258886,0.30538721695416055,0.045983316506055104,3
6,low_diversity,2,cls,key,all,3,0.8414504656008234,0.24648450976251637,0.5779743454817075,0.19865705371187814,0.5229096979368902,0.20980370258800193,1.5587294792101751,0.036528743882987415,0.5806330719043159,0.24214274781160827,0.023111577456196148,0.0067438976116343625,0.49979811252066586,0.20365882219460188,0.2887065319326754,0.019504321089002803,0.2752767866290729,0.10747997844772114,0.7670556765809017,0.23152935909318684,0.0047364144720080685,0.0019134352906070389,0.31999823568269103,0.05415858881564385,3
6,low_diversity,2,cls,query,0,3,0.8177160209523229,0.23344684136645755,0.5310210495982309,0.18809252487333214,0.3785219998960507,0.17189502752187671,0.943467320975577,0.12533132567750382,0.42686303756277577,0.19957164457161566,0.020554006981635186,0.004139921507339664,0.3579679964618249,0.16779783271881424,0.22895871808928023,0.029550185272700643,0.1576088861401154,0.0680758014622233,0.6821959600328497,0.22188609312324636,0.005309634203458149,0.002146132072007409,0.3575426485086486,0.07877073229313908,3
6,low_diversity,2,cls,query,1,3,0.8205937395576895,0.23054054204675353,0.5814208209258143,0.20507810107358515,0.4404601974770137,0.1859524833798193,0.9738366258361398,0.13914961979071683,0.4772516384459109,0.2094485500798235,0.02246195849764979,0.007097127038086833,0.41799823917222745,0.17983700103449315,0.23971804361269555,0.025888425869237248,0.19606461338215433,0.0769264745570046,0.7315265523271502,0.20881218489114636,0.004664011606523259,0.0018645478524543795,0.3010954661246497,0.08645009546838626,3
6,low_diversity,2,cls,query,2,3,0.7943463092714226,0.2206360923067674,0.5440369256952226,0.18414147061215572,0.37783162052037395,0.16834666450061628,0.9201190851372875,0.14748028070997773,0.4111268583885718,0.19790867277675425,0.020743721609257835,0.006126732206688458,0.3570878977576892,0.16278234840410044,0.22342641594402302,0.0389952562193974,0.1669671338536831,0.07046833755680075,0.6953158916180776,0.2113808187399238,0.005400946176836663,0.0021486121951070276,0.32390748926532065,0.05407982047582623,3
6,low_diversity,2,cls,query,3,3,0.8576724549703636,0.29071854709013645,0.5815030960462472,0.203466433595259,0.45131207726146677,0.2121248805893208,0.9390453773382138,0.15274400708871821,0.5266891762962431,0.2631562604419406,0.023038587638769637,0.00538308187168276,0.4282734886263356,0.20727390292466177,0.24228758470083003,0.03388632797199216,0.19788934164448213,0.07704786727434847,0.753824020270363,0.21551027925458546,0.004870500433202269,0.0020409762364915194,0.3237323533558126,0.013647627060857858,3
6,low_diversity,2,cls,query,all,3,0.8231600440087431,0.2423094031263285,0.5551780590974547,0.19246955872058627,0.48289778387685667,0.18699128200719237,1.5567556377723946,0.032790672613765164,0.5487537363508208,0.23020021678285926,0.021562927423722362,0.005080814505752552,0.4613348557190462,0.18214897878976335,0.28143334063209496,0.0199090156076003,0.25261027806174435,0.0955922767118164,0.7317558230519902,0.2142748703782834,0.005061273113824427,0.0020393830495090116,0.3326085999340816,0.05588028756019562,3
6,low_diversity,2,cls,value,0,3,0.8076205534977579,0.21982753623780946,0.5994138938395115,0.20098150976982443,0.4709756603445627,0.2421102219796203,0.958527578128257,0.13821975535195327,0.5061378658272337,0.26602062214238525,0.025974001933002113,0.0074886312703961,0.4450016529722647,0.2371507934933682,0.24521736818212936,0.037719721599294195,0.211681256063645,0.111714086816541,0.7721060697311174,0.2394639906215298,0.0048051826077315845,0.0022987275053864835,0.2667115369940396,0.05155555173108786,3
6,low_diversity,2,cls,value,1,3,0.8272876069563764,0.27811185622825757,0.563086575133078,0.20073858774428183,0.43603162082092245,0.2168742392608029,0.9358737650117631,0.1266942625937291,0.4961331561503939,0.25106476914772025,0.02265836218738872,0.008982692505213765,0.41337325988393836,0.20841211746883265,0.23933341212167536,0.035214025943225175,0.18465322570036805,0.07528122005884667,0.7138149757678637,0.23172044714949513,0.004960962786395667,0.0018785452672299666,0.3210421924155049,0.04701836912124712,3
6,low_diversity,2,cls,value,2,3,0.8724545748251659,0.2477520920467881,0.5988405996685754,0.2081036394412754,0.44230087014323405,0.19646919044374506,0.9434733224869775,0.1716920139036009,0.4808168502062591,0.22040863413195402,0.025305630469864063,0.007411175986542333,0.4169952447215716,0.1906561197965927,0.23461954686516182,0.033758736023007406,0.19240994066643016,0.07278514929170019,0.7491692797807219,0.2137116255724904,0.004863094647810089,0.002150351451986796,0.3228684571880532,0.05844314281326415,3
6,low_diversity,2,cls,value,3,3,0.8341974596785189,0.19736146109678077,0.5741920010864289,0.19073915320777624,0.4677459296903712,0.22840793538222173,0.9731716243537574,0.16802748088542416,0.5047966699437904,0.25687107955587535,0.023917796951013082,0.005121652811179521,0.443828133019534,0.22330535906202725,0.2470844814487628,0.03974334611793724,0.19638556092245704,0.09469071890293525,0.751093359002577,0.2189492842698876,0.004535289114397583,0.001760617988728219,0.3231421259724856,0.07304098114078778,3
6,low_diversity,2,cls,value,all,3,0.835678424910558,0.23529023765136647,0.5800766144955968,0.19924821962030176,0.5344118659675093,0.2251564970999791,1.5600572258084247,0.03617907716409249,0.5905531798609966,0.2576379978828134,0.024380937430330294,0.006772575138683862,0.510030935659553,0.21888319572837425,0.2900101888662385,0.022645103279654882,0.2763063518998647,0.11395691647171481,0.7662501198050675,0.2247153455687221,0.004791132283792125,0.002018277945572304,0.314370128489217,0.054729016573063706,3
6,low_diversity,2,token_mean,key,0,3,0.18556897772837458,0.0036383409094690577,0.06451216414909605,0.0018569375396103207,0.019767042320276883,0.001512391172289292,0.16859523929316733,0.012000824970972077,0.019795225679237485,0.001643509688198482,0.0012121075247484966,2.75996042775204e-05,0.018554935295304113,0.0014867422528379163,0.14611111736738303,0.007976614446200259,0.016511266334813045,0.0008088759292208785,0.08702858342603255,0.0073610665904635195,0.011413483697017937,0.0007350168563747992,0.6521916675346818,0.015048728377461585,3
6,low_diversity,2,token_mean,key,1,3,0.1665434303027993,0.008539306417569057,0.06456901259491017,0.0034942944427564194,0.019459072240320386,0.0015758109559280429,0.1801117318086443,0.005876550731041955,0.019444339043758214,0.0017034020193350294,0.001177613890225378,9.760672503823972e-05,0.01828145805153657,0.0015046997343259334,0.14381753787831172,0.005906866654205601,0.0157632127573436,0.0024633054117513633,0.08822435122372362,0.008389406392243578,0.011616101347361551,0.0007114025028578719,0.6109491648527042,0.03967225138640015,3
6,low_diversity,2,token_mean,key,2,3,0.19076740885534163,0.003282245176648076,0.06796175975021304,0.0028517322002788487,0.02074519591372685,0.0019832410918412093,0.1680599658001808,0.006446811594163239,0.020845390290454287,0.0016561525131222419,0.0013136896653150236,0.00021113514179823908,0.019431506283581257,0.0018100080635007002,0.14481833135489683,0.006191589191309869,0.01630600863832898,0.0025219305552524655,0.09419077145137482,0.002039280994930608,0.011485928965901787,0.0010540702264504507,0.6437675681281927,0.01259694617789252,3
6,low_diversity,2,token_mean,key,3,3,0.1911065275583352,0.007843189233212713,0.06424794537380835,0.003331264336545836,0.019657792064307577,0.00204436089584692,0.1578791733865589,0.015505441442584766,0.019747539754877603,0.0015780313446634006,0.0011634126532237244,0.00018905700859475223,0.01849437991128952,0.0019006318918574515,0.14352346603855007,0.005954576655034578,0.017446067936783393,0.001531168973865461,0.08692490910147731,0.00458022215790205,0.011873026618338896,0.0001373952625885529,0.6629671149151214,0.031232207864871745,3
6,low_diversity,2,token_mean,key,all,3,0.18357352357156287,0.0019977754465193495,0.054347849618870285,0.0012522416570617996,0.031307840137630445,0.0025546435148449294,1.250098461317805,0.010536269936446062,0.03162017680630028,0.002338789710169402,0.0012702629120956938,0.00013688290279336056,0.03003757751800797,0.0024475537266018307,0.2558754008287807,0.013605893695077633,0.030597683289610152,0.0008742641966866968,0.08709096640579383,0.0012776568446641594,0.01159713516068278,0.0002903585192044752,0.7038967374965118,0.008849542431542966,3
6,low_diversity,2,token_mean,query,0,3,0.19318525142717216,0.010617144238911679,0.06419292258267056,0.002089441140325361,0.02026156059321148,0.00045583984156574763,0.16321110597803132,0.01663449413962165,0.020334956099146345,0.0006828234625360795,0.001160355875706018,6.278985895382615e-05,0.019101204773919148,0.00039982814528131565,0.14886764205327804,0.007191851652581984,0.016887959421647808,0.002012692586256301,0.08935903491925658,0.006540573329005087,0.011041780722073534,0.0005652131706366958,0.6670822204528403,0.02066210875757634,3
6,low_diversity,2,token_mean,query,1,3,0.2110602778302395,0.03727645032032201,0.06594078549935027,0.0037027341991384207,0.01926754064268627,0.0007756610552719289,0.1497746333465141,0.010874566648117697,0.01924587144920827,0.0009331007287326511,0.0012429895617639306,2.7508465914740916e-05,0.01802455076496258,0.0007593633800489872,0.14349848410977226,0.002170208222756408,0.016026567331785705,0.0014946897103785368,0.0887656195835435,0.010065574123317215,0.010806276731080177,0.0008743691282129816,0.6820773925741359,0.04776479771531917,3
6,low_diversity,2,token_mean,query,2,3,0.18894865580210352,0.0197374583121824,0.06551250066083801,0.002077922382861077,0.01943458062143621,0.002045636239000176,0.16616627520824614,0.013246116121208844,0.019335787091132733,0.0015958601763432334,0.0012689209468204133,0.00013600013870957583,0.01816565997785691,0.0019427301968740073,0.14420259320000686,0.009084737122346078,0.015741640010006573,0.0015215220895179907,0.08909533098783397,0.0048475647405561,0.011181005516625715,0.0004394665528644863,0.6505516308534877,0.040811199464043796,3
6,low_diversity,2,token_mean,query,3,3,0.1946161288752226,0.00791897072979366,0.06427288216106687,0.0020056044989316415,0.020259936110994567,0.0024355324292665874,0.17083116017518085,0.005720138967175394,0.020380241941597724,0.0021156851887639,0.001247159384409756,0.00017948722783902188,0.019012776422173236,0.00225745771535423,0.14563956758888044,0.006436349737506932,0.020177588214383254,0.002786241260667289,0.08929244063905006,0.004190578035604949,0.011877455946170923,0.00036542504816276566,0.669327843366792,0.018509092515505695,3
6,low_diversity,2,token_mean,query,all,3,0.19713251650107977,0.014602861016940005,0.0535432468147688,0.000626387763921611,0.03154628083405891,0.001614052652688957,1.2557024872424725,0.005929700070589471,0.031896103022014614,0.0013795162685704852,0.0012656887371452865,8.343850797819574e-05,0.03028059217401526,0.0015326462241365632,0.2590521865614103,0.005125298266497067,0.030403654556254486,0.0004416828702220294,0.0862130750710627,0.0028040689498753167,0.011226629669016058,0.0005238391524995139,0.7273285226600286,0.021773814839427332,3
6,low_diversity,2,token_mean,value,0,3,0.1712616808043541,0.02164703294707983,0.06518374423724133,0.0011115284044143489,0.019151687519023148,0.0014311059294673512,0.17092013283091687,0.0030234898417900854,0.01923280835107924,0.0011969448401387803,0.0012300172988254801,3.672231360200886e-05,0.01792167066455339,0.0014075219006176463,0.14422576357357483,0.006617544181201226,0.01746765824373835,0.0015630457395683387,0.08783189898969228,0.0023402944279647788,0.011668791698122566,0.0007848612011997167,0.6144726563282475,0.058400791775068135,3
6,low_diversity,2,token_mean,value,1,3,0.17810744960408006,0.008327049684941041,0.06444227297539723,0.0030229051520134194,0.019866460240853995,0.0016194730010787204,0.1762403579473059,0.014708701944571193,0.019789339245916665,0.0015872188219527785,0.0011633728188991715,6.77464965862727e-05,0.01870308722595148,0.0015804693997792008,0.147066864954331,0.011319716886390423,0.01582619553371171,0.00047914183135095047,0.08812357684675397,0.0015003536004297247,0.010909754543028997,0.00043354136630603175,0.6371517237918323,0.03316663560956297,3
6,low_diversity,2,token_mean,value,2,3,0.17740634422052867,0.01827269797997241,0.06506122776100098,0.0016446652835950808,0.02080066486549997,0.0032191652225365044,0.18154495513768099,0.018940899742611195,0.02073939559992068,0.002712600673982598,0.0013050570352899024,0.000155493821385731,0.019495607755908913,0.0030640870285345285,0.14818489572249616,0.017652441224213864,0.017248765066577472,0.0018056335185374557,0.0888105337853689,0.003943211306484404,0.010578633159060371,0.00010014487670215205,0.6307300688101867,0.0381109760255974,3
6,low_diversity,2,token_mean,value,3,3,0.20179968394069428,0.03242856697231043,0.06912383813051798,0.003054303301454658,0.02173712972933183,0.001469138605287407,0.15850229794889725,0.009575460018440656,0.021855899896620026,0.0016555185542736848,0.0012283521117007529,0.00010708617160614323,0.02050877781584859,0.0013630995198964265,0.14757941062197089,0.009862398196371691,0.018649131418392927,0.004202194510489494,0.09445157796466996,0.005189806770327547,0.010380408895963972,0.000282548236581792,0.652742398138149,0.04406507093724362,3
6,low_diversity,2,token_mean,value,all,3,0.18197086553214248,0.008356804434924587,0.054843650955848665,0.0015225115967695112,0.031622524824765526,0.0028757482454168353,1.2542447105503365,0.007550680338416254,0.03186866573978078,0.002597089883638519,0.0012863809683811712,0.00013869654450617875,0.030336144295605747,0.0027503920586859926,0.2571696320569402,0.011859291274374755,0.030748678430038714,0.0008445073549977564,0.08734741059659991,0.001314569313828906,0.010884397112849083,0.0003235312003195393,0.697947099535757,0.021766131764165267,3
6,low_diversity,3,cls,key,0,3,0.8130407604652992,0.108482740383647,0.5740264028069839,0.12491654691495263,0.4234848285919261,0.1428440522749512,0.9255736186352111,0.09478310118808027,0.45403304130525574,0.14539340198296682,0.02306660201231187,0.006258856181700043,0.4004182253371586,0.13715619390579972,0.23459765183758682,0.026182200717077993,0.18489278113303773,0.05284437659838802,0.7187777461067549,0.15057746721714968,0.021948144319608356,0.007281455555348769,0.2965327167797805,0.09438704009217251,3
6,low_diversity,3,cls,key,1,3,0.8416750081786022,0.11109066266437356,0.595215226028231,0.10469611057076238,0.4390815923576398,0.09797837423559966,0.9279459725506394,0.09456003792681594,0.46398964151856936,0.1037614633022904,0.02213643447524219,0.0010593176754526861,0.41694515130736615,0.09852647657812662,0.23756459742661754,0.013731554359140249,0.1907389775497849,0.04585348833102512,0.7470865020476284,0.10538947180013415,0.022242339059823386,0.00852196146069226,0.2920939053971406,0.09313872686303976,3
6,low_diversity,3,cls,key,2,3,0.7950661657748457,0.10749647142774278,0.5769793281269561,0.12911138788510154,0.4497528927463437,0.1354338249702701,0.9384815679075063,0.09389235369241566,0.4698292859132551,0.13877274451223073,0.024370293111794377,0.005450050759389298,0.42538259787992994,0.12999970849269643,0.24706468033423612,0.02348671758432567,0.20079989139654306,0.050781831504858654,0.7431625322680987,0.1324909555105676,0.022025136248857685,0.005228926098159862,0.27814286146114675,0.09779738441954593,3
6,low_diversity,3,cls,key,3,3,0.8108710832462909,0.1660610839425075,0.5978123605356962,0.1535232123026246,0.46498370224087576,0.17643263121471306,0.9576090842272039,0.08845444927185898,0.4943127011839952,0.1875695167614527,0.025807110155283502,0.005625401991562381,0.4391765856381619,0.17238662683288902,0.24603657999333284,0.026621480555468514,0.20699181266859146,0.06620439811375549,0.7606576785013304,0.17364499640443468,0.0219971684908325,0.006658492527773441,0.2656515349201954,0.08198285988586312,3
6,low_diversity,3,cls,key,all,3,0.8155956727243131,0.12354812682513837,0.5839553508207769,0.12889962041180444,0.5393658489849783,0.15352851655219438,1.5570458027630913,0.022715449861033278,0.5821034857862307,0.16030434883429145,0.024045958621145197,0.004632857662605273,0.5153198942090526,0.14942197321487252,0.2941305071260824,0.018554651216135695,0.2839323319211792,0.08286256532861029,0.7701137992822682,0.15049266250128324,0.02205319654648051,0.006886725741278898,0.28593364568592,0.09615165098688255,3
6,low_diversity,3,cls,query,0,3,0.7901811752490816,0.11793074487391506,0.5286271331069822,0.11560842719831682,0.3666754322844354,0.0913610921574507,0.9534947350999956,0.07310497182486995,0.40219753399084385,0.10043215855596685,0.0207816198552874,0.0011216149646790018,0.3458938135793715,0.09038738410184097,0.22672137336471154,0.01334431340595692,0.15957329866143763,0.05079083386679533,0.6683013172641196,0.12499034145673642,0.025548801644507683,0.00862497517138816,0.3285240987357151,0.12697635978409244,3
6,low_diversity,3,cls,query,1,3,0.7801640620189717,0.10461086865756831,0.5754426436911783,0.11867016393993708,0.4176220172257626,0.0828652174476656,0.956182504209634,0.05475578164312237,0.43150208110067867,0.08979352613992685,0.023095687442092283,0.0038616544159558266,0.3945263337456819,0.08281444747576092,0.23505578293472204,0.008938646829572634,0.19312788071852915,0.04771416201747905,0.7249008961224801,0.10647657812930554,0.02295615360366576,0.006989743478720626,0.26344239473621994,0.11028551104923132,3
6,low_diversity,3,cls,query,2,3,0.7680546736816417,0.1157541313552152,0.5461205823538012,0.1210055818615068,0.38417530678856143,0.1167731525211319,0.9380953235898316,0.08832009719034833,0.4065395362787541,0.13124663940668096,0.021872207155507622,0.003095702084365911,0.3623031000747825,0.11432662682107676,0.22734851081257887,0.023252253350262504,0.16555028451634093,0.0452108430416236,0.6922150607437668,0.13083358692482694,0.025812356450566742,0.007620949146010191,0.2915143973152717,0.09047744584979053,3
6,low_diversity,3,cls,query,3,3,0.8285749583035109,0.15529754292341655,0.5846783316797989,0.13480614359027224,0.44278440633290783,0.13153136951188177,0.9180462294164133,0.08571075973911306,0.4852289330061617,0.1529638246757672,0.02333208698440682,0.002483123035897419,0.41945232518694614,0.12940791391344367,0.24197581504628185,0.018364040338763356,0.2007690163006266,0.05727297404536476,0.7471659875852256,0.12350790254586305,0.022790863601998848,0.00714353105139737,0.2971085153718572,0.05738863189608472,3
6,low_diversity,3,cls,query,all,3,0.792280184554064,0.12161058174911912,0.5545506828136672,0.12211730063532007,0.48538916032436924,0.11566781077794175,1.5628684296358226,0.02939428608322352,0.5298731475774433,0.1328428274247317,0.022391230573482582,0.0018705871410231978,0.46299793006795825,0.11382737048246662,0.2827907884812703,0.009586388828569922,0.2516939093820097,0.07048662498627561,0.7271166182960075,0.1271852674742793,0.024277043923961395,0.0074854054267115295,0.3012329106332496,0.09913086821807884,3
6,low_diversity,3,cls,value,0,3,0.7778160916407445,0.08433397954138822,0.5973140844465878,0.12291677580687453,0.4528819358749468,0.16150951841856212,0.9282660833613171,0.08394985908380156,0.46792050241874544,0.16495543946415342,0.025145498471278133,0.0038362865874671864,0.4277364376819495,0.1609350221983782,0.24025859305234443,0.02731763178433455,0.20344360898451366,0.08195307434905862,0.7551490222421116,0.13571538894212304,0.021863343194127083,0.008428992985685214,0.23654495208982107,0.08339740410404543,3
6,low_diversity,3,cls,value,1,3,0.7908024185121695,0.1315063131568213,0.5647801903471951,0.11264293969626073,0.4357191428351954,0.13104843171408664,0.9591780274399723,0.09526855962779703,0.46399338635694215,0.1398063608039781,0.022901527132048752,0.004026170850551636,0.41281761206460726,0.12737835895614036,0.24326107634530195,0.022325902312823494,0.19172136004012386,0.057360734994117334,0.7090645555950835,0.11722284142014258,0.023351320968658634,0.007585088104863682,0.2851875787188328,0.08324175493532977,3
6,low_diversity,3,cls,value,2,3,0.8393495682481076,0.12681089174832377,0.6035683097075415,0.13010796585403575,0.4484941230316298,0.1387042257476972,0.9390592470160851,0.10971877052012434,0.4725156638978352,0.14392967317400948,0.02670776803102909,0.0052842564182705885,0.42178635773333645,0.1358917294515715,0.236668195337661,0.02359804879777833,0.19452998093811172,0.0536253525556448,0.7472758264730275,0.12129883533534978,0.022745727166307697,0.008540526864928361,0.28207151700664823,0.09766139058699697,3
6,low_diversity,3,cls,value,3,3,0.8124646304116979,0.07452747274149674,0.5860498611443994,0.11542868503083925,0.46249077941778377,0.13680513992938406,0.9532005633526408,0.1268521759002031,0.4891271809812472,0.1522233658949527,0.025526509105199668,0.0006256236261221008,0.43696426871148014,0.13648351196102607,0.24702636510765563,0.029733002529323652,0.19544896883704976,0.0700479500910049,0.7524366270300725,0.1346243773693941,0.021107404408129776,0.0057513198467960165,0.2826369258997932,0.08650129942373329,3
6,low_diversity,3,cls,value,all,3,0.8059026058088179,0.1028182867745443,0.5851167064531201,0.12178601559874798,0.547225615927646,0.1527333858212103,1.5606136537434934,0.01721713350950903,0.5832453576354162,0.15770493812267433,0.02505886530729406,0.002969825894585521,0.5221667479385029,0.15026148928314395,0.2951812557813267,0.01878481880898234,0.28267677133269875,0.09176088825609596,0.7641833166682246,0.13448908799193124,0.02226694907541528,0.007565538555146573,0.27665296106676834,0.08995247595338275,3
6,low_diversity,3,token_mean,key,0,3,0.20890979945317312,0.009171434724313855,0.08059682388341823,0.0030804749868902554,0.02951213445179519,0.001173506389252187,0.2217824045117455,0.019701038133985195,0.029093814307354363,0.001265944347349546,0.0018893731555153588,7.764979207514961e-05,0.027622761091951168,0.0011091827650187242,0.15518192703400815,0.004535450106286819,0.021327166013073735,0.0016629737809985832,0.10586576501562285,0.007552517562406607,0.013684610017772878,0.0012004330641994933,0.6135935295597464,0.025390619085041623,3
6,low_diversity,3,token_mean,key,1,3,0.18129849440243542,0.002249103708784076,0.07854832819485776,0.003413954327224116,0.02817368397097227,0.0006965357233253362,0.2335978012487964,0.02183889963927099,0.02813074788995665,0.0005378848037431421,0.001733289953060166,4.364603718929555e-05,0.02644039394164627,0.0006622643470607817,0.15325033240729777,0.009072545506848119,0.01717848635761582,0.00151515694305871,0.10373300740537489,0.006437761423292606,0.013895088679749859,0.0009659256457830985,0.5666535655612447,0.021062093317467605,3
6,low_diversity,3,token_mean,key,2,3,0.2021134890138729,0.014179687303278687,0.08132756145808169,0.0016283929145900601,0.029063190462712565,0.0010753812351323932,0.20013333294905247,0.005559199469863496,0.028964788980174117,0.000711575298512196,0.002007998464360946,0.0002362775539266947,0.027055192202555412,0.0009961854539111434,0.1528644157738647,0.003404769439198752,0.01871293082077306,0.003882695454721801,0.10938580339759668,0.004059313651560376,0.014158057937906546,0.0009868040601423783,0.5959608107254678,0.0357396707805035,3
6,low_diversity,3,token_mean,key,3,3,0.19920539116151356,0.005682567762712244,0.0774141701349411,0.004632285640793855,0.02868124032600071,0.003838269327737619,0.20934668242626372,0.005344769680712162,0.028743459406224303,0.0034636761806997474,0.0017809921745069776,0.000246317256300148,0.026900248178704216,0.0036362236722395124,0.15523119099033075,0.007416739745059045,0.020159482382222104,0.0030251788915975097,0.10221449267388205,0.005934666764128703,0.014646568250927057,0.0002626274940799084,0.6108900163310563,0.03161390822243026,3
6,low_diversity,3,token_mean,key,all,3,0.19786198909010277,0.006151602788946731,0.07108605383642934,0.0020881452312745846,0.0495630414672688,0.0028775636271478684,1.314012654428747,0.0041793903831752735,0.04987129243365673,0.002559232909351723,0.0020226590347716187,0.00022398767156181295,0.0475403829054399,0.0026890540221483506,0.2767821076367832,0.007947180631841813,0.038821679201542364,0.0005819184871003012,0.10734016563784225,0.0024712789321775772,0.014096081369754038,0.0007162803324467945,0.6403948463615091,0.018541246416320892,3
6,low_diversity,3,token_mean,query,0,3,0.2016738458210896,0.016913332909051625,0.07929575324174808,0.003717614615671528,0.029591452476081706,0.0013094613390915624,0.21411739715676648,0.014816723703500652,0.029297149695845435,0.0010950842385237143,0.001879876818169247,0.00014533066117795258,0.0277115757097349,0.0011716202427456484,0.15536063689797938,0.010078163308482591,0.021129056701042582,0.0015737167148450982,0.10633426558759128,0.00829329107404839,0.013115120303788872,0.0009893775981735012,0.6059801469614834,0.01503476848929114,3
6,low_diversity,3,token_mean,query,1,3,0.21821912171413752,0.028123534499242365,0.08140737905034594,0.004961790562608311,0.029182155113803485,0.002380818403313831,0.20638004510972843,0.0319335323552615,0.028852796706412314,0.0018173365534843039,0.001891304393983305,0.0001568163564692523,0.027290850637875726,0.0022351669863405104,0.15420347101769702,0.0069537580620304355,0.02015318476566015,0.002907103476170982,0.10635838948285885,0.013163190222631035,0.013299060463340895,0.0013780853977313598,0.623659449472989,0.04178298823874928,3
6,low_diversity,3,token_mean,query,2,3,0.20404975295781588,0.015929700192257385,0.0808567937994817,0.00277764215341487,0.028749260293367537,0.00411822363134678,0.22652336295114853,0.012720123825044127,0.028388049816866406,0.003796847066947866,0.0018063780408931161,0.00019124351972134225,0.02694288196719506,0.003939969311912244,0.1520080580133055,0.011380055531525825,0.018888520491661134,0.0031208144049099675,0.10668365211074464,0.0025186207255889796,0.013693156948482449,0.0007867410197718609,0.6027011245630068,0.02178114184160908,3
6,low_diversity,3,token_mean,query,3,3,0.20428793024695424,0.016129608462064068,0.07964014679711368,0.0019040212536662183,0.030276409481065452,0.0031619678573098684,0.22741968874081184,0.01354702123694594,0.030220099457647722,0.0027665252532467167,0.0019357560377102345,0.00022703372613587958,0.02834065303657994,0.002934936722848306,0.15704692504504997,0.009334893735622473,0.021394795793460528,0.0032962652175126572,0.10775854188657001,0.005793551010881596,0.013885021280271538,0.00038355814689682976,0.6088274955777547,0.026369644121386433,3
6,low_diversity,3,token_mean,query,all,3,0.2070123825984919,0.01261940990035714,0.07157116694098516,0.0004920990286706729,0.050877798183786245,0.002729665874755369,1.3108880918491455,0.0061897084752496985,0.05128167834821101,0.0023835419340740445,0.002001719703636781,0.00016562654817143721,0.04887607812204144,0.0025669889411362398,0.27894134946009747,0.007649278306770767,0.03805653899826036,0.001689083266071011,0.10770336588340022,0.0042342698712699075,0.013498089600805984,0.0008127127440381498,0.653403235074213,0.021360090558714417,3
6,low_diversity,3,token_mean,value,0,3,0.18675781461362628,0.024727217921909107,0.08175115360678946,0.0031610329207225622,0.028469114983739413,0.002898922191911853,0.2266146535372668,0.01975559132598118,0.028185374312080222,0.0023174881348154196,0.0019745932597398873,0.00020763953105293025,0.026494521563026036,0.002694337841237031,0.15133849494710583,0.009421850764374495,0.020574113533724795,0.003718792980022576,0.10712983816211775,0.002021943846535288,0.013543812050060793,0.0012856856563195533,0.55588732620971,0.07373789333618125,3
6,low_diversity,3,token_mean,value,1,3,0.20429898096563423,0.01866433680805119,0.08161650889274019,0.0024364494406749174,0.03002756137195055,0.004516850151167835,0.22139353148394003,0.04173138683948002,0.029876161353762754,0.004554401344160749,0.001851665814738777,0.00010848318764653523,0.028175895906646143,0.004408367379549633,0.155186651478863,0.0161810164911914,0.019957811264741318,0.0018047360060499946,0.10765009752756298,0.004738398543005927,0.013168470059154612,0.0005749474009625852,0.5977028733618303,0.04612663038249393,3
6,low_diversity,3,token_mean,value,2,3,0.18949659613975314,0.01652657073819272,0.08329980100182845,0.003369435682904563,0.03140821660080954,0.004836671861063666,0.22591580292766267,0.03328942431883962,0.030851074034842395,0.004604854812953097,0.0021960019260983577,0.00020972831992253492,0.02921221526621869,0.004718218252099734,0.15657296059743198,0.013883293729670081,0.02133815116457771,0.0005937391091288647,0.10979064293797798,0.0059704023341955155,0.012515205889940262,0.0006019799381485444,0.5587148337823616,0.032666678273982494,3
6,low_diversity,3,token_mean,value,3,3,0.2187740391045964,0.030520190933587474,0.0853505160575201,0.0017322811111440092,0.03136056746895138,0.0013915342090617335,0.23698120387261837,0.02520074920079808,0.03127757154728445,0.0012960517443006076,0.00184898426364684,0.00022060809286421132,0.02951158339044813,0.0012898497706131324,0.15642853155743508,0.009289392818558702,0.022340496747497565,0.004448610887751051,0.11511833518155473,0.006861730791408736,0.012397060029660211,0.0008793276928399327,0.6051382660826552,0.05093381898613233,3
6,low_diversity,3,token_mean,value,all,3,0.19964710512855843,0.008474379894984741,0.07464186423936217,0.0027630175757919723,0.05142554848408618,0.003985220064816863,1.3170679818253224,0.007509501408267349,0.05162507169252025,0.003520536735648816,0.002211539611876519,0.00021764083482951624,0.04921400857468446,0.00378881953514604,0.27339525457533226,0.004966545593867307,0.03929245630840839,0.0009104148108430007,0.11119934653430964,0.0029516826001137115,0.012906137077758709,0.0006707202108965412,0.6253093248307097,0.02904155551132066,3
6,low_diversity,4,cls,key,0,3,0.8881954038382545,0.052259576718552664,0.6180781073222407,0.13207704253523755,0.4557103327983543,0.13131763283109535,0.9520581411257915,0.0739580920169334,0.48509589844158213,0.117500325714584,0.02572481677105481,0.008067873243490087,0.42998551757949777,0.12327755192770128,0.23472199567540195,0.019174347860829662,0.17777282374247794,0.05494056929502148,0.7639353357911262,0.15245686922949425,0.07477175399209514,0.015268812197536345,0.3076928863214342,0.11001822119802097,3
6,low_diversity,4,cls,key,1,3,0.916306580490807,0.05182452011421977,0.6520687575077723,0.07994657702388677,0.5008568357403612,0.10058336787110757,0.9755284109980269,0.0959642165835618,0.5369491960170983,0.0808464448285869,0.025089551243140842,0.0024291623072855615,0.47576729185653455,0.10134102492789511,0.24670930017944093,0.01484456328141763,0.204806731732583,0.07684826933460732,0.8023752662135327,0.11103007159435856,0.07420749239849322,0.020377228856785463,0.285763639024695,0.10691165929635894,3
6,low_diversity,4,cls,key,2,3,0.855225720354596,0.0492788438780932,0.6330276301528315,0.13580346074499142,0.5033708471132913,0.14790764838499196,0.9822900577133543,0.05160397127362702,0.5296580236361322,0.12502213949082977,0.02752624336404331,0.0069514387160488555,0.4758446008870096,0.1410823008799117,0.25355993989714126,0.016826001148848045,0.22781736416281143,0.08277912741378425,0.795220991008505,0.14302078090460413,0.07333877389178133,0.008671782452779763,0.2638788439915533,0.11618177313815145,3
6,low_diversity,4,cls,key,3,3,0.8681736042995355,0.12199893235426097,0.6292414344839108,0.12254653354174455,0.4914038788477811,0.12793272258144522,0.9737072762701101,0.0654648629850377,0.5360731917826876,0.132508903304397,0.02716457424685359,0.0024229952963341593,0.46423929839423206,0.12617103330901538,0.25126393006729125,0.011412179162150008,0.21508293497783545,0.0667156937640604,0.7992470527239618,0.14385439255340407,0.07235878931753563,0.0141686040763276,0.2763392947381316,0.07793841526722822,3
6,low_diversity,4,cls,key,all,3,0.8839517917828097,0.06288008273255903,0.6308064875345614,0.11799183999918965,0.5917614516145341,0.13564627817259292,1.580623245545335,0.024471330900835874,0.6428021829337517,0.11668258627782793,0.02662438049799565,0.0032439015253292076,0.5651370733976364,0.13255527941118814,0.3002488923847162,0.010755298437445457,0.2999573738486921,0.09482581436074934,0.8165382832777303,0.14562364495930968,0.0736692034159646,0.014354718913962974,0.28813058127811125,0.10405566025770059,3
6,low_diversity,4,cls,query,0,3,0.8563002055765377,0.05337277786988286,0.5761128730158708,0.11918422056280716,0.40690720223835175,0.09435366149742375,0.9721727934085332,0.0683597349465938,0.44767460011270305,0.07942834719838893,0.023045739469428856,0.003497993649563408,0.38386146024321066,0.09266597336671886,0.23052948401487572,0.008054220026398055,0.17769241047888706,0.07346775977916781,0.7152838721203026,0.11718880377038478,0.08841733713493204,0.024168242434511565,0.3263589867022729,0.13539394973554933,3
6,low_diversity,4,cls,query,1,3,0.8378576388500641,0.014723536770382298,0.61601345424513,0.09410150217807034,0.4495619289257602,0.06961486860974632,0.9846775348947263,0.04979032107569554,0.4840831087334207,0.05527900461295191,0.025200350421734834,0.003059229816889205,0.4243615827325618,0.06891546818656703,0.23883507990323452,0.008259261394934008,0.2065788995845608,0.04618456591345185,0.7637677987768706,0.08868246525749679,0.08142759086507739,0.017899386695731104,0.26555465403401785,0.10258442980206688,3
6,low_diversity,4,cls,query,2,3,0.822561965014945,0.048223707672771565,0.5878884718876484,0.11690879371026099,0.4266530901127621,0.1186553908289016,0.9604744124854436,0.07616661107579704,0.44771816633949674,0.11532927643871686,0.025291152806444603,0.0009214363594201697,0.40136194229125977,0.11779681825424929,0.23462585883193518,0.01388410963683794,0.19534461768698597,0.06888994040145513,0.7377155980949421,0.14012061911544976,0.087425148396781,0.01428388383000546,0.2880174856748849,0.10886871872605801,3
6,low_diversity,4,cls,query,3,3,0.9129768996952126,0.07480358336326645,0.6191508715896014,0.11840298380719873,0.47099974610759815,0.10487231368914605,0.9592413686752597,0.083838576361974,0.5239823776608543,0.09440130987606188,0.02433055000041019,0.003654636350804829,0.44666920263658866,0.10128105227039418,0.24375740339889507,0.0074746086418685615,0.2042056673300182,0.07726353447067322,0.7745867148973172,0.11568002833642103,0.08086337544249765,0.017211902576096474,0.32565189463857086,0.07399771160224582,3
6,low_diversity,4,cls,query,all,3,0.8582657517921991,0.046258655277079376,0.5966749069280811,0.11200338856591123,0.5257322386533719,0.11363403738807505,1.5803685962141938,0.02984056290231862,0.5775946790919103,0.09968361090826075,0.024424257293117767,0.0023115290244133586,0.5013079738075082,0.11180227863095557,0.2853546265804919,0.007007302808757423,0.27178743330037886,0.08364183621724862,0.7699232004442439,0.12219581256737042,0.08453336346781615,0.01779892117073405,0.30676468048613625,0.10414613371412132,3
6,low_diversity,4,cls,value,0,3,0.8530457560137806,0.052303993951219575,0.6522205722346486,0.11211330159932448,0.48407248417369325,0.11590456730655617,0.9500579703601933,0.04708208912830256,0.506191458931892,0.10205873072904906,0.027568828836647852,0.0014374489588931648,0.4565036565516934,0.11476811516795539,0.24025863981659065,0.012526381266274662,0.2082160354627952,0.07538695028426018,0.8093033770558038,0.1293349120827523,0.07306666243256944,0.02075244093066826,0.23877362590505322,0.08201148917358213,3
6,low_diversity,4,cls,value,1,3,0.8707428058762184,0.03727819129828697,0.6210093062543617,0.1084704276157468,0.47994703746753203,0.11904276780126365,0.9949077458965033,0.07647953447871646,0.5243510974071134,0.08507282092967076,0.026759456744361105,0.004486510967024159,0.45318758171616186,0.11460505556316873,0.2474873604519617,0.01526748454446698,0.21775815762508988,0.08814067828664239,0.7649743379631139,0.11456309610208826,0.07782976047107668,0.01857511381026381,0.288044316646146,0.10647528615168594,3
6,low_diversity,4,cls,value,2,3,0.9012639875460039,0.057874947613398606,0.6522071267718844,0.11049248138147584,0.49295884891222447,0.1238114906903675,0.9968366403334317,0.07033220541048164,0.5297304376035146,0.11924339053308702,0.027348884395464804,0.004260449149996327,0.4656099686116883,0.12323084378497906,0.24432518822819183,0.017288968119236987,0.20207179105822917,0.06482749634136857,0.7871819377247995,0.12625629807025002,0.07563669166781685,0.020348228943026896,0.2762518880321556,0.11088633422856119,3
6,low_diversity,4,cls,value,3,3,0.8710253566076306,0.03951646331305069,0.638553282501769,0.11218687073763649,0.491265188865517,0.10325030673807163,0.965289907188783,0.06717708498363861,0.5198834589340972,0.09553527654677108,0.028624394964991196,0.0026890478141593675,0.4626408007108804,0.10062123419002864,0.24715051953399791,0.011530119359585578,0.20076129145783086,0.06494507884092464,0.7925288502485929,0.13788360965302143,0.07127941207903804,0.010783490257626942,0.26928934265031196,0.09852239589799804,3
6,low_diversity,4,cls,value,all,3,0.8748768004116879,0.04091042911266475,0.637780572052367,0.11109599154572686,0.5960938183080098,0.13839682194315914,1.5789593504555366,0.023098182855426364,0.64003901965,0.11500576207283765,0.027124537070366467,0.0025844652731618987,0.5689692826885165,0.13587863834626812,0.29845218338593077,0.013757549879117086,0.2988342562681488,0.10352967391707409,0.81472633524403,0.1349281054273668,0.07445313228350697,0.01740570252165337,0.2729064424025937,0.10088397567265375,3
6,low_diversity,4,token_mean,key,0,3,0.22770371868716832,0.02344817074622917,0.09670202276261436,0.005439730834402903,0.037256424266240463,0.0005970406119809427,0.268248598185077,0.01883838804962556,0.036275499564150375,0.0009151893571349023,0.002574843114637064,0.00011026192082475356,0.03468158056564403,0.000530388356656916,0.15587004988842687,0.006333247670837414,0.022323354489393498,0.0016155363726562892,0.12196058324253051,0.008559703661137981,0.017566371483333183,0.001706889973678921,0.5736604246432788,0.027806042545542323,3
6,low_diversity,4,token_mean,key,1,3,0.19868447728039038,0.008503221141641773,0.09354173711171666,0.004099797156614093,0.03640465529832084,0.0021846900419995314,0.26821445730179627,0.03375942518139162,0.03599341007592264,0.0017576491015581467,0.0023595390428619626,7.653938674209018e-05,0.03404511655257507,0.0021528493024058244,0.1552272678487915,0.009043322469979952,0.02096605397957807,0.0019506455729129586,0.12099005075566545,0.007259305034647343,0.017448718066919933,0.0015944046084642196,0.5291961364673723,0.004310682832407135,3
6,low_diversity,4,token_mean,key,2,3,0.21257603023059254,0.021901155449903204,0.0942655818398818,0.0038952700212212922,0.036089434690623666,0.003836985243274689,0.24813237497384066,0.01812463516611278,0.035743028157785274,0.004666006993954549,0.002536825459118876,3.632187236636013e-05,0.03355260904539715,0.0038468627856806255,0.15342616903308368,0.00667690720785926,0.022025720775018114,0.007239986897747552,0.12289898505084984,0.005411766317371853,0.01831815578043461,0.002043591846025488,0.5543620223411655,0.03309218123795733,3
6,low_diversity,4,token_mean,key,3,3,0.2111321898270677,0.0029125387125539665,0.0911601990936131,0.00597679046486041,0.0361638027536306,0.003922443496529515,0.2667593881153251,0.009463718751616347,0.03603101786837879,0.0036890226087282164,0.0022875838807191362,0.00019101151840970144,0.03387621908702634,0.0038221570478584503,0.1581058609177055,0.00441623380423305,0.023226898686136293,0.0017611332208765204,0.11825676872852205,0.004973842418314818,0.018595430858884796,0.0010944125537275717,0.5681651796482563,0.029077809006972388,3
6,low_diversity,4,token_mean,key,all,3,0.21252439529607867,0.013676302468164935,0.08790393610650817,0.004001147277498267,0.06345201212664553,0.0022755493586437735,1.3512967498722848,0.007478345762834183,0.06376974316726988,0.0028803458715464096,0.0027193807428843825,0.00017842983975829697,0.06073263253677975,0.0022215376991734205,0.2733732865574697,0.0030466514267000577,0.04435308581868169,0.001923695058980447,0.12563734851723987,0.0029926537526124087,0.017982169139114292,0.0015829494259103508,0.5857570363440655,0.020064179680746065,3
6,low_diversity,4,token_mean,query,0,3,0.21629558235447433,0.019551096877392486,0.09417150814644655,0.006160130801812019,0.0359001783500289,0.001967482790902121,0.2729078074087776,0.01464302105756949,0.03529296504212851,0.001662705951544072,0.002434336120848346,0.0002700306905299216,0.033465842349511214,0.0016979319363118804,0.15141449292757436,0.007871116978018152,0.021533282294898873,0.004178280557303836,0.12064368378675687,0.01090806343343041,0.017242170954969795,0.0021129212857236394,0.5639449395438575,0.01152508490095287,3
6,low_diversity,4,token_mean,query,1,3,0.223149789041188,0.022794753423860954,0.09716332223764268,0.005299177795257147,0.03658230107546637,0.004279493059666626,0.2624293123978313,0.016572836974855877,0.035940090271566076,0.0038065752635228858,0.002489963696324126,0.00028478240628747336,0.03409233723174442,0.003995854932649292,0.153595280219009,0.009832804610278262,0.02274398215236928,0.0024581168835271583,0.123336385613918,0.016191659104023162,0.017467806948292437,0.0020151876340307375,0.5627159187825042,0.031097566090019325,3
6,low_diversity,4,token_mean,query,2,3,0.21581774769255144,0.021790369498090097,0.09363161361273496,0.0009071667720479306,0.0350963374584907,0.003605865617107363,0.26367590108051847,0.019560940722477604,0.03435284219022038,0.00345486620227416,0.002267119808080183,0.0001764535980359527,0.032829217443412,0.0034332718712094252,0.1522172298661065,0.009931749949408306,0.019132471386505714,0.002448652595754911,0.11942117020041164,0.0012228871662869907,0.0181667103403897,0.0007603623934155412,0.5633263525207286,0.04201239615184159,3
6,low_diversity,4,token_mean,query,3,3,0.2181342668933557,0.01510917418494908,0.09563356545251007,0.001689392308566425,0.039193162422933185,0.0022401562812105298,0.28478880577897625,0.007695985339674294,0.03917664973575691,0.0016941541774793316,0.002513115244007415,0.00021717155691644425,0.036680047400295734,0.0020234072802574536,0.15912333468355153,0.005760799933428693,0.022390428826947667,0.001851837876172515,0.12463042726691248,0.009297264192969654,0.017262394963340325,0.00039880112243741676,0.5604621226012806,0.024900526853245855,3
6,low_diversity,4,token_mean,query,all,3,0.2181971623555715,0.010876876496792158,0.08898547508849097,0.0015073297174345412,0.06379015183557729,0.0020648822072028114,1.3484162841827676,0.0033576096720392096,0.06416215033866411,0.0016553555501009625,0.0026804136948406017,0.00017728710440816615,0.06110973893241448,0.0019008165819775595,0.27085047870925644,0.006836778975548817,0.04205881221465019,0.0029116556455166826,0.12559790370660012,0.0064109834205395904,0.01753477088994149,0.0013021494877084336,0.5917280372357552,0.013576854674702458,3
6,low_diversity,4,token_mean,value,0,3,0.21024064798572142,0.028949101092269666,0.10007833505184506,0.00619940932329904,0.03691863470818813,0.0033629379101494986,0.2792189620904444,0.026166010306369263,0.03641737412160568,0.0030658873893285765,0.0026600849832351687,0.0001900816384897692,0.0342585499483076,0.0032002332135819913,0.14954729717596704,0.007228802469209395,0.0217336712348311,0.003211370741996668,0.12575561718684497,0.004784159299346021,0.016442301711349777,0.0020505246746056614,0.518477003703382,0.06754948804343373,3
6,low_diversity,4,token_mean,value,1,3,0.23143593675638832,0.022259502091932906,0.0991791601017239,0.002187604203281839,0.03881828777595405,0.006064012041132589,0.27469430521754634,0.043670681710969134,0.03843544496906164,0.006200794195806142,0.002582389928372295,0.000198641950537032,0.03623589842269818,0.0058654275914591745,0.1550067984271923,0.018499688497991093,0.023476471665871346,0.005269336146557916,0.12686768552308678,0.008219309636323375,0.0164478626948866,0.0013853446523138802,0.5682342708795701,0.050378390848408526,3
6,low_diversity,4,token_mean,value,2,3,0.20667635240770968,0.01955424493642352,0.10226110894515571,0.0031499506695226273,0.039833583242924554,0.004541732635728871,0.2758180907442431,0.03910808513005808,0.038781793143406705,0.0049360030705643335,0.0029488842825010197,0.00015585024363413028,0.036884699101475155,0.004697156866323041,0.15334169051226812,0.008542838049956284,0.02331530690875897,0.001900986911611269,0.12821018701060546,0.005523289873583755,0.015585156355166073,0.0015738622257163778,0.5031615803654542,0.03253143796239478,3
6,low_diversity,4,token_mean,value,3,3,0.23375698990041097,0.018601118811173427,0.10160146667829141,0.0027543794934606707,0.03929572529496226,0.0003328069681184716,0.3093578978221227,0.01580704852577456,0.03873888484478225,0.0006254300907102515,0.002536290405480417,0.0002937113759157537,0.03675943514275731,0.0003010213395592895,0.15464561134218102,0.004460112662009621,0.025691826190010782,0.002794193824434162,0.1334526711725942,0.005962738919528473,0.01564157964435942,0.0016625766989938598,0.5633012185651902,0.040650572789136544,3
6,low_diversity,4,token_mean,value,all,3,0.22041369181126416,0.004824773909937655,0.09502125589518917,0.003728572243955356,0.0668429833138538,0.0017633761213824003,1.356094010966239,0.017491697081878865,0.06706230547258844,0.0017892627680101624,0.003091509469827129,0.00014333300710879705,0.06375147340198357,0.0016622975773209617,0.26596863741383237,0.003607851795453447,0.044705618164638916,0.0020044842772043154,0.13300727111453414,0.002839232500715547,0.016029225069690834,0.0013575866045574408,0.5686424976718288,0.022705811127556205,3
6,low_diversity,5,cls,key,0,3,0.9787804270324306,0.06398030869129222,0.6776501689244095,0.12431162569504976,0.4814728835617124,0.11477164855420421,0.9891687755076033,0.07154438574071202,0.5329917931803058,0.10734071849128157,0.028231714682822876,0.005105088682840493,0.4532411658402646,0.1098009126218079,0.23360773140834082,0.016842654113378455,0.18007172599198065,0.042509340774210494,0.8197172756313714,0.1392611919495457,0.20016205265666498,0.03826085157218766,0.31104520881240555,0.07967554733929351,3
6,low_diversity,5,cls,key,1,3,1.0203009870460236,0.023299366368746192,0.7092247813408666,0.08201538375987615,0.5309792153365492,0.1183400308553402,0.9801846935976176,0.09627773585752492,0.584613050749257,0.11310214129832794,0.029498615132814102,0.003507833960436282,0.5014805969866839,0.11630829118918726,0.24699482392795122,0.01812923815675696,0.2092831896479033,0.08447356529483285,0.8701533918827606,0.09657936104513345,0.19659561212315704,0.027386773088500557,0.3039267613512213,0.09057477401150478,3
6,low_diversity,5,cls,key,2,3,0.9498985204285857,0.09737183208652297,0.6910192747160672,0.14667533150311926,0.522886790430633,0.16268254832857829,0.9980819796381099,0.08175468235887898,0.5605225703672425,0.14293976435310887,0.029919650645531492,0.008532662341424342,0.49296713913931994,0.15415529829714317,0.24690638038890522,0.020046311903630393,0.22936117023360092,0.08680725916706167,0.8570786818422881,0.1641614593375366,0.1973349756815217,0.027074457278572724,0.27690208152398404,0.08581729233498413,3
6,low_diversity,5,cls,key,3,3,0.9626881923610555,0.1123535462384613,0.6812127946132526,0.09206911864474739,0.5253364820445533,0.1090976561410767,0.9993127209412366,0.07472126336343456,0.5780699659741292,0.12787259792870043,0.03171320578478502,0.002695016277824804,0.49362327293916186,0.10646404208578,0.2506128181638728,0.012342756292307222,0.2148482437277194,0.04656645865710498,0.8659561758154238,0.10584278698626211,0.1872000762007453,0.026699676846117737,0.29301435845059715,0.026017614560793257,3
6,low_diversity,5,cls,key,all,3,0.9824862440235078,0.05885765492510006,0.6899840943482086,0.11241602959691431,0.6207212938090648,0.12874875124559268,1.6070565499577032,0.02664009231890275,0.6974020117835406,0.11577431048306971,0.029973479340586695,0.0038990033465582533,0.5907478142868389,0.12488549818716635,0.2955271224455073,0.01072266182960781,0.2999963526946291,0.08255454040219674,0.8829086343962785,0.13149175944585711,0.19532317826242154,0.02272355808894312,0.3004746696984454,0.07066933535068107,3
6,low_diversity,5,cls,query,0,3,0.9697020895656596,0.04410910413665836,0.6475827402520453,0.10949514895846069,0.43669852058382386,0.1177899022235129,0.9859442247253728,0.08615396700757247,0.4862218888647411,0.13175982336439995,0.02522389218211174,0.0028284452961273476,0.4114746322686022,0.11580904656183755,0.2254296294766592,0.01901766068595334,0.18354300019961575,0.07176623002213281,0.7965029413142868,0.1066233010545215,0.24677094862316595,0.05598347759437466,0.33463735738392497,0.08177268357723251,3
6,low_diversity,5,cls,query,1,3,0.9515857129790359,0.0577788554493347,0.6659631972297303,0.07921557145766475,0.4710947066886182,0.07641821942824129,1.0176811142788293,0.05479445264695701,0.518189283402792,0.07736775792188383,0.02728831713003191,0.003270521264540445,0.44380638590364746,0.07501004449927401,0.2378258458445673,0.014610395082315252,0.18669767506613552,0.04044509630508436,0.8119849536716863,0.0855832013288183,0.23173896516814377,0.04195647988067777,0.30031997141461425,0.06833573351922236,3
6,low_diversity,5,cls,query,2,3,0.9335951485422357,0.09759645477301662,0.6523491981935203,0.13027441440711832,0.45148132577929195,0.11303417194878496,0.9901853448749671,0.05564044104137742,0.4913550408591812,0.11891096706113943,0.026453742588108235,0.001887924576246346,0.42502758245576516,0.11198194263915441,0.2306872752358291,0.012314828792135291,0.20737169817594533,0.08927405807826978,0.8150209935541812,0.15769694843264617,0.24355534757628586,0.01233882094875658,0.3052529513825755,0.06913014243251281,3
6,low_diversity,5,cls,query,3,3,1.0421886867781844,0.08577721960167688,0.6620264388240198,0.110491870034985,0.4837069204093763,0.08498234440474205,1.0124704325126872,0.08881201238216649,0.5569570824686405,0.09334801281190803,0.02833403093796788,0.0029665431924467533,0.45537288961085415,0.08222960664417456,0.2417715876259341,0.00997248273526752,0.18215053405269743,0.06326341405176221,0.8293126314468141,0.12684918299693995,0.23754775117744098,0.053047696072010854,0.36716391701388135,0.05873959830753245,3
6,low_diversity,5,cls,query,all,3,0.9748811729643467,0.06669035982922168,0.6554811763910227,0.1064402133395257,0.5381637546176005,0.10547367126381207,1.6000835245389269,0.019846011276396656,0.6163612654972629,0.10611690322410068,0.02720797946676612,0.002241714237829743,0.510955783905405,0.10351285381045555,0.27582239688436827,0.007763723418669954,0.2663729072969819,0.07650427096101867,0.8359430449777833,0.12383953235653022,0.23990325584556116,0.03822792019208348,0.3301183803683692,0.06584806640043488,3
6,low_diversity,5,cls,value,0,3,0.9608782474629085,0.09473690453551395,0.7016892599185427,0.10937713153188341,0.4851049831467989,0.1070801796935662,0.9794986445736837,0.05245710116131821,0.5278570285446379,0.10819514491377455,0.02944836486130953,0.0024573274704648026,0.4556566190087434,0.10512413295671448,0.2326571773371371,0.015786201281033543,0.1995535345375807,0.06927884854856071,0.8753804039218752,0.11670245047348045,0.198401525842421,0.04542722756096994,0.27199599355219783,0.04874182881398043,3
6,low_diversity,5,cls,value,1,3,0.9940150058248584,0.06828394036345847,0.6895677537519093,0.1177805851777591,0.5138498736381795,0.11336861115070722,1.0162558291643544,0.05224195532793384,0.5759069756205081,0.09001369711996816,0.02959298187245925,0.008896447968051122,0.4842568879777735,0.10529125423010993,0.24492588014187347,0.01157163133766416,0.2447425418442808,0.10746311465256277,0.8509274644304191,0.13578823115583186,0.2034130882133137,0.03781876750682665,0.30869857911014104,0.08041732480365288,3
6,low_diversity,5,cls,value,2,3,0.9950534476337295,0.05032447494240936,0.6967769229759363,0.10125900766415952,0.5164542535695705,0.146065425949561,1.0100016894992307,0.08930681477638228,0.5717759748345901,0.15051680118446883,0.027980244549160652,0.004113441804085418,0.48847400148709613,0.14306027022945583,0.24345645764145482,0.02680883628199014,0.21555633124909926,0.08651036423307376,0.8423402191813723,0.11425722293538941,0.19179888701800143,0.018174158191687478,0.3019775691656977,0.065893666626252,3
6,low_diversity,5,cls,value,3,3,0.9761607241436091,0.0685651533618135,0.6993601370603901,0.10095784158739776,0.5094745736832311,0.09147887717119539,1.0126436656647284,0.07834498782113812,0.5541562507914809,0.0756401836889565,0.030126975736383232,0.0031198859418663204,0.4793476006298354,0.0886933824053718,0.2439638732954584,0.00996763057625601,0.19748197764773656,0.06385945037327917,0.8461099805536292,0.12078594535733941,0.19218520413745535,0.02551856175533146,0.28593120373911185,0.05186957717049503,3
6,low_diversity,5,cls,value,all,3,0.9820937554620826,0.06850557201716266,0.6957827131272393,0.10932396419467957,0.6154687100096085,0.13147247080241822,1.613527830789307,0.028149609304661677,0.6799866552223263,0.11688682362209811,0.030293934907989973,0.005257538007705791,0.5851747610352257,0.12639502862491003,0.2919395832851795,0.011458386085886736,0.30051827450495616,0.10037327119315602,0.8834942398665536,0.12571992071453258,0.19644967963298163,0.02878661555698013,0.29417965873568525,0.06327481181586621,3
6,low_diversity,5,token_mean,key,0,3,0.23687875996997113,0.02205930085283004,0.11074794332806322,0.008495742124795208,0.04157595392713217,0.001081034131130395,0.30268794885245803,0.00973282698421928,0.040161453470200954,0.0013601286983378814,0.003034638383806768,0.00023896882038938443,0.03854131498232936,0.0010595530238335935,0.1492391466385984,0.00923622337182684,0.023258563945863786,0.001791726974002942,0.13550491170213608,0.008969188445860948,0.022983153943311085,0.0023603620191765253,0.5317952223111969,0.017947425534559268,3
6,low_diversity,5,token_mean,key,1,3,0.2150664770621027,0.014136805312770364,0.10803036414607232,0.004382793520962967,0.04269206338515976,0.0015620647983359704,0.29367729302168194,0.03178729276162218,0.04199766792928849,0.0012673379839767355,0.0028936151753772388,0.00010693111865384671,0.03979844797515508,0.0016473038291933534,0.15250028450844574,0.00650674575958664,0.02285202827325521,0.0012404901556498068,0.1361614391414153,0.006406172528264158,0.022114066915078598,0.002432149939038979,0.49711038952559455,0.013221411831692485,3
6,low_diversity,5,token_mean,key,2,3,0.22217940538059908,0.019163370241775498,0.10597940676202196,0.006180402580073133,0.04105326682122515,0.005944099452039118,0.2918595146466836,0.034616510928549504,0.04023733249744066,0.006430951357262738,0.003016663944546246,0.0002572137815978814,0.038036603198358505,0.005747134250231741,0.15004999014616158,0.007028064040737853,0.022883739425895337,0.006330459633547908,0.13497071966071042,0.005131198239112697,0.02394208630942034,0.0030474599224101606,0.5220043167502401,0.02121644927993351,3
6,low_diversity,5,token_mean,key,3,3,0.22679136292451832,0.0036378651999907337,0.10453199162325592,0.009007427212436947,0.041310500599206164,0.00445180891155375,0.29676380343028824,0.007607366863477012,0.04074990104764056,0.0043388092680147,0.002691079340310711,0.00015260200746159376,0.03861942150714723,0.004334613772787045,0.15403995439503204,0.0034690279817557908,0.024664658417698354,0.002177142107051163,0.13231546029336502,0.005984821942570002,0.023454760963266544,0.0025280039914672933,0.539225681677512,0.03676175156150468,3
6,low_diversity,5,token_mean,key,all,3,0.22550763229649093,0.013098959415266656,0.10331018265937246,0.006651875031499116,0.07220603549848896,0.004450796722182672,1.3748077699071117,0.011043302167513232,0.07235646525008578,0.0051475917943855955,0.003321314126493014,0.0002903912614264453,0.06888472142093109,0.004281638741517263,0.2610657757769797,0.00252985087277863,0.04673436208917761,0.002900173235112005,0.14081658547048448,0.0018889706153224107,0.0231235171527122,0.002360130311522437,0.5417189552937798,0.018650195590029315,3
6,low_diversity,5,token_mean,query,0,3,0.23472947484733986,0.01910481570595156,0.10695607164015726,0.008490929388597968,0.03845698121300314,0.003410954986445191,0.2933192988341507,0.016227196691000596,0.03758097175830982,0.0032269584946004095,0.0027393772677786533,0.0002718263518189026,0.03571760425852103,0.0031441043115465763,0.14060098440418145,0.010456268205492803,0.02193504092279089,0.004478466692306286,0.13085146821192714,0.012891598451594086,0.023625794120810246,0.003645115428467676,0.5442428092225927,0.010139684380351018,3
6,low_diversity,5,token_mean,query,1,3,0.2292144295697367,0.019865375127715235,0.11126036202218009,0.002748960050111489,0.03996775651808275,0.004089950291917398,0.28453676552378643,0.01219907931425667,0.038988054888979363,0.0033417118833914284,0.0030012871861937597,0.00024473261740822795,0.0369664691388607,0.003845231000575163,0.14415296043934867,0.010831677179290457,0.022299977745051883,0.0020306350574863805,0.13690408065285867,0.014934594586560813,0.023404545122475334,0.002358450779577641,0.5128294756040374,0.030711411000656958,3
6,low_diversity,5,token_mean,query,2,3,0.22673684704385574,0.020950926135154768,0.10439236670638853,0.004616809242087368,0.03796146032222474,0.004442266130868502,0.2883408453569128,0.027033228956196805,0.036977747428806045,0.004558275506307972,0.0026947164900996017,0.00027722954382816245,0.03526674329557202,0.004191602386156433,0.1443587493954256,0.009181595959696396,0.01905340750183608,0.003545603981354039,0.12852022430912036,0.002311487595446591,0.025022860560001747,0.001905631755818061,0.5355474056001719,0.06588983108290729,3
6,low_diversity,5,token_mean,query,3,3,0.23400765129802184,0.007486553616293532,0.11005065835096435,0.002169421920674596,0.04344231954661989,0.0022272672381168884,0.31345810187061657,0.014216055308954,0.04310189144438614,0.0022288461029275927,0.002985511934666923,0.00024909732608868534,0.040456808087500656,0.002042074778644074,0.15157163562821316,0.003224572512216823,0.02246427025774901,0.0013486684907008527,0.13694185564812392,0.010675008142926403,0.022656150641992237,0.0007162040025611324,0.5294003024078503,0.017533777940816387,3
6,low_diversity,5,token_mean,query,all,3,0.2311912695918239,0.010524801807241062,0.10395596034189665,0.0025537785085534065,0.06879844737761333,0.0008883432674333899,1.3757878577587912,0.00896107770950361,0.06889132514496871,0.0004077840605910451,0.003217904897279699,0.00016564028167489564,0.06558054301774863,0.0007235743846151473,0.25097855267772334,0.007073563430214317,0.04151566886566815,0.0026920188247571107,0.13803764105896812,0.006229440261878139,0.023677337914705276,0.0016070780484092465,0.5497884971402082,0.021416979879858942,3
6,low_diversity,5,token_mean,value,0,3,0.23534425359076025,0.03585223987236446,0.11821467170164061,0.01100884627917432,0.043844816110550154,0.002143652533664379,0.3362055815229184,0.04617946541304634,0.043089957772902386,0.0017380635980541923,0.003323100083930926,0.00016519521469363882,0.040521715570128326,0.001978640458749775,0.14511960003729615,0.008437622430351498,0.022041679613093945,0.002511178551816098,0.14163018840489291,0.008922765601463812,0.020423429199691975,0.0033620986615272583,0.4934550362385129,0.052536781240713544,3
6,low_diversity,5,token_mean,value,1,3,0.25094372421163796,0.023676199074467885,0.11565878293999042,0.0037177958649567463,0.045636865238012525,0.005979793707448012,0.33737548000196876,0.02305655003394171,0.04499808995289567,0.00625714215652335,0.0031874590451038925,0.00018617411398666174,0.04244940646105644,0.005804330590228844,0.15247716260475566,0.017510048597378012,0.025790123823980732,0.006459609889145093,0.14320071146237637,0.008787098311973093,0.020507186679451755,0.002261618053569604,0.5354587692424686,0.05859964508310917,3
6,low_diversity,5,token_mean,value,2,3,0.22641358004950637,0.01801716845263198,0.12128979165963827,0.004947378291107756,0.04642123354132898,0.004469217002359763,0.32418046817162666,0.028867851196308112,0.04473030710726003,0.005016961094907233,0.003581711733149308,0.0003590044503178562,0.042839521965519954,0.0045779457791972535,0.14838045378036505,0.004476160902566164,0.02407148155986988,0.002135032818335605,0.14548640389229456,0.004254487877576422,0.019299767008333496,0.002690988180613628,0.46256371629731313,0.03787742091548923,3
6,low_diversity,5,token_mean,value,3,3,0.2435261096078362,0.016641292498958408,0.11734586494734188,0.005141449548934773,0.044247381710458646,0.002322414516917723,0.3459157142597607,0.017318778685390092,0.04322216815125718,0.0020662455103231587,0.00305323892230676,0.0005312615488235696,0.04119414268908175,0.0018630379723437909,0.14889709216135516,0.008119870473333448,0.025564149182548693,0.003605604896645546,0.14811739315196262,0.006240238961232902,0.01972374658692967,0.0025267480140708154,0.5165194629891338,0.0420956223909099,3
6,low_diversity,5,token_mean,value,all,3,0.23880203365978417,0.004130493916849892,0.11426422119209384,0.005870926976468516,0.0768038989016502,0.0012858931969205053,1.3746463794292323,0.01877461531029253,0.0767108963349196,0.0019022969652348436,0.003841752701467185,4.96861870702382e-05,0.07296214692971924,0.0013260975296873767,0.25187692077889423,0.009020678186341937,0.04722607412290827,0.0036463296166348107,0.15117151260606007,0.0032327333028481743,0.019988532319213406,0.0021800469050644697,0.5215310407872131,0.022335230672489024,3
6,low_diversity,6,cls,key,0,3,1.186391773444648,0.058508423132190665,0.8185573313702471,0.10543319798320037,0.4683640453487761,0.12999607222065496,1.0496989514472126,0.071277978365982,0.5485610534186448,0.13150999313441478,0.03131324422517509,0.006329864353128942,0.43705079862565704,0.12440453033588364,0.22377263010336393,0.03101893114953427,0.14956644812641,0.05037827617861361,0.9671102000991301,0.13846953576061236,0.36149131732456613,0.03172941274840806,0.31179807229695883,0.05445892441133704,3
6,low_diversity,6,cls,key,1,3,1.2031888152192352,0.04728866512302319,0.8310898422402867,0.07581423367824144,0.5006496736201412,0.14974258720357736,1.0509062107635117,0.09329704896461953,0.5772855070171987,0.16434799099294822,0.03359589655178063,0.005750490494060826,0.46705377779223706,0.144034583760433,0.23092173102827662,0.03168591369618633,0.1782363929911619,0.08327893746376192,0.9966332204599988,0.08660168312804116,0.35577295133561804,0.09453609323310316,0.30896793380370985,0.062255071253698065,3
6,low_diversity,6,cls,key,2,3,1.1532431929066884,0.10514073515028567,0.8096781330128077,0.12524479848695338,0.5033094401945156,0.12374355085393576,1.0594135153457318,0.09488552423668105,0.5628978905124208,0.11064052174416557,0.03388534170208555,0.009354245396581517,0.4694240942145839,0.11473744394440395,0.2317952814980594,0.02553655948306082,0.17253874716421336,0.050838263863954354,0.9840219746721376,0.15380442963424493,0.3364852745876168,0.06154323063362085,0.3003511963292009,0.04593291136255214,3
6,low_diversity,6,cls,key,3,3,1.1763446371840052,0.13464019755952436,0.8100253991943035,0.08981976106062785,0.46488082515094314,0.10121739834431769,1.061312503826305,0.09983625251742757,0.5217387552926328,0.12576695759456274,0.0344712311176188,0.007059296601228645,0.4304095983053699,0.09568612347561224,0.22438218100649446,0.0269075519665939,0.16338746538034377,0.043241013431136205,0.9959663947426955,0.110970888592413,0.3523730549848441,0.07815989033209159,0.31121959691571194,0.002716666549957056,3
6,low_diversity,6,cls,key,all,3,1.1873679580474714,0.07392584619257409,0.8214698330283504,0.09745641434480655,0.5575968616773791,0.12818127190652495,1.6476829027218847,0.03001917432435058,0.6451193421235567,0.13533257936268736,0.03303989657962864,0.006874682923317033,0.5245569786339095,0.12199798960926181,0.2603517417169252,0.025097093357659844,0.22502674617510252,0.07477438660866166,1.0093101686557817,0.12315568073717918,0.35153064876794815,0.026222588023517606,0.3097195584422178,0.03904969668112978,3
6,low_diversity,6,cls,query,0,3,1.2525603075793479,0.06589355170886214,0.8279961436814384,0.07334501143092036,0.36092652625770133,0.11252159957966679,1.02417987530075,0.09186975431605572,0.41441064501255226,0.13918306905559016,0.0312943801382613,0.004649715928902506,0.3296321470177535,0.10807301691453239,0.19659356637300196,0.033030457900697606,0.10417377923471675,0.03903435267460253,0.9841014642371394,0.1399804307842117,0.6083540239117363,0.08987369091616668,0.33967615239682863,0.02681333424268139,3
6,low_diversity,6,cls,query,1,3,1.2371873055524263,0.020355338631742905,0.8219068108165427,0.07381360189864201,0.4128991523684358,0.09105692254757183,1.0598671258647423,0.08508436461711524,0.48362329807103493,0.1200106321699735,0.03198744548541127,0.005232499208799908,0.3809117056203611,0.08741141695398781,0.20871124276151712,0.03008770414089668,0.12703605539087207,0.03866466430292694,0.9850339828372734,0.09224810592602098,0.5161701368563102,0.02540900224754043,0.3360631652872386,0.051164015889314206,3
6,low_diversity,6,cls,query,2,3,1.2191281024248282,0.1164317006049407,0.8247875537566863,0.10332855947639827,0.3917902984676644,0.0764525910229452,1.054302650652047,0.05934434659847985,0.44501799728040775,0.08351864491718125,0.03139105099112247,0.006004757669357335,0.36039924689314584,0.07052593474395895,0.20176828816377854,0.025237056001434426,0.12100591506345211,0.05144318223070701,1.0030446460111953,0.1516901484133775,0.5767662466475457,0.10676230061766494,0.32442617014977726,0.028928190512268536,3
6,low_diversity,6,cls,query,3,3,1.2847373184314668,0.09259783464549325,0.8163197834344484,0.1059171976175733,0.39253597654947314,0.05864197773024285,1.035874678889274,0.08533135863482491,0.4759963426627311,0.08223310391990649,0.03313942682562452,0.008565033795229608,0.3593965454986601,0.05218311313867568,0.2088556222347975,0.020318502130556592,0.11075000819950331,0.04143250501051299,0.992643654864128,0.14337954788390103,0.5757853736480077,0.1618754900109999,0.3662793853454797,0.0391461079880219,3
6,low_diversity,6,cls,query,all,3,1.250625535253085,0.07394400856761935,0.8252183346673657,0.0861972400827038,0.4320481700664063,0.08430626118290706,1.6485706765411503,0.02014822733034736,0.5094111051482179,0.10226645355570893,0.03189320224478389,0.006296708641100639,0.4001549622326186,0.07868648240048941,0.2288948316375962,0.023647107575344974,0.1532426341595234,0.0465434494461626,1.0056052788541427,0.13379351338618448,0.5692689518133799,0.0781011300522791,0.34116566118376096,0.03387729658646356,3
6,low_diversity,6,cls,value,0,3,1.1482203205001071,0.11590181610082877,0.7991292622280254,0.0967473789074847,0.4640280770179272,0.06319497335729853,1.0691386742922753,0.0836739884252285,0.5226118859451369,0.09679562946831871,0.0333756379373936,0.006796835595085844,0.4306524404973695,0.06457092177482998,0.22165420543250977,0.009865866631214264,0.16473817231029567,0.05574211249228919,0.9860896346728616,0.09937070962254686,0.34185296297073364,0.1037451830251834,0.3047123394124298,0.023129973708152445,3
6,low_diversity,6,cls,value,1,3,1.2199668814450664,0.07295043230216108,0.8203825945605357,0.09742747761014758,0.47786094545824104,0.09392758519438917,1.0809584686599092,0.06186390996359419,0.5496558585831588,0.09583825700708148,0.03283269625777999,0.008929788593062763,0.4450282556089488,0.08675550731873148,0.22619034585807726,0.02185080963263286,0.18312538816375387,0.06624288487158582,0.9957263172117777,0.1138453495191902,0.3605107432513526,0.06853196727870703,0.32876363538554293,0.04527206489185125,3
6,low_diversity,6,cls,value,2,3,1.1706428338221009,0.06959658718724707,0.8007520835835211,0.09160929912088855,0.4867793961573879,0.16751492677284718,1.0512963862569509,0.09202318016540895,0.558616646589889,0.18003051551928403,0.03029794811807347,0.007133353127764304,0.45648144004922925,0.16119447451930807,0.22502796492919833,0.04148083180916853,0.16855848661222797,0.0831798338160501,0.9640159684437976,0.09832271608902127,0.31127756992072775,0.025650821030488186,0.31742377929657756,0.03703073312914732,3
6,low_diversity,6,cls,value,3,3,1.192722701502935,0.10078272137627499,0.8247287900733223,0.08952297866702229,0.4614989090537193,0.09093163437623751,1.0965053741145632,0.08324554878973196,0.5218395691172487,0.10129006892875295,0.03280146657065911,0.00839240854988557,0.4286974442727638,0.0825458193687577,0.2257297736645585,0.02462325953114822,0.14941902734817855,0.047196831166002956,0.9786778328035194,0.1186528552350221,0.34515283618009446,0.058652949421716206,0.30941071488028254,0.016973088589888524,3
6,low_diversity,6,cls,value,all,3,1.1846359339681636,0.09060914478729781,0.8136813646412518,0.09422578411054203,0.5446411310500552,0.10049553568051672,1.649655933802135,0.036634709890975135,0.6305312960700563,0.10830685159914134,0.03299317315615939,0.00831587460375444,0.511647953228517,0.09365169934759808,0.25950161151013346,0.01849314008538027,0.2299703446469145,0.07053185493867958,1.0071773493276963,0.1093057760980012,0.33969852960470953,0.04824144158694648,0.3143857295569877,0.02852680054740474,3
6,low_diversity,6,token_mean,key,0,3,0.24915088838900903,0.017855031434936802,0.12872327405745645,0.009246563889524367,0.044026500302843656,0.0010783081325194338,0.3194429533642155,0.008995427081215488,0.042361965526855415,0.001072887256357031,0.003513001752170649,0.00036971326701838166,0.04051349811594595,0.001129684145525875,0.1372147637869093,0.009760527236461805,0.022825870603952487,0.002055577510284087,0.15076615223211448,0.008198776216833913,0.029446856965395535,0.0026126113499774493,0.48330242574785337,0.009121334653943904,3
6,low_diversity,6,token_mean,key,1,3,0.23675764336779373,0.010138386045390718,0.126783563988194,0.005225153977211057,0.047421428458598126,0.0033760929584377023,0.3245756267116699,0.004489248716076646,0.04661798161752758,0.0037729878150421408,0.003391929886261509,0.0003208932698466038,0.04402949819059083,0.003213028336615584,0.14546831431083906,0.0032948822015338277,0.022540488035964607,0.0019905698159587643,0.15174177560813376,0.0040029870422377675,0.027710126402477425,0.0047312625101658115,0.46441544147044694,0.009413303380774693,3
6,low_diversity,6,token_mean,key,2,3,0.23867587582618646,0.010793105201096446,0.1228004977859465,0.009155369338339516,0.04480032256774363,0.007683704397355874,0.31167569631773256,0.02566638143646508,0.04354762681919449,0.007915723503188823,0.003506377095949243,0.0004092861439043459,0.04129394513526649,0.007396140936773232,0.1406433024724763,0.0054605060238334694,0.023920610221721327,0.004939600540873985,0.14869987005331678,0.0028502166082666988,0.03001151369376616,0.004430047444868239,0.4858160906603346,0.01985426035439992,3
6,low_diversity,6,token_mean,key,3,3,0.25188785074191583,0.016340189981407835,0.1235290115907763,0.01444829347000066,0.04476660016560329,0.005625879023117736,0.3225926517581961,0.010124627536277093,0.043914442916014707,0.005357205387206608,0.003242869512178004,0.00035822725150527274,0.041523730382323265,0.0053007494262183805,0.1424896400424606,0.005260854414813909,0.023794904740352063,0.003008686840899092,0.1484117636670592,0.009312852431184095,0.029491853166484474,0.004955669058192519,0.5090112740618727,0.057693652204481936,3
6,low_diversity,6,token_mean,key,all,3,0.24462239499903612,0.007925242478772212,0.12294278007947525,0.009720413917141117,0.07746694908980219,0.006895787733726365,1.3915270046169133,0.010615329643379856,0.07724512604826816,0.007332320477613564,0.0038932748121265886,0.0005069413387369588,0.07357367376486461,0.006534060285850743,0.23968818834975525,0.005348574712235498,0.04619608029462984,0.004272545436350082,0.15701262103665536,0.0020977465330910116,0.02916508757819732,0.0039546350116442105,0.497908772833578,0.023374348710873256,3
6,low_diversity,6,token_mean,query,0,3,0.2595141771659247,0.015589265622527935,0.13090610376595413,0.007089940014232801,0.03751984809764431,0.0022773473286319683,0.32192071895323027,0.021550596858452082,0.03630075185570109,0.0024473337192429025,0.003057796067106679,7.500657030706193e-05,0.034462052171654774,0.002284426572656629,0.1199161877316866,0.008490604433573612,0.018716773908859927,0.00226066510837495,0.1457183724590077,0.007884253738834241,0.034058928659016434,0.004047209383677582,0.4943657152353628,0.04049983445129331,3
6,low_diversity,6,token_mean,query,1,3,0.24456798292597767,0.008854133788449155,0.13368610117497814,0.004257509311084896,0.04021672500391813,0.003878733436040146,0.3232123308178391,0.013117110785545557,0.038646293096933425,0.0033771930939748263,0.0034524047849558742,0.00013287826146042212,0.03676432004254876,0.003757527441951725,0.12630110184776042,0.01043335063493412,0.020449411211354924,0.0003990277037468282,0.1532369618992154,0.012080101828068948,0.03214185938916423,0.001672645416303308,0.4525199899045757,0.03611260215329933,3
6,low_diversity,6,token_mean,query,2,3,0.2457002094256715,0.0313858806931611,0.1253765171174894,0.012759575199573995,0.03694530887747424,0.005739944124626564,0.3094040931867286,0.021832719208982776,0.035415645796270386,0.005750219959326324,0.0031717057114071918,0.0004401023164474485,0.033773603115343685,0.005352624596918408,0.12350815919216818,0.008384640074972811,0.01664096861873033,0.0033728332063454685,0.14152338490748795,0.005165596093840123,0.036521018002972465,0.0038755220365467367,0.4823296847329241,0.10229321244735448,3
6,low_diversity,6,token_mean,query,3,3,0.2513872738457829,0.0019621852955064765,0.13140360339074922,0.008392452976752653,0.04093175847216155,0.0025066977366413174,0.33012979954706706,0.02186340353506761,0.03961747976949093,0.002275757720897866,0.003409361653735466,0.0003689034276148989,0.03752239737095255,0.0021749890726461604,0.12809325434439062,0.007428033190278557,0.01886004933200529,0.00044451157184945773,0.1509310410581631,0.012865750025346522,0.03272394604529396,0.002140622862190266,0.4772096529844867,0.03493226913932188,3
6,low_diversity,6,token_mean,query,all,3,0.2504867770460678,0.011626460499478485,0.12785829665183424,0.006853219547824166,0.0654515158703522,0.0027192379989338564,1.3936840609134258,0.01892079859007404,0.06498204396299494,0.0023799924400235164,0.003607415396607283,0.0002840635218003141,0.061844100103233796,0.0024352270483639954,0.2105575495735497,0.009821914736487945,0.03515512478653878,0.0009304828065636056,0.15262190936933828,0.00559463442479887,0.03386143803822272,0.001215854557242537,0.4881469797175302,0.04928025435914333,3
6,low_diversity,6,token_mean,value,0,3,0.2564071768898777,0.027234447298025554,0.1382293454777678,0.016053472576380196,0.047251182437023746,0.0006912691902295714,0.36135868443151503,0.039353845718500514,0.046068686045683614,0.0012243465050936185,0.0038175074997442693,0.00028141553604004083,0.04343367466759501,0.0009676497311699701,0.1353353105640275,0.012190269704399502,0.021651342943164537,0.0018483177107871836,0.1562290110230793,0.00918785358223614,0.025745553331393185,0.004455584127680026,0.46038662986984935,0.0359376970318643,3
6,low_diversity,6,token_mean,value,1,3,0.266367510280529,0.018904910052614896,0.1350110033871908,0.009828080061035709,0.04970471806750434,0.005716034575133129,0.35688325836077245,0.015656279349444486,0.048731885993765746,0.0063001920346267065,0.0036703035073129067,6.929198378451361e-05,0.04603441547828191,0.005689557191990002,0.1439051594541849,0.019021933095096977,0.026015230938319284,0.005081050540561467,0.1600256738492251,0.0065053621584911375,0.025214475551337906,0.0025209978775435314,0.4901367643775513,0.06965673454377622,3
6,low_diversity,6,token_mean,value,2,3,0.2494526819293504,0.01799537223110051,0.14072877154165042,0.007882223288288304,0.04974061341040421,0.007652537133681484,0.35601306009860356,0.01981794326763293,0.04781306691351649,0.008020192676053303,0.004126236677014579,0.0005233570625653859,0.04561437660771789,0.007307758466261864,0.1375096319735943,0.007801358682020718,0.024200994499201045,0.0037679252551139483,0.16228676569780445,0.0019385011570232059,0.023855796055586048,0.004537426959472357,0.43395174365460204,0.049646168949000244,3
6,low_diversity,6,token_mean,value,3,3,0.2557090190262584,0.016599021382797105,0.13567219102142059,0.008069437862062876,0.045684423025561534,0.0029894656218380582,0.3715167623521837,0.02163957327721086,0.044523645996555804,0.0023479199943685983,0.003515755801786189,0.00041980621765229934,0.0421686673706228,0.0025696613911183126,0.13648428495391032,0.010821785012415614,0.02404670842961958,0.0026731827675740213,0.16051926123817128,0.00721776392050312,0.025253497374554474,0.0031881738179819047,0.467522065328909,0.054547400453635445,3
6,low_diversity,6,token_mean,value,all,3,0.25685154697236423,0.0008626121202708813,0.1352973240899321,0.010290286681677892,0.08134230815511868,0.0029837030749034006,1.3996585585532635,0.011670592504883196,0.08074946347997985,0.003007209696959207,0.004379570477105903,0.00010130306455148573,0.07696273776166367,0.0030192018956695468,0.23123886266528285,0.015486102455166977,0.04632325962607451,0.004164313332338797,0.16708610306919316,0.0024408112859970695,0.025017330394775578,0.002789164079169253,0.4733104320621135,0.03869415979528091,3
