architecture_layers,condition,seed,measured_layer,scope,component,head,ood_accuracy_mean,identity_error,transport_error,holonomy_error,holonomy_rotation_error,holonomy_linear_action_error,holonomy_systematic_error,holonomy_dispersion_error,holonomy_edge_accumulation_ratio,path_agreement_error,path_endpoint_error,activation_variance,edge_improvement_over_identity,supported
2,higher_diversity,0,1,cls,query,all,0.664,0.0,0.0,0.0,1.9333737001642086,1.2759455231003236,0.0,0.0,0.0,0.0,0.0,3.190525306072768e-11,nan,False
2,higher_diversity,0,1,token_mean,query,all,0.664,0.18449696766986612,0.0436821610468014,0.01627729277517351,1.27823404799087,0.016625894700795875,0.0008487553217988038,0.015428537121889267,0.17791246159192187,0.020127674474698556,0.0674060186426214,0.018652589229697532,0.7632364282270206,True
2,higher_diversity,0,1,cls,key,all,0.664,0.0,0.0,0.0,1.9029024715955942,1.2391598677684037,0.0,0.0,0.0,0.0,0.0,7.598955122026998e-12,nan,False
2,higher_diversity,0,1,token_mean,key,all,0.664,0.17068246233042508,0.044290565834421675,0.015998143654995453,1.2770772921907478,0.016302953262445734,0.0008448890704047782,0.01515325421298092,0.18123036898946343,0.01994688710642795,0.06832241775570914,0.01917123921554197,0.7405089824127371,True
2,higher_diversity,0,1,cls,value,all,0.664,0.0,0.0,0.0,1.9013808572140443,1.2162447744698974,0.0,0.0,0.0,0.0,0.0,5.9641242006970594e-12,nan,False
2,higher_diversity,0,1,token_mean,value,all,0.664,0.1530384938939345,0.0403698577472249,0.014321739432152954,1.2800823618390405,0.014363585917656612,0.0006950417234541171,0.013626697748391465,0.17449223648277165,0.01817798096620373,0.06362923755109787,0.020004506307569416,0.7362110883343912,True
2,higher_diversity,0,2,cls,query,all,0.664,1.396451176326423,0.6575024301989794,0.5023499965453062,1.7099807340207838,0.7887449749622205,0.0442281110974198,0.45812186801975424,0.2476799152104409,0.24722356060579811,0.9455441139808579,0.6184713203798641,0.5291618916970378,True
2,higher_diversity,0,2,token_mean,query,all,0.664,0.27661471734736415,0.15260813440667262,0.10836405757138952,1.3674908867409863,0.10685062226743434,0.006313217761503024,0.10205083983865651,0.23154593298691875,0.05651248141846634,0.19743953943078493,0.02794978776100007,0.4483007416592658,True
2,higher_diversity,0,2,cls,key,all,0.664,1.4117103187046103,0.7831360280991689,0.6017130631228116,1.7100525031326044,0.8410975693201818,0.04684584405781193,0.5548672350970182,0.2553448702457574,0.36753502064819105,1.1510180004812103,0.3746865405277772,0.4452572757151928,True
2,higher_diversity,0,2,token_mean,key,all,0.664,0.2376527981130837,0.15018485924146088,0.09236769822562113,1.3598624154807895,0.08997338733971394,0.006294082384556532,0.08607361635023897,0.2152426228304358,0.05446609027142219,0.2052425566451808,0.0305613838982853,0.36804927005320787,True
2,higher_diversity,0,2,cls,value,all,0.664,1.3716449024735036,0.7663980369331255,0.5456803939893133,1.714270389352579,0.7444690370524846,0.0456771939908239,0.500003194944425,0.2422817174715794,0.3492554177910456,1.0978408374227484,0.33868802000175824,0.44125623508601186,True
2,higher_diversity,0,2,token_mean,value,all,0.664,0.24869995657073368,0.1377248292008696,0.08300967440025425,1.3641575540700097,0.0806534980889036,0.005733814185739241,0.07727586003867062,0.21418585801231274,0.043027123893440856,0.16798931152985874,0.02878279450603507,0.44622093586213085,True
2,higher_diversity,1,1,cls,query,all,0.6705000000000001,0.0,0.0,0.0,1.9324702610338926,1.2352901761920039,0.0,0.0,0.0,0.0,0.0,3.909204021096907e-11,nan,False
2,higher_diversity,1,1,token_mean,query,all,0.6705000000000001,0.21368967273254744,0.04433426748723907,0.01616924926080328,1.281248075032377,0.016558753425006005,0.0007657415712442757,0.015403508229858497,0.1742124180780128,0.020753509427024325,0.07244898905478028,0.017733325335112484,0.7925296673427566,True
2,higher_diversity,1,1,cls,key,all,0.6705000000000001,0.0,0.0,0.0,1.9362705582828723,1.0647700372663325,0.0,0.0,0.0,0.0,0.0,5.454295711420693e-12,nan,False
2,higher_diversity,1,1,token_mean,key,all,0.6705000000000001,0.15631995421268766,0.04302886405700379,0.016048107930313776,1.2688111287688633,0.016330753917915844,0.0007543976237436502,0.015293710187754848,0.17346588464195908,0.022112867599457773,0.07149526201048072,0.018806475807319988,0.7247385065219565,True
2,higher_diversity,1,1,cls,value,all,0.6705000000000001,0.0,0.0,0.0,1.936624345357246,1.2646535881284817,0.0,0.0,0.0,0.0,0.0,7.539728036861081e-12,nan,False
2,higher_diversity,1,1,token_mean,value,all,0.6705000000000001,0.15329874733115256,0.03953468708121,0.013772484168742261,1.2748302172714927,0.01385815214808469,0.0007022991062099622,0.013070185393603011,0.16253396372568066,0.018526229907340836,0.06712532963108432,0.02054008562117815,0.7421069136605007,True
2,higher_diversity,1,2,cls,query,all,0.6705000000000001,0.7948250981414098,0.5243410342104969,0.4688314020067396,1.7222440190204364,0.47854620190080405,0.07184520977633921,0.39698619463227014,0.2781398046031636,0.217098929813081,0.7312671061665684,0.6011562916365537,0.3403063951596432,True
2,higher_diversity,1,2,token_mean,query,all,0.6705000000000001,0.23437729672373317,0.13770942583169354,0.0741373401831633,1.3767387771294393,0.07371098055924928,0.0038945482493462887,0.07024279270659793,0.20442386235766638,0.04453529457574793,0.16120181983526102,0.030264433727345684,0.4124455407725973,True
2,higher_diversity,1,2,cls,key,all,0.6705000000000001,0.9044767029641213,0.6162493093786127,0.5477271638538412,1.71369931501362,0.5532445273225641,0.08942160082303664,0.458305570889603,0.285229935146095,0.28821432329890057,0.8668166404827744,0.3301441154696725,0.31866757058632833,True
2,higher_diversity,1,2,token_mean,key,all,0.6705000000000001,0.19981171341512083,0.12526258487022596,0.05327736554144653,1.3654390044462081,0.05275661529232998,0.0030138380349275062,0.05026352693411437,0.1743930483343327,0.033338742871425325,0.15060971387884314,0.03761486649851908,0.37309688841922184,True
2,higher_diversity,1,2,cls,value,all,0.6705000000000001,0.9030504652353962,0.6588461312124231,0.6207410575124402,1.7245710388040485,0.6233258588218858,0.08022380637174303,0.5405172407627106,0.2927828196202592,0.34653562921342734,1.017704185479449,0.2806790525263006,0.27042158043661146,True
2,higher_diversity,1,2,token_mean,value,all,0.6705000000000001,0.22674204053061767,0.12831667595377802,0.06633492378287358,1.373494683781685,0.06638439261944323,0.0028693269546651704,0.06346559710800648,0.20344313239337328,0.04164760575319676,0.1496301760026225,0.027813252569599586,0.4340852024904882,True
2,higher_diversity,2,1,cls,query,all,0.652,0.0,0.0,0.0,1.9403102248962005,1.2434394811255927,0.0,0.0,0.0,0.0,0.0,2.474511725575839e-11,nan,False
2,higher_diversity,2,1,token_mean,query,all,0.652,0.23350318866285924,0.04468177655395799,0.017923641637746426,1.2682430919179482,0.018614518906184378,0.0007903810454246758,0.0171332608866082,0.1868923731773066,0.022952974303475104,0.0717783445523893,0.016563552516427906,0.8086459683491893,True
2,higher_diversity,2,1,cls,key,all,0.652,0.0,0.0,0.0,1.9562149177911896,1.2621352792294238,0.0,0.0,0.0,0.0,0.0,7.214536575473783e-12,nan,False
2,higher_diversity,2,1,token_mean,key,all,0.652,0.17488041326351847,0.042417970542060875,0.015768771477870498,1.2769840895261086,0.015800056054810285,0.000699247940660412,0.015069523614577272,0.17567303782259164,0.019807732045911932,0.06730079488038322,0.018994803963737053,0.7574458468476777,True
2,higher_diversity,2,1,cls,value,all,0.652,0.0,0.0,0.0,1.9232010017459629,1.129698339516759,0.0,0.0,0.0,0.0,0.0,7.1563145245559765e-12,nan,False
2,higher_diversity,2,1,token_mean,value,all,0.652,0.1705636676895846,0.04090169961859019,0.014317701939367038,1.2620089138782111,0.014448338604265169,0.000701332125489981,0.01361637007953091,0.1601199926321251,0.017313534122706423,0.06290244520877865,0.020696123807945034,0.7601968803049617,True
2,higher_diversity,2,2,cls,query,all,0.652,0.9348827287898942,0.6519922136357038,0.4832759143778889,1.6667146888746336,0.5377152386763562,0.029212606097148222,0.4540633112192154,0.2645261013203324,0.3180709714363432,0.7838388667129822,0.5158551660451022,0.30259465325705814,True
2,higher_diversity,2,2,token_mean,query,all,0.652,0.25128905663054696,0.1493392250996185,0.08462364763805512,1.395537062623832,0.0832360865216283,0.004561422403309156,0.0800622274929827,0.20917265580608416,0.050268928644014645,0.16183278588085873,0.029192682694305073,0.40570740683235673,True
2,higher_diversity,2,2,cls,key,all,0.652,1.0577205574360493,0.8399887075213402,0.634701613884053,1.6775225641992746,0.66961777401774,0.03947834374213761,0.5952232710339806,0.2729934234266234,0.43136236709428766,0.9735329372933251,0.2958197756247087,0.20585006917375082,True
2,higher_diversity,2,2,token_mean,key,all,0.652,0.2518319413079721,0.14729701696176656,0.06850035559991571,1.3883193372281046,0.06632103272432387,0.004309807914647867,0.06419054740531878,0.18840629211193785,0.04346083374871348,0.15409144764589855,0.031995577314360577,0.41509795700763374,True
2,higher_diversity,2,2,cls,value,all,0.652,1.0467680584864383,0.8331147766471063,0.6138850594136206,1.674414129305393,0.650779617106517,0.029663872397081417,0.5842211828990416,0.26609820125067,0.41693313630397183,0.9339362774546386,0.31590271673419257,0.20410756719904255,True
2,higher_diversity,2,2,token_mean,value,all,0.652,0.18353875828151606,0.12744063312183854,0.059825107518323865,1.3897255817039358,0.05840551149339106,0.003430793040686033,0.05639431405473839,0.1827826865786127,0.03392210045797842,0.1321590875973463,0.034247694367712196,0.30564729588958484,True
2,low_diversity,0,1,cls,query,all,0.6395,0.0,0.0,0.0,1.9192347058613477,1.2370263148552376,0.0,0.0,0.0,0.0,0.0,2.3510276269980953e-11,nan,False
2,low_diversity,0,1,token_mean,query,all,0.6395,0.19097125211021,0.04538194912680185,0.01905655835355395,1.275717554802827,0.019581648362995776,0.0008245767841634171,0.018231982259418477,0.1912467828603096,0.02434092631334375,0.07209119677799701,0.01110196371816776,0.7623624046795703,True
2,low_diversity,0,1,cls,key,all,0.6395,0.0,0.0,0.0,1.9516950223789784,1.183513634669511,0.0,0.0,0.0,0.0,0.0,6.3088076429629325e-12,nan,False
2,low_diversity,0,1,token_mean,key,all,0.6395,0.16894612825017546,0.04444458279636662,0.018341479022360715,1.266628379967935,0.01865581642289892,0.000846027589762922,0.01749545126222074,0.20179915104472113,0.02429763342136304,0.07190391838163356,0.011546512769365852,0.7369304448897871,True
2,low_diversity,0,1,cls,value,all,0.6395,0.0,0.0,0.0,1.923314743623617,1.1597202062564635,0.0,0.0,0.0,0.0,0.0,4.3202993674997e-12,nan,False
2,low_diversity,0,1,token_mean,value,all,0.6395,0.15713643329223023,0.04205812514140497,0.01704189329314529,1.2763409426870365,0.017056024902500275,0.0007527812929104336,0.016289112221618943,0.19394995944348145,0.02201746589382315,0.07002205806711014,0.011853944552554325,0.7323464440408387,True
2,low_diversity,0,2,cls,query,all,0.6395,1.4306336162550688,0.836551390943492,0.6898614177705121,1.7506564777361284,0.9633128334460637,0.024396507323465565,0.6654648970473896,0.3036421497985224,0.17036308781137732,1.0003061275159288,0.13206498697400093,0.41525811959227543,True
2,low_diversity,0,2,token_mean,query,all,0.6395,0.18495946499809587,0.05650080032977351,0.03330039879055021,1.2612974038752351,0.03393597144410285,0.0013187396279218692,0.03198165912181139,0.2566222722078187,0.030350612154972773,0.08599351728671113,0.011641435833139853,0.6945233360706619,True
2,low_diversity,0,2,cls,key,all,0.6395,1.4535380761289525,0.8694800828437175,0.7938599301050662,1.7325630643419727,1.070758148575834,0.0259694740684195,0.7678904641758312,0.32321574905770467,0.20915255733392438,0.9855592797573799,0.1019367789002982,0.4018181586551156,True
2,low_diversity,0,2,token_mean,key,all,0.6395,0.1873116046325403,0.05562092000748422,0.03154214035453681,1.263679470935565,0.03189327097124315,0.0013058151909552346,0.0302363263273781,0.2537662669954032,0.030561280772252855,0.08718631850865466,0.012871951838447289,0.7030567320343077,True
2,low_diversity,0,2,cls,value,all,0.6395,1.437019663999732,0.8662768727777878,0.7549515779042427,1.7455424097003778,1.0315727012519773,0.026117135347290474,0.7288344448262994,0.3122347464875808,0.178196907894867,0.9603292672013887,0.10741300813176415,0.3971711769297338,True
2,low_diversity,0,2,token_mean,value,all,0.6395,0.1756787385625695,0.05235161919722233,0.02864016942760821,1.2750201206246414,0.028892797988281316,0.001309618439832279,0.027330551381138237,0.24710529830402936,0.027096699583822412,0.08025528209705585,0.013432957528328354,0.7020036708734856,True
2,low_diversity,1,1,cls,query,all,0.6355,0.0,0.0,0.0,1.9323140454755794,1.1199473560804547,0.0,0.0,0.0,0.0,0.0,2.2847438902916618e-11,nan,False
2,low_diversity,1,1,token_mean,query,all,0.6355,0.1954474664097243,0.04305411002189168,0.017782297623484326,1.2657575208311314,0.0181701421968411,0.0007635529354130002,0.01701874436217953,0.18784103391093057,0.024258295598891342,0.07486916602598592,0.010930514386431738,0.7797151796706556,True
2,low_diversity,1,1,cls,key,all,0.6355,0.0,0.0,0.0,1.920710493609247,1.1825738239367363,0.0,0.0,0.0,0.0,0.0,5.217123962955342e-12,nan,False
2,low_diversity,1,1,token_mean,key,all,0.6355,0.17684919671145477,0.045562281667089415,0.01908862956487042,1.2630359462343956,0.019368774194939323,0.0008630519230130383,0.018225578464228998,0.18832264795446108,0.026242509846598188,0.07621723832349257,0.011437325103377754,0.7423664765555688,True
2,low_diversity,1,1,cls,value,all,0.6355,0.0,0.0,0.0,1.9238508516118273,1.2847256221522942,0.0,0.0,0.0,0.0,0.0,6.553287546332391e-12,nan,False
2,low_diversity,1,1,token_mean,value,all,0.6355,0.16608747502926222,0.04246164347123986,0.017987982648455306,1.2622446634016184,0.018157476530008407,0.0008136480418298478,0.01717433553527702,0.18454989944222555,0.02364474632919475,0.07229806738837735,0.011872509452091022,0.7443416882353187,True
2,low_diversity,1,2,cls,query,all,0.6355,1.0897266713009324,0.7590211863763995,0.44613579755369964,1.6864830070852277,0.5214832535201191,0.03068604777482423,0.4154497513716871,0.22923062717273587,0.24646923127237,1.0129124981215674,0.07999442179094661,0.3034756270852136,True
2,low_diversity,1,2,token_mean,query,all,0.6355,0.19908652338078833,0.062300254009787844,0.0384509618799347,1.2729164564093265,0.03915089176573122,0.0016662300622556359,0.03678473178297281,0.2649047444111047,0.03443286054175847,0.09804229685970221,0.010834505993195555,0.6870694562754127,True
2,low_diversity,1,2,cls,key,all,0.6355,1.0419445195328658,0.740418560773496,0.45050129634049046,1.693869492706832,0.5342795322654962,0.026659912726079874,0.4238413924520666,0.23429035789303007,0.25002751194956657,0.9805789865859854,0.06932117485187271,0.2893877294873174,True
2,low_diversity,1,2,token_mean,key,all,0.6355,0.19067685133898882,0.05921534756307874,0.03440825017390851,1.2750167437377042,0.03492660703964634,0.001543286380844868,0.032864964228462086,0.25285813959375597,0.031617005984091735,0.09414649535411534,0.01232721224765886,0.6894465838550868,True
2,low_diversity,1,2,cls,value,all,0.6355,1.0271058098069743,0.7519482379461734,0.41955961049969126,1.6936161638862208,0.4836348997346871,0.02819763966412707,0.3913619728250937,0.2218577998053777,0.21750007509945857,0.9645642122951102,0.06698479198596695,0.26789603294378384,True
2,low_diversity,1,2,token_mean,value,all,0.6355,0.18627471328811415,0.057234329882976345,0.03207311914480712,1.261341643614431,0.032438768168125735,0.0015156722987409341,0.03055744618177414,0.24802155108903198,0.02848042687082167,0.08862272409201725,0.012507295955649832,0.6927423541677873,True
2,low_diversity,2,1,cls,query,all,0.6285000000000001,0.0,0.0,0.0,1.9400883040705437,1.2542949517829614,0.0,0.0,0.0,0.0,0.0,2.6610067053885316e-11,nan,False
2,low_diversity,2,1,token_mean,query,all,0.6285000000000001,0.2168055099830263,0.04821546508693811,0.020504198876422887,1.262379613946785,0.020930136320576952,0.0009403376673369414,0.019563861106607048,0.1941195287773744,0.026930832431494783,0.07799969873627542,0.010622375306080688,0.777609595389375,True
2,low_diversity,2,1,cls,key,all,0.6285000000000001,0.0,0.0,0.0,1.9574128760327971,1.2897958765731872,0.0,0.0,0.0,0.0,0.0,6.249069325450521e-12,nan,False
2,low_diversity,2,1,token_mean,key,all,0.6285000000000001,0.17741366818047483,0.044311163242255626,0.019154676946932854,1.2766646104368709,0.019358176582765115,0.0008025163961891932,0.01835216023027897,0.19236006976008893,0.025557558667326282,0.07356858073272894,0.011517689774998209,0.7502381654316514,True
2,low_diversity,2,1,cls,value,all,0.6285000000000001,0.0,0.0,0.0,1.9190713839050124,1.1629653683940686,0.0,0.0,0.0,0.0,0.0,6.099106384080147e-12,nan,False
2,low_diversity,2,1,token_mean,value,all,0.6285000000000001,0.17425405830913498,0.04455670868095489,0.01841658247094334,1.2712941531543178,0.01862799284572107,0.000772538248301399,0.01764404437166046,0.18190028545702394,0.024296463599289803,0.07173480850413645,0.0112664022652263,0.744300310057002,True
2,low_diversity,2,2,cls,query,all,0.6285000000000001,1.1182847072973479,0.8467573672406885,0.6895550082803518,1.7260205175592462,0.7613536962058501,0.02422118711877953,0.6653338237242266,0.2836793055383048,0.3924274572910469,1.127183424429201,0.12552125819704749,0.24280698670455947,True
2,low_diversity,2,2,token_mean,query,all,0.6285000000000001,0.20090419054086614,0.06686346885828374,0.044814810286262066,1.2973688757359318,0.04540283422625133,0.0016908567472869022,0.04312395575371655,0.27341720632473393,0.03814822287080482,0.1010508240455484,0.010995472019368952,0.6671872862468592,True
2,low_diversity,2,2,cls,key,all,0.6285000000000001,1.120792853124813,0.8402810714778055,0.6858074763303574,1.7434727217471517,0.7633249194138351,0.023218853145160458,0.6625886207277124,0.28366454590179085,0.37930067741666496,1.1157933500833888,0.10438844426111742,0.25027977370209853,True
2,low_diversity,2,2,token_mean,key,all,0.6285000000000001,0.1816285900850174,0.06175045352032141,0.037360172164295366,1.2953708092559735,0.03765377797112743,0.0014560240881771526,0.035904147238893944,0.2551271342717873,0.032983696580252665,0.09171785603197824,0.01304864464327693,0.6600179878541312,True
2,low_diversity,2,2,cls,value,all,0.6285000000000001,1.0934326048284884,0.8756460910359928,0.6823744665637266,1.7405170124274363,0.7479028783107308,0.025076625403016806,0.6572978333993391,0.2745382706711193,0.40962337115108144,1.1696446298762142,0.10741241073066538,0.19917689744276168,True
2,low_diversity,2,2,token_mean,value,all,0.6285000000000001,0.16857333233851754,0.06447271999432365,0.037991002384689734,1.2897963326214694,0.038219424659737475,0.0015586578255434606,0.03643234378912232,0.2522429704376603,0.03026610726777687,0.09272508878816581,0.012344239829954777,0.6175390312338733,True
4,higher_diversity,0,1,cls,query,all,0.6625000000000001,0.0,0.0,0.0,1.8908632556456404,1.2709041137027641,0.0,0.0,0.0,0.0,0.0,2.1166057543017562e-11,nan,False
4,higher_diversity,0,1,token_mean,query,all,0.6625000000000001,0.17520243032354205,0.04166878508829636,0.014837929448531356,1.2780139870392992,0.015069393104277557,0.0008023061335817064,0.01403562324544923,0.16738315343853724,0.018784266543444967,0.06563887217418822,0.019032752310687847,0.7621677678137933,True
4,higher_diversity,0,1,cls,key,all,0.6625000000000001,0.0,0.0,0.0,1.9435614808612642,1.0962803430206194,0.0,0.0,0.0,0.0,0.0,6.7516696542303425e-12,nan,False
4,higher_diversity,0,1,token_mean,key,all,0.6625000000000001,0.15039443862434443,0.04228159972860366,0.015605940381609862,1.2672418261889453,0.015740180194742017,0.000792193842988292,0.014813746135173873,0.18123735169570027,0.018890392293070896,0.06593687604454697,0.018526082181117752,0.718861946523071,True
4,higher_diversity,0,1,cls,value,all,0.6625000000000001,0.0,0.0,0.0,1.9366685800330539,1.1108711935565307,0.0,0.0,0.0,0.0,0.0,6.267428298252119e-12,nan,False
4,higher_diversity,0,1,token_mean,value,all,0.6625000000000001,0.15516210356261625,0.04226957558374057,0.016575377643675178,1.2726577342444372,0.016628523214403976,0.0007320254609856585,0.01584335204891183,0.18734401712783652,0.021271409913717673,0.0664084905208382,0.016588082706386394,0.727577967730487,True
4,higher_diversity,0,2,cls,query,all,0.6625000000000001,1.1691748481878415,0.885033620632085,0.767193512947202,1.7178010716533665,0.8571557057959819,0.03496726204387166,0.732226244427941,0.2997812828226634,0.40127816353562507,1.0981417152270414,0.1647972742264921,0.24302714687727,True
4,higher_diversity,0,2,token_mean,query,all,0.6625000000000001,0.22173918614228227,0.09770083513902646,0.07425292463086511,1.344951074590173,0.07474692713243881,0.003173625038471073,0.07107930054718797,0.26780191383747864,0.04123514561450023,0.12546216293532053,0.027859324504705994,0.5593885012442714,True
4,higher_diversity,0,2,cls,key,all,0.6625000000000001,1.1427023276057247,0.8985549735818258,0.7795140539654551,1.7035769767806022,0.8582364951657048,0.03432128696956418,0.7451927634802732,0.3035959108333817,0.4006066053069269,1.092472178183603,0.135846156288277,0.2136578775816924,True
4,higher_diversity,0,2,token_mean,key,all,0.6625000000000001,0.20287119845377186,0.09689085825088867,0.07182129364804901,1.339133038076364,0.0715687149623462,0.003232938888355751,0.06858835335482251,0.26539244368300724,0.040586879410922476,0.12479083087170602,0.0282078298994086,0.5224021004984247,True
4,higher_diversity,0,2,cls,value,all,0.6625000000000001,1.1190226049179293,0.9306362174082415,0.7923558683825177,1.7108132302215002,0.8501157878277706,0.03822327557612549,0.7541325959292325,0.29684979243008297,0.3983584887627558,1.137078059143288,0.13876180283047937,0.16834904557044605,True
4,higher_diversity,0,2,token_mean,value,all,0.6625000000000001,0.19875927992940656,0.0954267164420743,0.06875874795042484,1.3406590210802118,0.06861218454913977,0.0030248718950050798,0.06573387506333264,0.25791846578878225,0.03899356676041737,0.12206612697429194,0.028307396071878346,0.5198879947846105,True
4,higher_diversity,0,3,cls,query,all,0.6625000000000001,1.1443527268724618,0.8218037971069833,0.7561455879481827,1.7298917295954181,0.8165066741317184,0.06797977748580954,0.6881657947193492,0.29931342874753697,0.3874497465549362,0.9901085721826592,0.48468636111779645,0.2818614594881169,True
4,higher_diversity,0,3,token_mean,query,all,0.6625000000000001,0.3071453120577273,0.1378689810538882,0.0936443276768832,1.4214201240201307,0.0935137880553249,0.00544543518811803,0.08819888972423294,0.23036893925888666,0.04533176278396467,0.1601538060201486,0.05284006165509874,0.5511278354527644,True
4,higher_diversity,0,3,cls,key,all,0.6625000000000001,1.1657209646263453,0.9226826860101884,0.880811224220383,1.7306196991907539,0.9247230666273761,0.07017499902708964,0.8106362169439142,0.3108286390276193,0.46392411759757296,1.0715881352347993,0.3425673815337094,0.20848752488041533,True
4,higher_diversity,0,3,token_mean,key,all,0.6625000000000001,0.26256229726585256,0.14016954730870887,0.09918153535318447,1.412975945062762,0.09886294333751437,0.004934068271805617,0.09424746747721326,0.24082716208784402,0.05233488352548691,0.16860857562752452,0.04681654613126408,0.4661474675978219,True
4,higher_diversity,0,3,cls,value,all,0.6625000000000001,1.1629403653761647,0.9503483418792339,0.8922763692685188,1.7277840544338652,0.9211557567977103,0.06411007901822979,0.8281662870537151,0.30750698019952083,0.4764389835552489,1.1508593312108106,0.3153703741051934,0.18280561052515,True
4,higher_diversity,0,3,token_mean,value,all,0.6625000000000001,0.24429817746857713,0.13565187758559583,0.08963634906070217,1.4158710921942335,0.08884517408168341,0.0049988690615546975,0.08463748070326718,0.23086976481032107,0.04603139042047244,0.15772527262902436,0.04680489139123396,0.44472824565773084,True
4,higher_diversity,0,4,cls,query,all,0.6625000000000001,1.1627103963084922,0.7892177936379845,0.6795591943331452,1.7451557577959753,0.776430120299666,0.06066897079687227,0.6188902285966006,0.28175955685564996,0.33745052723186747,0.9439110574907889,0.7210542153228413,0.3212258218867874,True
4,higher_diversity,0,4,token_mean,query,all,0.6625000000000001,0.3158419932127645,0.14770676150215822,0.07389057545951942,1.4471561380346616,0.07231156206763681,0.006196590870703486,0.06769398328932849,0.18480370061698118,0.033616043552878554,0.14905198685897733,0.10908581587401303,0.5323396993551244,True
4,higher_diversity,0,4,cls,key,all,0.6625000000000001,1.1954682547061237,0.9244581396816031,0.8265465415286058,1.7349176242865716,0.8839470602300384,0.06681275300004265,0.7597337879917838,0.29376269213802053,0.4389814129528167,1.0630907187346514,0.4797401482408697,0.2266978767170541,True
4,higher_diversity,0,4,token_mean,key,all,0.6625000000000001,0.3143076524561385,0.15947201480239806,0.09322843258485741,1.4506493980517037,0.09279029547600143,0.0061230342411859465,0.08710539848967032,0.20988444012904528,0.042560032630324256,0.16442011225482409,0.08085808090188286,0.49262446028210427,True
4,higher_diversity,0,4,cls,value,all,0.6625000000000001,1.2141905779499405,0.937522025473788,0.7369107628172421,1.740943018555413,0.7927158671920984,0.051407954062927856,0.6855028136210009,0.2732148471414645,0.37795231095226844,1.0870905331193386,0.48100522702390497,0.22786254275114226,True
4,higher_diversity,0,4,token_mean,value,all,0.6625000000000001,0.359621052875573,0.17748629004995356,0.09104716913593326,1.440606439496648,0.08856616502956001,0.006751360043629326,0.08429580622098663,0.18819996651773427,0.04417227179830094,0.18518256781926837,0.06929836557670073,0.5064630153581056,True
4,higher_diversity,1,1,cls,query,all,0.658,0.0,0.0,0.0,1.9360025916155152,1.17366339124455,0.0,0.0,0.0,0.0,0.0,3.1686418167339603e-11,nan,False
4,higher_diversity,1,1,token_mean,query,all,0.658,0.193401680580644,0.04369724076296475,0.01620311390948613,1.2726505324209219,0.016606260995039705,0.0007618194133762947,0.015441294569014148,0.1756511431197388,0.021101520772157878,0.07342529299606483,0.016702036288651554,0.7740596636400787,True
4,higher_diversity,1,1,cls,key,all,0.658,0.0,0.0,0.0,1.9029677842390216,1.2245071049558043,0.0,0.0,0.0,0.0,0.0,5.574718598676127e-12,nan,False
4,higher_diversity,1,1,token_mean,key,all,0.658,0.14863686755533717,0.04318546519804855,0.015368846870054841,1.27406029697424,0.015601864056351495,0.0007565507370269519,0.014612296448004517,0.16767010203678748,0.019822695216993886,0.06927889675670186,0.019273274154825645,0.7094565708472651,True
4,higher_diversity,1,1,cls,value,all,0.658,0.0,0.0,0.0,1.897941593277365,1.1351590080932459,0.0,0.0,0.0,0.0,0.0,9.623527867780957e-12,nan,False
4,higher_diversity,1,1,token_mean,value,all,0.658,0.156617535536939,0.041014872422039,0.01519070611332597,1.2704252019278301,0.015329564650096862,0.0007471963320065036,0.014443509534678677,0.17014544459396808,0.019945890801791943,0.06688469347148207,0.019181986000727524,0.738120815900813,True
4,higher_diversity,1,2,cls,query,all,0.658,0.5814669792849513,0.5200330874484398,0.3285877061534321,1.682877332598931,0.321369037804333,0.017129560382190077,0.3114581473849036,0.24360818911371912,0.20964910941338796,0.5933163050350143,0.19735110076990994,0.10565327701335459,True
4,higher_diversity,1,2,token_mean,query,all,0.658,0.23633613913331072,0.12772909367489382,0.08924663163112213,1.3701479093542892,0.08834789198872067,0.004255382994994183,0.08499124578454277,0.24738623426921216,0.05308715786993612,0.15604485932428916,0.027988614006475968,0.45954480705616774,True
4,higher_diversity,1,2,cls,key,all,0.658,0.6196705741980444,0.5499831718577431,0.3625248323220327,1.677190945715685,0.3554173229968936,0.01714372071860866,0.3453811190345071,0.24699485799703177,0.24000425845606865,0.6160750497598801,0.16158278015526858,0.1124587889791091,True
4,higher_diversity,1,2,token_mean,key,all,0.658,0.21495530692085926,0.11985971841163186,0.07933951256018396,1.3594172416339954,0.07812887005212453,0.003666064104022966,0.07567344639788974,0.24210845312438914,0.049450229064157074,0.1442581282123331,0.029983216388659042,0.44239702602103714,True
4,higher_diversity,1,2,cls,value,all,0.658,0.6215294351897412,0.5601404089845748,0.36899670108841054,1.6808456471279563,0.3622613345977588,0.01677231266247955,0.3522243865511634,0.2514060417911026,0.2431103663164522,0.638052898542593,0.1531240249221975,0.09877090726431237,True
4,higher_diversity,1,2,token_mean,value,all,0.658,0.22936917491411038,0.12042347343957495,0.08385599869345925,1.3713598224001566,0.08251623209923087,0.004500669480132108,0.07935532927513123,0.25072650665081847,0.048919516397897496,0.14540794072164168,0.027852829630402,0.474979698188875,True
4,higher_diversity,1,3,cls,query,all,0.658,0.9282801350531841,0.6725703663510965,0.5135534925029989,1.7102341575200788,0.5646816651278714,0.04177415790036321,0.4717793505300175,0.2550078046339754,0.2623933492399613,0.8128986591578481,0.5135807313702323,0.27546616484197106,True
4,higher_diversity,1,3,token_mean,query,all,0.658,0.29279548271023714,0.1665731378449432,0.09762179795345448,1.4416774997439956,0.09715850528026086,0.005926104886880653,0.09169569205154073,0.20667141336614253,0.04679705868674136,0.17873114768297016,0.05890392156487161,0.4310938942668352,True
4,higher_diversity,1,3,cls,key,all,0.658,1.024161404363891,0.7851215419090498,0.6556132150049583,1.7160011719921335,0.7005273155240792,0.0503475209698081,0.6052656823938544,0.2739728022148735,0.3406649344267732,0.9422389476358158,0.34593526883558795,0.2334005767414261,True
4,higher_diversity,1,3,token_mean,key,all,0.658,0.2629624836792383,0.1673373328769293,0.10968376488706127,1.4519893968825996,0.10939259301408127,0.00623201554514129,0.10345174778591502,0.22984750493019754,0.05453264186701922,0.18694538230404623,0.04828635061329061,0.3636456024615,True
4,higher_diversity,1,3,cls,value,all,0.658,0.9801025129508819,0.7663594487633802,0.6402109013368545,1.7130762353810254,0.67154211883053,0.04901959467679262,0.5911913161928003,0.27371323443302187,0.34388814412015617,0.9017026490194792,0.30648256838321686,0.21808235502219697,True
4,higher_diversity,1,3,token_mean,value,all,0.658,0.2761826503463088,0.17232734965504856,0.11519999167442173,1.445200524642406,0.11514501926803877,0.006659687814218077,0.1085403056984598,0.23256498726600794,0.057143860893966524,0.19666547834580186,0.04172840528190136,0.3760384678799874,True
4,higher_diversity,1,4,cls,query,all,0.658,1.088768681525553,0.8047710218587784,0.7273383707762122,1.7390559292323793,0.6993489475389331,0.1506030232730237,0.5767353610558943,0.27789099997366407,0.33816064957179703,0.9279056701291529,0.6707704609090631,0.2608429728790921,True
4,higher_diversity,1,4,token_mean,query,all,0.658,0.34394553674810396,0.19258711667278916,0.09875119286922089,1.4956266191734828,0.09843668143376179,0.008381532293490389,0.09036966277794405,0.18298376948254588,0.04237391320522337,0.19380815035720503,0.09714304418726401,0.4400650797982747,True
4,higher_diversity,1,4,cls,key,all,0.658,1.1282773515652333,0.9205140664914416,0.7985818915521343,1.7391143492114274,0.7969310673794056,0.11348175536841154,0.6851001490246166,0.27932689640600405,0.39088840199938085,1.0372788000753665,0.46746165373108606,0.1841420327950095,True
4,higher_diversity,1,4,token_mean,key,all,0.658,0.3104132292929824,0.20082560611151098,0.11204795240574018,1.484824040083253,0.11133425596663406,0.008144859520887787,0.10390309447591956,0.19888126832807895,0.049089546583988196,0.20502108888941348,0.0772192816842686,0.3530378632092305,True
4,higher_diversity,1,4,cls,value,all,0.658,1.1040520508335947,0.9409126270495409,0.769480472381279,1.7380691364044594,0.7394972746178913,0.12064962893385779,0.6488308147950606,0.266241212161301,0.39189099040787084,1.045477635401162,0.41350850191983307,0.1477642504815586,True
4,higher_diversity,1,4,token_mean,value,all,0.658,0.3599959090936809,0.23747483902047486,0.14775393417938568,1.4870686273370062,0.14971606848135519,0.008825874421745539,0.13892805847254666,0.21543168716513267,0.06364371697456862,0.23749095749604876,0.052906242283907806,0.34034017325825405,True
4,higher_diversity,2,1,cls,query,all,0.652,0.0,0.0,0.0,1.911201061483933,1.3069834110141203,0.0,0.0,0.0,0.0,0.0,1.9945892317846887e-11,nan,False
4,higher_diversity,2,1,token_mean,query,all,0.652,0.20429497288577014,0.0434253451169562,0.017444270577955195,1.2697615613403985,0.01791522360258521,0.0007963268958106214,0.01664794295687567,0.18327937199418604,0.022134365416144625,0.0698114735126616,0.016418012367053467,0.7874380142420973,True
4,higher_diversity,2,1,cls,key,all,0.652,0.0,0.0,0.0,1.9260492311280295,1.2491642284470428,0.0,0.0,0.0,0.0,0.0,7.626433930397141e-12,nan,False
4,higher_diversity,2,1,token_mean,key,all,0.652,0.18002264406833837,0.04180317105216616,0.015556296435035068,1.2737927955111423,0.015737159662639423,0.0006913628398747692,0.014864933867515489,0.1710865616368901,0.01937577764912699,0.06520162405506034,0.019255781715566463,0.7677893730063354,True
4,higher_diversity,2,1,cls,value,all,0.652,0.0,0.0,0.0,1.9337092240204858,1.2202176021930085,0.0,0.0,0.0,0.0,0.0,6.751135950782745e-12,nan,False
4,higher_diversity,2,1,token_mean,value,all,0.652,0.173211743358981,0.0428050817910593,0.016004942672276534,1.2717933047598278,0.016279438332052806,0.0007222862239524892,0.015282656637613069,0.16641193005479524,0.019533130782657813,0.06613047912158207,0.017692850564013828,0.7528742511277319,True
4,higher_diversity,2,2,cls,query,all,0.652,1.1174102745112475,0.9939939794724476,0.9306584692885561,1.7192378789418508,0.9479797933971009,0.0357637905346399,0.8948946676471017,0.30434193108398794,0.5115729575400326,1.2459613354148704,0.11186779900030656,0.11044850566886177,True
4,higher_diversity,2,2,token_mean,query,all,0.652,0.24445350650503217,0.1232198242872522,0.09875195442472072,1.371227487501766,0.09764897005200535,0.005221316178159957,0.0935306383127516,0.26853068866164337,0.05689379614016519,0.15604556199212474,0.02867748173461719,0.4959375872781122,True
4,higher_diversity,2,2,cls,key,all,0.652,1.1219218218021587,1.004174496458297,0.9211201296987845,1.7206636812136848,0.9359060103180187,0.03304546902125532,0.8880746337500486,0.30244627266701674,0.5097156965692897,1.2630613882747161,0.09999483959241347,0.10495145299404418,True
4,higher_diversity,2,2,token_mean,key,all,0.652,0.2361235025379333,0.12463395305100304,0.09707285478542255,1.363163217023329,0.09540262994297442,0.005074315450408242,0.09199853851036592,0.26508464847833646,0.0591510197769242,0.15613720575894474,0.028313158079981804,0.4721662532048009,True
4,higher_diversity,2,2,cls,value,all,0.652,1.1014136308422484,0.9856204682749808,0.9069122421966729,1.7274816410453555,0.9213165046564179,0.03702222928404808,0.8698900233615529,0.30408008056760916,0.5145349913876166,1.2240709919910902,0.09734554825858636,0.10513140506416363,True
4,higher_diversity,2,2,token_mean,value,all,0.652,0.20853529259163486,0.11161941502253937,0.08727500699501997,1.3723882830554968,0.08569609263137706,0.004888698469254781,0.08238631046631119,0.2666844788935627,0.04896674455810308,0.1367857847876934,0.029577298851853066,0.4647456858004435,True
4,higher_diversity,2,3,cls,query,all,0.652,1.171327385602629,0.8143974132904389,0.7010550856055414,1.711012470242114,0.8189442704986823,0.03312184957956726,0.667933236468922,0.28494907317171403,0.298161061052221,0.9550150881964296,0.35784903304143384,0.30472263920351816,True
4,higher_diversity,2,3,token_mean,query,all,0.652,0.263201887419817,0.15118410862485684,0.0900673940264154,1.455677261596267,0.08890009518015553,0.005247365132990209,0.08482003144242546,0.21168181207294953,0.04520200747410357,0.16953361760756372,0.06358037431809035,0.42559641153441863,True
4,higher_diversity,2,3,cls,key,all,0.652,1.2315932998965353,0.8899816728084481,0.7889942463035308,1.709993205438716,0.8953362179088127,0.03448922822082585,0.7545050409707156,0.2953908455693513,0.3648352975168006,1.0764443177148033,0.27651210671121423,0.27737372971806973,True
4,higher_diversity,2,3,token_mean,key,all,0.652,0.2708254204841552,0.1644294840996757,0.10789316521189796,1.4480642738398803,0.1071211514559843,0.005958708765154535,0.10193445601246574,0.22607537511186793,0.060955500187391716,0.18955487368136592,0.0512456184422428,0.3928580123471248,True
4,higher_diversity,2,3,cls,value,all,0.652,1.132321423343624,0.8359253118036651,0.6961391316831946,1.7165727665979653,0.7855975045808044,0.03330659197474068,0.6628325256434354,0.2836578999358657,0.331315276330951,0.9541502033872488,0.2809553701769222,0.2617596959922678,True
4,higher_diversity,2,3,token_mean,value,all,0.652,0.23069748941552265,0.12975373255187245,0.06925116081253549,1.4427980372212517,0.06857942222399004,0.003990494783713736,0.06526066769253124,0.20141730648869016,0.034530039545391,0.13954164309658948,0.06741816144097935,0.4375589743928012,True
4,higher_diversity,2,4,cls,query,all,0.652,1.157374683529242,0.8384171831512908,0.6775269319798217,1.7188874885665342,0.7580948330535744,0.03407659584825689,0.6434503387321125,0.269315809658726,0.29100450873260236,1.0070409155044928,0.662760777906938,0.27558707211854483,True
4,higher_diversity,2,4,token_mean,query,all,0.652,0.2832943781554327,0.1570688918277804,0.07577824014210205,1.473056080170901,0.0748781125125527,0.00413365948902951,0.0716445811770179,0.18216436046761358,0.03561827819578764,0.15336254184054732,0.12032583152705972,0.445562976397637,True
4,higher_diversity,2,4,cls,key,all,0.652,1.1862879606601735,0.9351739540462707,0.7952200350926037,1.7280806610006905,0.857504178098084,0.04066496274688027,0.7545550682327964,0.2855631581395622,0.37780787442901814,1.1376819225453636,0.44384442134336993,0.211680481418826,True
4,higher_diversity,2,4,token_mean,key,all,0.652,0.313988487690604,0.18334266932433907,0.10234471097053698,1.4769864963143844,0.10162880785683405,0.005420846949246797,0.09692386334592645,0.20209893617295974,0.05177968355367426,0.18224394813166844,0.08238960870287636,0.4160847403265303,True
4,higher_diversity,2,4,cls,value,all,0.652,1.2333643312505698,1.0172296857507395,0.734313812485018,1.7261344339204248,0.7747099189459469,0.04369347771121697,0.6906203383749182,0.26740776613615685,0.31347897322303403,1.1891373198492117,0.45254473794590344,0.17523990277931956,True
4,higher_diversity,2,4,token_mean,value,all,0.652,0.3034330392177018,0.19865198919141214,0.12350460322961478,1.47417769994869,0.12257815885663031,0.006132371427321976,0.11737223003398288,0.21749270179041166,0.05806604518734041,0.20354463472500997,0.056030974300070244,0.34531852660617224,True
4,low_diversity,0,1,cls,query,all,0.6465000000000001,0.0,0.0,0.0,1.9404595286882989,1.2165550621183712,0.0,0.0,0.0,0.0,0.0,1.2186566071295788e-11,nan,False
4,low_diversity,0,1,token_mean,query,all,0.6465000000000001,0.18656234028541394,0.044733626944652716,0.019105883664594855,1.2765516081029162,0.019607160696515927,0.0008229174451447431,0.018282965968616983,0.19250304206373087,0.025069909727558747,0.07170158338065773,0.01064113603735512,0.7602215598484849,True
4,low_diversity,0,1,cls,key,all,0.6465000000000001,0.0,0.0,0.0,1.9142473656793586,1.131828695693155,0.0,0.0,0.0,0.0,0.0,5.9624261415142605e-12,nan,False
4,low_diversity,0,1,token_mean,key,all,0.6465000000000001,0.17496210476609184,0.044628925118500674,0.01852644487632852,1.2742604949290568,0.018814187958653226,0.0008599095705325122,0.01766653481701558,0.2021804200671357,0.024407008371068947,0.07217382756627183,0.010934860191561958,0.7449223351641464,True
4,low_diversity,0,1,cls,value,all,0.6465000000000001,0.0,0.0,0.0,1.9101725642920675,1.157945249598625,0.0,0.0,0.0,0.0,0.0,4.1660302116534145e-12,nan,False
4,low_diversity,0,1,token_mean,value,all,0.6465000000000001,0.1666719642318988,0.043553514485470776,0.018338789995238476,1.279998041986705,0.018438435023711133,0.0007617703840051862,0.017577019266106865,0.20022952498916524,0.02380903273726943,0.072164778064938,0.010610338893126358,0.7386872190161948,True
4,low_diversity,0,2,cls,query,all,0.6465000000000001,1.085655083130278,0.7183489475392978,0.6387294438702432,1.6054484527074104,0.7719882755976797,0.02779184908352115,0.6109375818209215,0.300355474706321,0.3079015282326361,0.9454761882201989,0.01044529756869782,0.33832673129657675,True
4,low_diversity,0,2,token_mean,query,all,0.6465000000000001,0.18465555912196868,0.053242285643660625,0.032294736933616223,1.259184005589643,0.03247655880512661,0.0013266297491182659,0.03096810702911832,0.2620100301923613,0.030065240474170845,0.08331393736522788,0.011212219357151876,0.7116670307851765,True
4,low_diversity,0,2,cls,key,all,0.6465000000000001,1.0960221304843019,0.7409315595636529,0.6467515985333804,1.5933684146044045,0.7665572025423208,0.030247563411566345,0.6165040325034749,0.2948535019933478,0.3288331413024913,0.9838466975429916,0.010268401142887094,0.32398120534641417,True
4,low_diversity,0,2,token_mean,key,all,0.6465000000000001,0.18288472721922436,0.054925462100190246,0.03245014455595565,1.2539781786282784,0.032482267658650636,0.0013903419497761536,0.031059802933172745,0.2664647919156799,0.030786328135935254,0.08668153492280349,0.011764735364439812,0.6996716842607039,True
4,low_diversity,0,2,cls,value,all,0.6465000000000001,1.0649850869511883,0.7455561932597591,0.6558076136161912,1.6021092139679332,0.757072238876995,0.03396630295636979,0.6218413250012831,0.29339709932089797,0.332905716446152,0.9829841802960858,0.010312289465218782,0.29993743349578916,True
4,low_diversity,0,2,token_mean,value,all,0.6465000000000001,0.17528589795682625,0.053982133001986725,0.03144490860273343,1.2671917224885951,0.031231922426296455,0.0014071480228184637,0.030037761157886547,0.2626923396960384,0.03016022752464073,0.08517384136556194,0.011533050162887032,0.6920337937551441,True
4,low_diversity,0,3,cls,query,all,0.6465000000000001,1.0910801682528215,0.6436304309870177,0.5689907627354014,1.6112066497368227,0.7105034497578563,0.02904099649326368,0.5399497503584082,0.2893171523330593,0.21931059225284988,0.8256348151978851,0.08251574364575473,0.41009794723179527,True
4,low_diversity,0,3,token_mean,query,all,0.6465000000000001,0.19959894830606476,0.06890006679398347,0.049387563260876566,1.3161804149980594,0.04939207445433868,0.002070734528718855,0.0473168304359371,0.2782196711604674,0.03556218162031652,0.10238647086685933,0.014047022443264723,0.6548074657771633,True
4,low_diversity,0,3,cls,key,all,0.6465000000000001,1.1050391185675126,0.6783723646887917,0.6191186781027963,1.6178318036977408,0.7772611950075874,0.030913955870677124,0.588204717094248,0.29817443790728576,0.24355707287629527,0.8597499729542378,0.07092952254143628,0.38611009032134425,True
4,low_diversity,0,3,token_mean,key,all,0.6465000000000001,0.19226520080153264,0.06872723634810973,0.04666861404638905,1.3061930247172844,0.04647143598356484,0.002110358060401102,0.044558256017890846,0.27692347109013854,0.03598537097340795,0.10478544859754789,0.015498616351661358,0.6425393879828831,True
4,low_diversity,0,3,cls,value,all,0.6465000000000001,1.0761915161618762,0.6861908114791295,0.6189652820980153,1.6212008565927087,0.7238099949163972,0.03454875268719413,0.584416535767642,0.295926710160337,0.24452612824413045,0.8679340062761685,0.07214817675677213,0.3623896851311774,True
4,low_diversity,0,3,token_mean,value,all,0.6465000000000001,0.1949192650979718,0.07046982743668245,0.0472301357585062,1.3228672302095754,0.04678751683871926,0.002188715337648649,0.0450414199043404,0.268666779061993,0.035616652316817675,0.10363577223060895,0.0148142092353241,0.6384665856334808,True
4,low_diversity,0,4,cls,query,all,0.6465000000000001,1.160520066956982,0.7065612685326771,0.4885490142149467,1.6273858761113678,0.5926969292225793,0.0380773358470337,0.4504716843366623,0.2485670610994813,0.1715545214089287,0.854149342876103,0.32632218165831134,0.391168417806542,True
4,low_diversity,0,4,token_mean,query,all,0.6465000000000001,0.2172486660543611,0.08408438683090008,0.0565724041106327,1.3391474983010836,0.0562415021060831,0.002608553871554746,0.05396385084499012,0.25872618795371755,0.03528049819344794,0.11654194745569928,0.020013405772095375,0.6129578682436649,True
4,low_diversity,0,4,cls,key,all,0.6465000000000001,1.1363954302966783,0.7250422429761718,0.5653276059421388,1.6185394011883432,0.6853591191439844,0.03859215289015661,0.5267354412512346,0.27329688681249764,0.210425844450384,0.87450821603022,0.24790558354421097,0.3619806771073646,True
4,low_diversity,0,4,token_mean,key,all,0.6465000000000001,0.20224695108225513,0.08130649793300308,0.05509400120390346,1.3517897540371082,0.05472148612331569,0.002572832941289314,0.05252116783098741,0.2653569865800109,0.03779332302879746,0.11939588113142646,0.021355457180602985,0.597984061080183,True
4,low_diversity,0,4,cls,value,all,0.6465000000000001,1.0910073431958245,0.7263939164491267,0.5701898892202949,1.637543863055804,0.6632418052891068,0.03799779128960588,0.5321920852769505,0.2704907983916378,0.2108067119205136,0.8745786976792539,0.24124359407208182,0.33419887503108536,True
4,low_diversity,0,4,token_mean,value,all,0.6465000000000001,0.21544560381582556,0.08630867658353251,0.056930510835427835,1.3530243524221197,0.05655960514291109,0.002710380258080973,0.05422013083642179,0.2568162332879658,0.038024242395715946,0.11921780695742208,0.019686777314001865,0.5993945800940371,True
4,low_diversity,1,1,cls,query,all,0.639,0.0,0.0,0.0,1.8985956188762698,1.1495449649241325,0.0,0.0,0.0,0.0,0.0,9.531392562837789e-12,nan,False
4,low_diversity,1,1,token_mean,query,all,0.639,0.19544228870165678,0.042707946655633953,0.018014875076611744,1.2743204740356455,0.018364385171441032,0.0008004081252941185,0.0172144669870084,0.19021906083169185,0.024577385583242576,0.0752593545409408,0.010469942395998673,0.7814805232821043,True
4,low_diversity,1,1,cls,key,all,0.639,0.0,0.0,0.0,1.9134056731325482,1.2165674535644768,0.0,0.0,0.0,0.0,0.0,4.804270065737117e-12,nan,False
4,low_diversity,1,1,token_mean,key,all,0.639,0.1741366233640298,0.04578350944495923,0.019455963097298412,1.2627505482676669,0.019805000850046647,0.0008656104341339828,0.018590352836657654,0.19107928701295576,0.026691973449880186,0.07745275243769222,0.010783417446708137,0.7370828228979176,True
4,low_diversity,1,1,cls,value,all,0.639,0.0,0.0,0.0,1.952765923354608,1.1864352186564042,0.0,0.0,0.0,0.0,0.0,5.744698870518619e-12,nan,False
4,low_diversity,1,1,token_mean,value,all,0.639,0.17442501318565432,0.043814371980228896,0.019194140189518073,1.2741244636173754,0.019409273158739113,0.0008270672498673031,0.0183670724615116,0.1908673740173539,0.025828780239173857,0.07467126627963751,0.01067815280773423,0.7488068300525579,True
4,low_diversity,1,2,cls,query,all,0.639,0.6936850183209292,0.45109798859700984,0.35316432572542605,1.574057485282041,0.3705587570287505,0.01750286939469251,0.33566145869818603,0.25662686370285936,0.20109538356127113,0.6507455915150265,0.005237669683992863,0.34970775397615395,True
4,low_diversity,1,2,token_mean,query,all,0.639,0.20383958143252084,0.05449595973448254,0.03181472993578354,1.249293260150553,0.032385083862488964,0.001278806665637107,0.030535922893746334,0.258840866649537,0.031040121621316263,0.0903944571433587,0.010850353716787968,0.7326527097853028,True
4,low_diversity,1,2,cls,key,all,0.639,0.7215884881004673,0.4857535422155445,0.3816815574131933,1.5639224769179128,0.39841948479775424,0.01872718274932016,0.3629543727094477,0.2575399332312028,0.21229704574599192,0.6932565554326203,0.004830327202481302,0.32682747822895875,True
4,low_diversity,1,2,token_mean,key,all,0.639,0.1905204972396014,0.05454623624228996,0.03027027062261426,1.2437286654470068,0.030818873533115753,0.001321056120849045,0.028949215161529453,0.24695680787301225,0.030214614432297334,0.08972847805776345,0.011726543434302916,0.7136988563824092,True
4,low_diversity,1,2,cls,value,all,0.639,0.7292497762675872,0.49204811727401493,0.4125012020728727,1.5703820282266436,0.4263459191164349,0.019980322654274376,0.39252088828520343,0.2695723904134624,0.22647039118313436,0.7108460275828475,0.004527299220419743,0.3252680586446073,True
4,low_diversity,1,2,token_mean,value,all,0.639,0.18892168281989463,0.05427749748326591,0.030270849365682403,1.2361755004888453,0.030676024307000362,0.0013070745388342236,0.028963775289329616,0.2503825928726722,0.030182588682113858,0.08929012789469172,0.011170076629654928,0.7126984225785747,True
4,low_diversity,1,3,cls,query,all,0.639,0.9640863691194957,0.5538636932782637,0.4681763765877246,1.5972230083066663,0.5525738907950885,0.026269953189925713,0.44190642644058575,0.27178513888186334,0.2474053451099226,0.7580160993145135,0.047493047673593865,0.42550407202198104,True
4,low_diversity,1,3,token_mean,query,all,0.639,0.2108451786013161,0.07580332632784335,0.05247328993282216,1.3074062079305053,0.053085592804633104,0.0020895440089093013,0.050383747639981186,0.2771922919225749,0.040034245819638166,0.11497150025073628,0.012928607492623005,0.6404787302669193,True
4,low_diversity,1,3,cls,key,all,0.639,0.9399042457688435,0.5554929453522246,0.4739213037218699,1.613448501372491,0.5392222669116106,0.023066925223578106,0.4508543759584427,0.27494461267942116,0.25932634512517744,0.7585421239424391,0.0440591113133864,0.4089898541762301,True
4,low_diversity,1,3,token_mean,key,all,0.639,0.19805395617642604,0.0708552119828514,0.048326570109047624,1.30586101409642,0.04874888362015544,0.0020669126242864877,0.04625965790315108,0.2713477037753574,0.038765925234864426,0.10993604946470864,0.014270763039927591,0.6422428849654802,True
4,low_diversity,1,3,cls,value,all,0.639,0.9583670092395848,0.5952591590600221,0.5294156557948496,1.6092627878121173,0.5898063843806823,0.030312180434438316,0.4991034662181681,0.2830318949193765,0.2758379176913957,0.7982069405727783,0.040502486073158005,0.37888183407697873,True
4,low_diversity,1,3,token_mean,value,all,0.639,0.20400440208745604,0.07387096193887611,0.04975513213559335,1.3065134208131957,0.05006569429078211,0.0023445900323250416,0.04741054299202832,0.27062985585385374,0.03998257896747657,0.11399210732798508,0.01290146600116383,0.6378952552837176,True
4,low_diversity,1,4,cls,query,all,0.639,1.2223580114336936,0.6950629222110412,0.5229860664806227,1.6392823454928769,0.6727455045703299,0.029993059452284466,0.4929930039427497,0.25509253750812105,0.24544406371419436,0.8828278320308369,0.31605935909531335,0.431375328905639,True
4,low_diversity,1,4,token_mean,query,all,0.639,0.22085603924894406,0.09377578122190343,0.06016183436901801,1.348628963851084,0.06046731269635131,0.0027171476024457,0.057444688102061096,0.2538477780331957,0.03999590212550274,0.13003809444807865,0.01857168599963188,0.5753986101498387,True
4,low_diversity,1,4,cls,key,all,0.639,1.1665768998431851,0.7038991284940322,0.6053777581035553,1.634889405276564,0.7466838861715196,0.03138348214666952,0.5739942910996351,0.2821156814564768,0.3138038588850172,0.9255046880445921,0.2236766219139099,0.3966114633431773,True
4,low_diversity,1,4,token_mean,key,all,0.639,0.20406545044030422,0.08613861915158723,0.05999302207153467,1.3515162394426383,0.06023738266942766,0.002646329331169413,0.05734669230878353,0.2667935792172168,0.04328520839827121,0.12627688333008222,0.01875065741213885,0.5778872956410346,True
4,low_diversity,1,4,cls,value,all,0.639,1.1829784934243477,0.7426434528097416,0.6286440429360831,1.635839867770256,0.7527100370444502,0.03289791552180594,0.5957461134953932,0.27998041396835727,0.3128334905843494,0.9484831701537589,0.21481798521497034,0.37222573619235944,True
4,low_diversity,1,4,token_mean,value,all,0.639,0.21724168967282986,0.09369400229840066,0.06484056271226728,1.346487360670857,0.06487494500490089,0.0032211181982843714,0.061619443988258187,0.2621307563691975,0.04541245019824306,0.13487540256208996,0.01612049722197381,0.568710764312754,True
4,low_diversity,2,1,cls,query,all,0.6305000000000001,0.0,0.0,0.0,1.901636789697657,1.2204316185410575,0.0,0.0,0.0,0.0,0.0,1.3107031322032927e-11,nan,False
4,low_diversity,2,1,token_mean,query,all,0.6305000000000001,0.21448120745664048,0.04685019519286609,0.020303751516499505,1.2641917907899034,0.02078451087793335,0.0008709155041618611,0.01943283536556092,0.19523237649760822,0.02657178515488699,0.07613395185770026,0.010463799815624952,0.781565034305687,True
4,low_diversity,2,1,cls,key,all,0.6305000000000001,0.0,0.0,0.0,1.9030026881766475,1.1625321017437658,0.0,0.0,0.0,0.0,0.0,5.745022435872422e-12,nan,False
4,low_diversity,2,1,token_mean,key,all,0.6305000000000001,0.1707816198607595,0.04396445432697887,0.019528862731159644,1.291355707483582,0.01974169389142909,0.0008010495406448503,0.018727812725542622,0.19485819857483458,0.02585213519054061,0.07343842688246761,0.011110152879899199,0.7425691689607836,True
4,low_diversity,2,1,cls,value,all,0.6305000000000001,0.0,0.0,0.0,1.920258165457301,1.2530482000422294,0.0,0.0,0.0,0.0,0.0,5.5746798039511196e-12,nan,False
4,low_diversity,2,1,token_mean,value,all,0.6305000000000001,0.18260393892818802,0.045156544032336196,0.01933875860779246,1.2667310473159288,0.01964625407660942,0.0008069041703658348,0.018531854793598704,0.1864362752240882,0.025434264148600446,0.07344040575467904,0.01019130592149767,0.7527077219835069,True
4,low_diversity,2,2,cls,query,all,0.6305000000000001,1.0296615123997563,0.7600845055995369,0.678644216415617,1.6224363256734413,0.7379227672415493,0.026644723997874695,0.6519994952461936,0.29011717177668933,0.36978256779402363,1.0223530663670746,0.012845458420501514,0.2618112880338085,True
4,low_diversity,2,2,token_mean,query,all,0.6305000000000001,0.21836977280917524,0.05685839511474555,0.03459380080927161,1.2717563932930254,0.035255892434105825,0.0013220493036152964,0.03327175145122138,0.26302637252157735,0.03236879545739696,0.08951187607303375,0.01103175524622202,0.7396233261439904,True
4,low_diversity,2,2,cls,key,all,0.6305000000000001,1.0638998926451222,0.7900290348938835,0.7589785897604244,1.6358104492447607,0.8240239136414279,0.028856916099109432,0.730121677572077,0.30663013641018455,0.40384692825724616,1.0820137322376606,0.011228155810385942,0.25742164243510446,True
4,low_diversity,2,2,token_mean,key,all,0.6305000000000001,0.18841019562831204,0.056723714757691106,0.0334480996634698,1.274976243729395,0.03394151327118387,0.0012604107561690564,0.032187688926404175,0.2550437910796839,0.03257645500075105,0.08804158388495376,0.011514223307709803,0.6989350041884499,True
4,low_diversity,2,2,cls,value,all,0.6305000000000001,1.0583109120155572,0.8055690869592573,0.7840224111791438,1.6366837184158562,0.8503011755660391,0.03311632201075554,0.7509060827168551,0.30821602644680196,0.41873367040702275,1.0718635191048924,0.011048118795522234,0.23881623272215158,True
4,low_diversity,2,2,token_mean,value,all,0.6305000000000001,0.18083843706799183,0.05776385567335689,0.03470888939163327,1.2680626595457132,0.0351491828566031,0.0013628007516010919,0.033346088264476166,0.26134783978049525,0.031213456060624836,0.08744842328106923,0.010713705369694666,0.6805775552481756,True
4,low_diversity,2,3,cls,query,all,0.6305000000000001,0.9751410315811015,0.7282987627222913,0.6371153945354379,1.62219498000493,0.6842905118756213,0.026497839611362328,0.6106175536459143,0.289663414565247,0.3592933006335575,0.9813325302231831,0.08035022392868996,0.2531349423975916,True
4,low_diversity,2,3,token_mean,query,all,0.6305000000000001,0.21566992276399077,0.07587034031346034,0.05247566968177931,1.3185042962290445,0.05314579180491949,0.001957596094474535,0.05051807348023762,0.26985122972580194,0.038788699787419695,0.10965051482927246,0.01331707513467832,0.6482108430275378,True
4,low_diversity,2,3,cls,key,all,0.6305000000000001,0.9902472871580634,0.7802855564116361,0.7489548342529045,1.6328267322531131,0.7960519005928283,0.028961371884427288,0.719993455843492,0.3144389454444045,0.41486540297514884,1.0534882141577362,0.06721403923901645,0.2120295944955345,True
4,low_diversity,2,3,token_mean,key,all,0.6305000000000001,0.2113336952476904,0.07502970200881766,0.0502538138668488,1.3103382215102501,0.05098991128922937,0.0019202554090456529,0.04833355749195272,0.26494317912750404,0.03892452362979138,0.10590747380998577,0.014171147041700104,0.6449704723097741,True
4,low_diversity,2,3,cls,value,all,0.6305000000000001,0.9883501445038746,0.7959339228892156,0.7684870850000352,1.6308865543576119,0.8096748841990956,0.031996871937404976,0.7364902198314667,0.31306603037586433,0.4303031806153897,1.0609230827805787,0.0661454898389903,0.19468426517127368,True
4,low_diversity,2,3,token_mean,value,all,0.6305000000000001,0.19842110598761878,0.07911677719302757,0.053062778053061165,1.3319688132950527,0.05351289165715444,0.0022668042114343157,0.05079597268592228,0.26498693064033935,0.03847475021762127,0.10974046365685397,0.01299697198820385,0.6012683388733638,True
4,low_diversity,2,4,cls,query,all,0.6305000000000001,1.222561563017287,0.8972389417529553,0.6943519948814103,1.685097072208077,0.7857591339879355,0.033520861698145214,0.6608311398462816,0.282917212414405,0.33665697988506554,1.2169481643103999,0.42529674822633917,0.2660991733303264,True
4,low_diversity,2,4,token_mean,query,all,0.6305000000000001,0.20932841424297874,0.09293191531542087,0.05937586959583687,1.3622492642898387,0.05956559649398103,0.0026205135668119924,0.05675535649061203,0.24488724419704774,0.03866830906029011,0.12323407792379983,0.01919715834612196,0.5560472970117196,True
4,low_diversity,2,4,cls,key,all,0.6305000000000001,1.2133017472367644,0.9358649540171075,0.8374724738605238,1.6792817748715037,0.9074204905154883,0.03732307924127037,0.8001493919979442,0.31218040085665605,0.41206542279878383,1.250483433143212,0.29313476383686066,0.22866265036830757,True
4,low_diversity,2,4,token_mean,key,all,0.6305000000000001,0.2268641510014815,0.09260514997233776,0.06278868475135659,1.365217343942974,0.0633958162220683,0.0026400860727087343,0.060148598118261856,0.2556358313979332,0.04380110536735713,0.12303201253978491,0.018462820994583042,0.5918035107638799,True
4,low_diversity,2,4,cls,value,all,0.6305000000000001,1.2124039260039015,0.945562159631751,0.8470676083418993,1.6828238827050435,0.920799530189095,0.03621955596926538,0.8108480626886542,0.30969075220772296,0.4244948143307878,1.2444025046544074,0.2952425493435426,0.22009312296741257,True
4,low_diversity,2,4,token_mean,value,all,0.6305000000000001,0.2182387881928216,0.09781988958047334,0.06204596759327324,1.3694802529592005,0.062010865494039266,0.002981607611714439,0.05906436118212613,0.245340554207343,0.04012243589231063,0.12727499867413308,0.017255245030603626,0.5517758763669176,True
6,higher_diversity,0,1,cls,query,all,0.687,0.0,0.0,0.0,1.906718003121214,1.148261740273248,0.0,0.0,0.0,0.0,0.0,1.8738637220188697e-11,nan,False
6,higher_diversity,0,1,cls,query,0,0.687,0.0,0.0,0.0,1.6384881695118025,1.0830047037890598,0.0,0.0,0.0,0.0,0.0,1.4734530041789334e-11,nan,False
6,higher_diversity,0,1,cls,query,1,0.687,0.0,0.0,0.0,1.7161855355929831,0.7848009549404932,0.0,0.0,0.0,0.0,0.0,3.690645595320265e-11,nan,False
6,higher_diversity,0,1,cls,query,2,0.687,0.0,0.0,0.0,1.798909430657509,0.8823494459131705,0.0,0.0,0.0,0.0,0.0,1.3802763383010472e-11,nan,False
6,higher_diversity,0,1,cls,query,3,0.687,0.0,0.0,0.0,1.77362300891213,1.031987330919543,0.0,0.0,0.0,0.0,0.0,9.510801079773676e-12,nan,False
6,higher_diversity,0,1,token_mean,query,all,0.687,0.15661661062328686,0.040864896760745735,0.01515575445574609,1.2806812733559214,0.015308279966660237,0.000797601678641513,0.01435815286822617,0.17007304215825644,0.01925381858944545,0.06432438124127386,0.018434883433986794,0.7390768667632649,True
6,higher_diversity,0,1,token_mean,query,0,0.687,0.19934372361190544,0.05938371174029203,0.01294947371671309,0.1393185259821379,0.013298880986365884,0.00095647835934704,0.011992995733056556,0.120350868034865,0.01031505114342648,0.07385963508158151,0.0155118139968677,0.7021039305159973,True
6,higher_diversity,0,1,token_mean,query,1,0.687,0.1495027404056184,0.050056684101701256,0.01083949612009069,0.10560486217404344,0.011195490198692377,0.0007256724810841578,0.010113823873160238,0.11126319967136945,0.010811659153027077,0.06606242177012586,0.017311043952676384,0.6651788190243763,True
6,higher_diversity,0,1,token_mean,query,2,0.687,0.11481551883174489,0.04657006749375132,0.009127705990025551,0.1197956495995494,0.00873869756450779,0.0008350053679102778,0.008292700777846303,0.10756805110715416,0.008175928398888966,0.06344960381562313,0.022070410830730743,0.5943922218215387,True
6,higher_diversity,0,1,token_mean,query,3,0.687,0.1722506643470597,0.05130490905353758,0.013499463976232041,0.138657600420129,0.013461077447213348,0.0009934199069076303,0.01250604418402707,0.11738003890117737,0.02032308995141147,0.06911602861724886,0.018846265802329235,0.7021497174015785,True
6,higher_diversity,0,1,cls,key,all,0.687,0.0,0.0,0.0,1.9400515147627504,1.1000347826610257,0.0,0.0,0.0,0.0,0.0,5.3254819667119584e-12,nan,False
6,higher_diversity,0,1,cls,key,0,0.687,0.0,0.0,0.0,1.849005522541589,1.2012873414256946,0.0,0.0,0.0,0.0,0.0,7.238784579646521e-12,nan,False
6,higher_diversity,0,1,cls,key,1,0.687,0.0,0.0,0.0,1.8087174080244082,1.038721931253133,0.0,0.0,0.0,0.0,0.0,4.513795528163727e-12,nan,False
6,higher_diversity,0,1,cls,key,2,0.687,0.0,0.0,0.0,1.9781809000277732,1.4225015774167666,0.0,0.0,0.0,0.0,0.0,5.213304062435707e-12,nan,False
6,higher_diversity,0,1,cls,key,3,0.687,0.0,0.0,0.0,1.8029707677660485,1.0726372965999464,0.0,0.0,0.0,0.0,0.0,4.336044071144447e-12,nan,False
6,higher_diversity,0,1,token_mean,key,all,0.687,0.1562726631593409,0.04333070622687145,0.016449325444679454,1.2798179232827531,0.01662099049096482,0.0008065860787279565,0.015642739345573566,0.1851903175194665,0.02021537262032472,0.06694151446500836,0.01745973349633542,0.7227236974729867,True
6,higher_diversity,0,1,token_mean,key,0,0.687,0.15995184818058866,0.05548570397168983,0.012121336125537589,0.133795644685938,0.012278689554161283,0.0009188708235425028,0.011202465763992885,0.11645871760956875,0.011360570119990388,0.06887994619545743,0.01979173601351001,0.6531099540091252,True
6,higher_diversity,0,1,token_mean,key,1,0.687,0.1604361000993335,0.051752537910637345,0.011148394444670291,0.11359392902256685,0.011277102647979655,0.0006985568007538942,0.010449837988496503,0.11555763919947104,0.01029925712674456,0.06628100049693834,0.016121533360670914,0.6774258544143437,True
6,higher_diversity,0,1,token_mean,key,2,0.687,0.14357925458782042,0.05212015583513359,0.012732788171117209,0.1392337297925389,0.012881048612011696,0.0008114443824690005,0.011921343922784383,0.12785627950991382,0.013544678714632372,0.0709407320625605,0.017069563777609306,0.6369938262685837,True
6,higher_diversity,0,1,token_mean,key,3,0.687,0.16100521867498527,0.0588830624332701,0.014437255607055383,0.12476625619376637,0.014159054692551624,0.0009680615621618927,0.013469194231385534,0.1306504605164065,0.014164941350408496,0.07671954725422313,0.01685609905557199,0.6342785475038858,True
6,higher_diversity,0,1,cls,value,all,0.687,0.0,0.0,0.0,1.9301592312406932,1.1846320487126198,0.0,0.0,0.0,0.0,0.0,5.131322253152583e-12,nan,False
6,higher_diversity,0,1,cls,value,0,0.687,0.0,0.0,0.0,1.8996350553013945,1.0698031087754314,0.0,0.0,0.0,0.0,0.0,6.8117014751272285e-12,nan,False
6,higher_diversity,0,1,cls,value,1,0.687,0.0,0.0,0.0,1.6858420361235777,1.0862109276729048,0.0,0.0,0.0,0.0,0.0,2.890795480078251e-12,nan,False
6,higher_diversity,0,1,cls,value,2,0.687,0.0,0.0,0.0,1.7034413656532237,1.185365752280138,0.0,0.0,0.0,0.0,0.0,7.078737887837962e-12,nan,False
6,higher_diversity,0,1,cls,value,3,0.687,0.0,0.0,0.0,1.8882622328428587,1.3537533825877563,0.0,0.0,0.0,0.0,0.0,3.932588966310385e-12,nan,False
6,higher_diversity,0,1,token_mean,value,all,0.687,0.16095798896752694,0.043164286285410754,0.016865788490009442,1.292352836275004,0.016953526478213025,0.000736794150064022,0.016128994238732212,0.18591636319649607,0.022016893146986568,0.06892042015241877,0.014735346702350811,0.7318288668845192,True
6,higher_diversity,0,1,token_mean,value,0,0.687,0.15471521842560734,0.05189331627287071,0.012980996971607671,0.12581321870368833,0.012773876657865595,0.0006795879863520068,0.012301408865658397,0.11993202383052583,0.01613887610521047,0.06824370792403546,0.01638991292566061,0.664588158805962,True
6,higher_diversity,0,1,token_mean,value,1,0.687,0.15754451024546906,0.05592038202129746,0.013211477762150538,0.12264808183043036,0.013176965535802459,0.000880255656242794,0.012331221760673956,0.12692740573528674,0.014099952324936124,0.07876437688077559,0.014557858040048317,0.6450502658952173,True
6,higher_diversity,0,1,token_mean,value,2,0.687,0.16276362472751268,0.05079899757617432,0.01265850011310059,0.1317050245718553,0.012612633227374149,0.0007071643670893867,0.011951335906897757,0.12704378525972104,0.012483026312931916,0.0686994263641409,0.01410130728882822,0.6878971105416312,True
6,higher_diversity,0,1,token_mean,value,3,0.687,0.17068348824797341,0.05869114507465254,0.014367757506380424,0.1841261246560579,0.014639587555194062,0.0008482244983580048,0.013519532745704055,0.12842347276957983,0.015520660397647502,0.0766951413566158,0.013892309147525917,0.6561404639833437,True
6,higher_diversity,0,2,cls,query,all,0.687,1.026725512988127,0.8251996591967813,0.6664163587107107,1.6688318576548176,0.6991775627727307,0.033726597035473045,0.6326897686178033,0.2815884784459341,0.3664553057920202,0.9890474746482948,0.06939612769267776,0.19628016567430528,True
6,higher_diversity,0,2,cls,query,0,0.687,1.038644836635523,0.8352721183807575,0.5943498558894562,1.194851179763236,0.6184437347078166,0.03489112464541739,0.5594587393782355,0.25197927171274964,0.26840487393491336,0.9377888013145349,0.07185194438154047,0.19580583379545757,True
6,higher_diversity,0,2,cls,query,1,0.687,1.0063952547916988,0.7830776364745652,0.5461567767799291,1.1872139206035217,0.5613952629078953,0.035416340370747174,0.5107404345815832,0.24910073222023135,0.28655135425314643,0.9514024192047991,0.06975218315016139,0.221898520739106,True
6,higher_diversity,0,2,cls,query,2,0.687,0.9908211595181576,0.8332542110475589,0.6371476691126033,1.1823334072617735,0.6407582098323321,0.039847683711824095,0.5972999849102714,0.26497101985458266,0.3228813600195736,1.0123487386128762,0.06493777951056307,0.15902662852620597,True
6,higher_diversity,0,2,cls,query,3,0.687,1.0659011801280478,0.8635652268679629,0.59456930142664,1.1977763870498037,0.6233002344470661,0.027676090428775005,0.5668931969187476,0.24887117953637236,0.2920790264916513,1.0029715165370272,0.07104260203513232,0.18982618373288418,True
6,higher_diversity,0,2,token_mean,query,all,0.687,0.1868881140118195,0.07577433589862871,0.05606142539870595,1.307070909009389,0.055864121219963384,0.002382126430430534,0.053679299117489296,0.2689371771478814,0.03547018185550501,0.10174901451227532,0.024522878737612205,0.594547056674581,True
6,higher_diversity,0,2,token_mean,query,0,0.687,0.1981832490424492,0.08981329126644516,0.03612457880496177,0.25996179331181185,0.035464738035235505,0.0022457170760555364,0.033878861757164654,0.1585090680547886,0.02122408506070043,0.10921752474944113,0.021001724018291992,0.5468169398756405,True
6,higher_diversity,0,2,token_mean,query,1,0.687,0.17150935903861098,0.074788041507191,0.02808732155398438,0.2536556909320213,0.028496579513524287,0.001623168717328967,0.026464153758504173,0.14862183737677356,0.014820564289707185,0.08918392239289903,0.02641384887763045,0.5639419217329453,True
6,higher_diversity,0,2,token_mean,query,2,0.687,0.17853239574274218,0.07675351621927275,0.0295263078564677,0.2287326036644539,0.02834526923474741,0.002320816078942946,0.027205491734837942,0.1599542631525113,0.01393757587260186,0.09151292554921214,0.026399707167663357,0.5700863369924671,True
6,higher_diversity,0,2,token_mean,query,3,0.687,0.2011911857924769,0.08413405142629461,0.03290686960560591,0.22724560400023375,0.03218916919453278,0.0024018629390577025,0.030505006032233887,0.15372278843312126,0.021847739382513876,0.10464840577544943,0.02427623412487182,0.5818203909137623,True
6,higher_diversity,0,2,cls,key,all,0.687,1.0877305929928944,0.873861920110775,0.740106583251361,1.6671116196645224,0.7803820102258279,0.036299738186326896,0.7038068581711162,0.2869699176510844,0.4353453159617818,1.0877666170229707,0.062365682287649674,0.19661915759274462,True
6,higher_diversity,0,2,cls,key,0,0.687,1.0816598289089692,0.8441719060990507,0.5991901992746815,1.1845155061601929,0.6303576293526828,0.03227505248717286,0.5669151436198842,0.24661887531822965,0.2951884098571812,1.0352791442641012,0.062250100414861335,0.21955878961453523,True
6,higher_diversity,0,2,cls,key,1,0.687,1.106580441004392,0.9455066902059027,0.7375433044012959,1.227206576409892,0.7421056940464983,0.036242321895604786,0.7013009651140734,0.26294924130369157,0.4209854279143008,1.1279039630633265,0.05513634837486527,0.14555991126346868,True
6,higher_diversity,0,2,cls,key,2,0.687,1.0598345030289342,0.8891143190756011,0.6567221800323392,1.1942249451054152,0.6653811346956774,0.03454099951142615,0.6221811920404434,0.2598504114606138,0.366951239318644,1.0842991988488158,0.07168079540133476,0.16108192690974543,True
6,higher_diversity,0,2,cls,key,3,0.687,1.1048667778860748,0.8331253785535732,0.6097143329694923,1.2051582333891235,0.6404712433489984,0.04241738574240695,0.5672969398173419,0.2508398292702357,0.34632518710136306,1.050458857913789,0.06039547818628224,0.2459494708062635,True
6,higher_diversity,0,2,token_mean,key,all,0.687,0.18767254661098018,0.08296278016016366,0.06122495103857013,1.306604372848909,0.06075977620818098,0.0027927012944763355,0.05843225121498108,0.2710634420062734,0.03866364533417317,0.11040558870952923,0.023566488853909752,0.5579386454848173,True
6,higher_diversity,0,2,token_mean,key,0,0.687,0.1765518863531343,0.08866086003157438,0.03296854138881154,0.20319441350627662,0.031786677688212465,0.002418589635371146,0.030549952591007404,0.15251721418108158,0.018903272822956677,0.10360192654829974,0.022639240138232708,0.49781980887908883,True
6,higher_diversity,0,2,token_mean,key,1,0.687,0.19453621909123936,0.08808101779803747,0.033661436412041376,0.20380319352484424,0.03258778879323788,0.0023877760077911344,0.03127366109666499,0.15356265282802353,0.018506332496874413,0.10585886144208889,0.022991259074346584,0.5472256106883283,True
6,higher_diversity,0,2,token_mean,key,2,0.687,0.19627338718727644,0.09020890108507103,0.031017533234518627,0.23591567244237482,0.029856347679459085,0.0024703210378489034,0.028547211973504585,0.1418399569425329,0.015673483150912316,0.1079184865154054,0.02501315742053769,0.5403915814679593,True
6,higher_diversity,0,2,token_mean,key,3,0.687,0.18247250894853922,0.08799878630062276,0.03460476539055785,0.21043817643998544,0.033593764593386394,0.0021170195647176693,0.03248774717477235,0.15605922316045873,0.01765161319590153,0.10371508947689075,0.023622299544513226,0.5177422242523113,True
6,higher_diversity,0,2,cls,value,all,0.687,1.026155039589723,0.8523295617158948,0.6899577612805582,1.6621433293663863,0.7165115750685992,0.03549591451883316,0.654461844400926,0.2801490802181041,0.39145899388475897,1.0416253081786602,0.06213127821683884,0.1693949463458534,True
6,higher_diversity,0,2,cls,value,0,0.687,1.0431070746129965,0.8516737614257966,0.6175174602076824,1.1967355042382026,0.6261965383203418,0.03882238548249006,0.5786950940435583,0.24939208151143963,0.3355091887252386,1.047728035787374,0.05953991142186252,0.18352220768728233,True
6,higher_diversity,0,2,cls,value,1,0.687,0.9530476730032433,0.8038204266246839,0.5408081574145313,1.1920174448170644,0.5392053362042201,0.035634800495410505,0.5051733512770046,0.2386452449386195,0.27253858718546126,0.9199410028909402,0.07364876229654659,0.15657899453058277,True
6,higher_diversity,0,2,cls,value,2,0.687,1.0495600884052834,0.9021728843723822,0.6748972013008939,1.1966377906217855,0.6813470473130191,0.037625185679644346,0.6372720084407113,0.25393922067682806,0.40961196984207454,1.1415855208336805,0.05697578496553681,0.14042759977358077,True
6,higher_diversity,0,2,cls,value,3,0.687,1.0746898705865362,0.8801774530991717,0.668532482632762,1.2439843285214545,0.7195020884695377,0.034530498426068916,0.6340019757097418,0.2666124934908246,0.3382183512406682,1.0421827006554794,0.05836065757003697,0.18099399911641945,True
6,higher_diversity,0,2,token_mean,value,all,0.687,0.20580599675008618,0.08528585709506777,0.06217409991966602,1.3168516035375257,0.06191511376181664,0.0026462036079134455,0.05952789583666758,0.26511190117832545,0.03777157643935881,0.11231109110560324,0.022643195719204166,0.5856007189205867,True
6,higher_diversity,0,2,token_mean,value,0,0.687,0.20027663941229382,0.0881749124004597,0.03472825592735096,0.22029945041988352,0.03419706107028609,0.002041645840191367,0.032686610028825024,0.15895370442756984,0.0182947500237839,0.10200676849963446,0.02332909515296871,0.5597344120651988,True
6,higher_diversity,0,2,token_mean,value,1,0.687,0.17933729262866185,0.08839755622390423,0.03362985691798433,0.21079666580664158,0.03253292160061837,0.002413546364881437,0.031216311099177056,0.15181327699610866,0.01939597540744599,0.11042329151595143,0.02421277498995716,0.5070877064764139,True
6,higher_diversity,0,2,token_mean,value,2,0.687,0.20838620994773782,0.08810015262780158,0.0352546733353279,0.2559260162157758,0.03416051138049231,0.0022675463326529348,0.03298712699589404,0.15356632230104247,0.01633100413225895,0.10416993381978619,0.022265942428599705,0.5772265705590757,True
6,higher_diversity,0,2,token_mean,value,3,0.687,0.23981369663853178,0.09563137784273511,0.03427781271957847,0.2028103482221246,0.03379205541140836,0.0023795992125418375,0.03189821346578273,0.1454997798887032,0.020405810356357353,0.11416127056733122,0.02076496852731163,0.6012263720412971,True
6,higher_diversity,0,3,cls,query,all,0.687,1.0558338583809161,0.6862863141051897,0.5704042442467703,1.6801710680626243,0.6760772479435572,0.025818095881153236,0.5445861437103965,0.2865260855292,0.2842875567077913,0.7908232755832104,0.24980741468342868,0.3500053927446639,True
6,higher_diversity,0,3,cls,query,0,0.687,1.0771956367404827,0.6830283118500222,0.49876854296816203,1.167081417659752,0.5988928416740862,0.032071612859991466,0.46669693155722186,0.25422422845906395,0.22951628307641747,0.7773183363372446,0.2644932283596559,0.3659199048402969,True
6,higher_diversity,0,3,cls,query,1,0.687,1.162757157384971,0.7056488926683162,0.5309834300523046,1.1803209032824933,0.651257518286981,0.02835283407264135,0.5026306022297252,0.25818239629353074,0.229690339450926,0.8319205837270515,0.2271768789399754,0.3931244471929862,True
6,higher_diversity,0,3,cls,query,2,0.687,0.9831158392763523,0.6827128938239604,0.5083612862659356,1.1560569949093025,0.5850800335085596,0.028704339638352394,0.4796569442207163,0.25603239616693074,0.23436422963554948,0.8019055423077646,0.24237442829392172,0.30556210514674564,True
6,higher_diversity,0,3,cls,query,3,0.687,0.9985584383655138,0.6677504300107734,0.46701917359321055,1.1987080520069509,0.5302878481771065,0.020740981213748455,0.44627819007093256,0.24804001202215026,0.20745861403033916,0.7217739992780653,0.2651851204308597,0.33128557693250493,True
6,higher_diversity,0,3,token_mean,query,all,0.687,0.25215398218852836,0.10625689437537639,0.07222713408046333,1.384217913848583,0.07241121442120571,0.003391459446654401,0.0688356753777374,0.24026626028592613,0.04151507729921323,0.12303264224741554,0.04073337702588602,0.578603147754648,True
6,higher_diversity,0,3,token_mean,query,0,0.687,0.22696941542950821,0.11006220959036533,0.04080836765262316,0.29469443836781245,0.03959040571124866,0.00325540663536892,0.0375529620796442,0.1398608419918115,0.01926057642178026,0.11212600708315197,0.0409022926945578,0.5150791159148564,True
6,higher_diversity,0,3,token_mean,query,1,0.687,0.2549866674398977,0.10480593889579283,0.040184958960824406,0.2632984369923843,0.04053028122636267,0.0027711330648426983,0.037413825704292816,0.13991560006749273,0.021256539172547117,0.11107178592122391,0.040262001820585945,0.5889748277897847,True
6,higher_diversity,0,3,token_mean,query,2,0.687,0.2777145736581545,0.10741012450152163,0.04009123307204024,0.2810345016583451,0.03893526420211595,0.003260102779181166,0.03683113044297153,0.13984997147041825,0.018384598138727764,0.12121352043828315,0.04065987908027389,0.6132355494107582,True
6,higher_diversity,0,3,token_mean,query,3,0.687,0.24714608509049504,0.10703309930531123,0.04176097147079544,0.2853825807718877,0.040906813433723564,0.003062445628033443,0.038698525675995785,0.14515736313848468,0.019271005582822708,0.11704169014039843,0.04110933552411469,0.566923751731208,True
6,higher_diversity,0,3,cls,key,all,0.687,1.134164504262654,0.7342585904460517,0.6385319728010699,1.6907597080828238,0.7690929082814517,0.025427342096174307,0.6131046360189264,0.2949521196422618,0.3463916969009339,0.9207518582337885,0.20938825878230008,0.35259956762320843,True
6,higher_diversity,0,3,cls,key,0,0.687,1.2055121199878338,0.7395128549112655,0.5317154501363859,1.2243179300701668,0.6456678292240139,0.03432233809408816,0.49739312719215045,0.24561948849737522,0.2356266740693993,0.9282985135510587,0.21736854043873874,0.38655709664807947,True
6,higher_diversity,0,3,cls,key,1,0.687,1.1057089838474479,0.7673147716443757,0.6093019861607195,1.1786800711691845,0.7305082424008035,0.02501703557473692,0.584284942258488,0.2683271392811073,0.3012500996179694,0.9010001656737064,0.18814910406416113,0.30604274465202286,True
6,higher_diversity,0,3,cls,key,2,0.687,1.0855441939538013,0.7402610819280551,0.5480501863046657,1.1614000957038653,0.6326459014986144,0.022514929613945158,0.5255352665077556,0.2545480294438811,0.2550626309756409,0.907970365470539,0.21559340168129315,0.31807374950636125,True
6,higher_diversity,0,3,cls,key,3,0.687,1.1217089284359651,0.6863264262765912,0.5150782600844829,1.2075155311103378,0.6169522629375228,0.025568578265268694,0.48950968276370654,0.2583769825587645,0.26810197792207624,0.8728317525451814,0.2164419862357053,0.38814213841236134,True
6,higher_diversity,0,3,token_mean,key,all,0.687,0.21623698159714017,0.11146676218724458,0.07897517310503646,1.3739380003555537,0.07845135090800126,0.0037525201703167772,0.07522265274416316,0.2516068197481061,0.044968635601182166,0.13087303627091684,0.037546653977849266,0.4845157319347322,True
6,higher_diversity,0,3,token_mean,key,0,0.687,0.2334060611681534,0.12428605745325895,0.042242445004659526,0.25632948220609075,0.04011453001045964,0.003940584974109449,0.03830186082896861,0.13416374668772202,0.023421505765891724,0.1345426390936679,0.03546222604133866,0.4675114398005321,True
6,higher_diversity,0,3,token_mean,key,1,0.687,0.23038415427539016,0.11617128485169137,0.04707952134674358,0.2656807753971622,0.04550964641432676,0.0033693796140141785,0.04371014144271612,0.15239678348569832,0.025600168258859215,0.1298190131532003,0.034207303415645256,0.4957496742036096,True
6,higher_diversity,0,3,token_mean,key,2,0.687,0.21066661394497307,0.11260042220014684,0.04089192429165169,0.2779882493808415,0.03938727857068495,0.0031086238609118895,0.037783300250091335,0.14035655303341954,0.016493241213959273,0.12179604423882345,0.03833739611912857,0.4655041912357385,True
6,higher_diversity,0,3,token_mean,key,3,0.687,0.19503379889012537,0.10160230641482296,0.037991895042486123,0.2679251673789371,0.03625160037452999,0.0028635057123293254,0.035128388638523494,0.14250824733167625,0.018882088229507415,0.10641503525809733,0.042179686948657036,0.4790528257511826,True
6,higher_diversity,0,3,cls,value,all,0.687,1.089064388344905,0.7427432881164201,0.6422551032464973,1.6766997116832671,0.7502207342780003,0.027677893130616707,0.6145772066983309,0.29310877137801516,0.33075872139171325,0.8897489094538472,0.1924512101845308,0.31799873720488003,True
6,higher_diversity,0,3,cls,value,0,0.687,1.0400502042159276,0.6898029237079512,0.48821417122924776,1.1571748586314925,0.5560685971906776,0.02455660616132346,0.46365755796432495,0.2416746734763976,0.2526675554702971,0.8046626456764341,0.20095920020883734,0.3367599747475851,True
6,higher_diversity,0,3,cls,value,1,0.687,1.0650686475339117,0.7324305755160797,0.5390313485063637,1.1672586119456787,0.6521895962036678,0.025636300232938745,0.5133950588378039,0.24784567468842675,0.2644352083818526,0.8489241728720259,0.2107661637392911,0.3123160866560396,True
6,higher_diversity,0,3,cls,value,2,0.687,1.1084341120494818,0.7922326760860425,0.6336234294971876,1.143668053646281,0.7052179705949541,0.03230857277627696,0.6013148562474684,0.2667532754546993,0.29960952794928025,0.958237965193565,0.1689651906490326,0.2852685897394357,True
6,higher_diversity,0,3,cls,value,3,0.687,1.1448384420332423,0.755706901233539,0.5993071873063189,1.20121278749483,0.7036570734679656,0.03119827988980846,0.5681088946082375,0.26676701892222904,0.2743211079153866,0.9098586491119462,0.18911428343166004,0.3399008336133459,True
6,higher_diversity,0,3,token_mean,value,all,0.687,0.22456221890603378,0.10465507239434745,0.0702700367358758,1.379434294205779,0.07015511037654566,0.0034929438525895503,0.06677709485996854,0.24318301045741172,0.03927190049332276,0.1208616990314908,0.03891825286502188,0.5339595729674389,True
6,higher_diversity,0,3,token_mean,value,0,0.687,0.2215033287115217,0.10406913866390875,0.03739867871045342,0.3179340950556883,0.03656714110137074,0.002626851465637711,0.034771827472881836,0.1409313790028085,0.018385607209314047,0.11121741167030541,0.039819458330219444,0.5301689628355661,True
6,higher_diversity,0,3,token_mean,value,1,0.687,0.1954524275091388,0.10019315199386858,0.03663420314859027,0.27504088890444983,0.03457686715040703,0.0032317395671270788,0.03340246384455399,0.14157667678494354,0.017173018481370633,0.10666868473147757,0.04294471476565708,0.48737831875132975,True
6,higher_diversity,0,3,token_mean,value,2,0.687,0.24618954845807933,0.11227301619970803,0.04166994777265522,0.2735506921741209,0.04016441197772829,0.0032356488465500825,0.038434297862378036,0.13836455053556776,0.017811873323302314,0.12037887130871215,0.03397200595248829,0.5439570164416396,True
6,higher_diversity,0,3,token_mean,value,3,0.687,0.24102312016332422,0.10770481508870343,0.03958939496983241,0.2803144076345659,0.038761406237742345,0.0036066801774061537,0.03598271564326503,0.14123151059211372,0.017983002802009405,0.11315321061049792,0.03893683579835025,0.5531349232566588,True
6,higher_diversity,0,4,cls,query,all,0.687,1.194670371066564,0.6478990812846438,0.563281528352172,1.6873041867667284,0.7490981028987949,0.023435252718627453,0.5398462834683332,0.28623867355651955,0.25221821954325935,0.8134196242850845,0.4058064411986958,0.4576754417151737,True
6,higher_diversity,0,4,cls,query,0,0.687,1.2283046482362054,0.644129560684916,0.5029612755674142,1.1397422925137677,0.6845091012858403,0.028455088486556302,0.47450620477849786,0.25613918616954456,0.1778639860955388,0.8102373442927983,0.39596176689321344,0.47559462417580256,True
6,higher_diversity,0,4,cls,query,1,0.687,1.259892176523321,0.612006810036482,0.4421887157496451,1.1630992005147114,0.6400155347625318,0.024616617582399736,0.41757209463552997,0.23709326196837235,0.16763363160694678,0.7935430279803114,0.41287689859216864,0.5142387408696212,True
6,higher_diversity,0,4,cls,query,2,0.687,1.121265561281516,0.6620411480182532,0.4928045871406048,1.1336231053663453,0.6079388191527234,0.02175862934779037,0.4710459519516338,0.2452048142513605,0.177025701710365,0.7741739800852897,0.41815784302624787,0.4095590100336324,True
6,higher_diversity,0,4,cls,query,3,0.687,1.145709929066355,0.6417750654304082,0.4715054235405901,1.162262478840611,0.6022844445836776,0.023143224968490275,0.4483621892603961,0.23899399464009988,0.1882673994041009,0.798474319519498,0.39622925357385114,0.43984506972598725,True
6,higher_diversity,0,4,token_mean,query,all,0.687,0.270848613907951,0.11941414405111547,0.06848801772299222,1.4163716399248416,0.07015943146326865,0.003321961134629832,0.06516605547883293,0.21319876619344413,0.0341866772797543,0.12026214916026601,0.07277454842220653,0.5591111125578849,True
6,higher_diversity,0,4,token_mean,query,0,0.687,0.2554991705527789,0.11515526569713687,0.03932679376652974,0.3647197147132386,0.03937630172926888,0.0029188917119013654,0.03640790241347118,0.13093773126558536,0.017694736944237507,0.11130223955501295,0.07268777692859824,0.5492929959498672,True
6,higher_diversity,0,4,token_mean,query,1,0.687,0.27788183160408625,0.11939538755829412,0.03932637457271088,0.31058026939546424,0.03843402939477381,0.003537303746931932,0.03578907158225775,0.12702642581355536,0.018073314881046135,0.11243861434158982,0.07101176950064572,0.5703375536677641,True
6,higher_diversity,0,4,token_mean,query,2,0.687,0.2892488025223701,0.11978370681342575,0.03773372282703883,0.34029443907619306,0.037644869963617024,0.0027277804117395795,0.03500594181770628,0.12232566515495721,0.01546920556055398,0.11701248163089524,0.07903338663957336,0.5858800251933218,True
6,higher_diversity,0,4,token_mean,query,3,0.687,0.25715857044825097,0.11915921359477372,0.04147311316015919,0.36516017811110174,0.04159883265048774,0.0026238293344662948,0.03884928377175873,0.1327109735135912,0.014386988393178613,0.11363322115024525,0.06836525892669504,0.5366313734476424,True
6,higher_diversity,0,4,cls,key,all,0.687,1.2474779086940861,0.7255420218247444,0.701397004465581,1.7007435238084505,0.9227076320099065,0.02587073283608664,0.6755262830040671,0.3130127882381366,0.3453002559284884,0.9364457825357123,0.296323608268391,0.4183928895508273,True
6,higher_diversity,0,4,cls,key,0,0.687,1.3305942742699792,0.7134883943789336,0.6015098844838968,1.1937715341343427,0.794016739501524,0.028859040318903597,0.5726508335633711,0.2706685470123155,0.26246201892739507,0.9281710327267939,0.31396854194727813,0.4637821549544967,True
6,higher_diversity,0,4,cls,key,1,0.687,1.1629993435089208,0.7319279372552238,0.5907761177611213,1.1661241915362768,0.7697981852259029,0.026166286319494247,0.5646098445762288,0.26677490944204424,0.2170470650882864,0.8509671695326951,0.28128699280998926,0.3706549007612492,True
6,higher_diversity,0,4,cls,key,2,0.687,1.1983772868662992,0.7346883074198545,0.5842426365403948,1.1831541092355935,0.7625976648303303,0.022214265032248062,0.5620283809575167,0.26153135377046527,0.2519901020166349,0.9420785168763635,0.2957629222761501,0.38693071416512725,True
6,higher_diversity,0,4,cls,key,3,0.687,1.260130574104015,0.688314123287883,0.5934327044163011,1.1898604484361772,0.7706550919817837,0.026978824837979944,0.5664538808844306,0.2749524088549831,0.27589131903994857,0.9180133207926758,0.29427597604014655,0.453775555142536,True
6,higher_diversity,0,4,token_mean,key,all,0.687,0.26446086170365457,0.12683934149215645,0.08267802742959236,1.404307627268671,0.08385708531857392,0.003840690833220089,0.07883733680302446,0.23369249328446484,0.04213493394036216,0.13595166263582312,0.05954637818715789,0.5203852068126129,True
6,higher_diversity,0,4,token_mean,key,0,0.687,0.3035663491521976,0.14069573773334326,0.04741275073834769,0.2749741594632296,0.04590212883313007,0.00427290188963525,0.04313984902744943,0.12894515097539588,0.02169917357002418,0.14837097585249406,0.05353784391825849,0.5365239324902797,True
6,higher_diversity,0,4,token_mean,key,1,0.687,0.24689229101997237,0.1262062682085088,0.04585520076088733,0.32776944737075636,0.044748522310736887,0.0031647619537331843,0.0426904388110746,0.13886940908113984,0.021883948289616952,0.12846063442780117,0.057317424565553665,0.48882053916256407,True
6,higher_diversity,0,4,token_mean,key,2,0.687,0.25613846621426445,0.12678396548860474,0.04593815314979061,0.3302012480337284,0.04585318656005047,0.002809756731783802,0.04312839528376406,0.13654341027203978,0.018009692358993662,0.12101900154942162,0.05944786694916812,0.5050178625550616,True
6,higher_diversity,0,4,token_mean,key,3,0.687,0.2555596276479768,0.11509246732034738,0.039166440270038336,0.32149856949713995,0.038121500453019555,0.00318610510492528,0.03598033408211036,0.13036507015461413,0.018780136069922928,0.11311558125744343,0.06788238002495332,0.5496453474299052,True
6,higher_diversity,0,4,cls,value,all,0.687,1.1978137231178048,0.7434547441223777,0.6998571547514898,1.6920842802452436,0.8789098280822997,0.028641333803534508,0.6712158241055228,0.30741892580217156,0.33121637368660073,0.9272664785772421,0.2793344367634166,0.37932357112487425,True
6,higher_diversity,0,4,cls,value,0,0.687,1.1849456437878103,0.7156606303414396,0.5664135692993223,1.168432057837849,0.7055668393326648,0.02691125577654351,0.5395023131912405,0.25867350370410014,0.2460080236750142,0.8505130516716889,0.27755936031991785,0.3960392748027235,True
6,higher_diversity,0,4,cls,value,1,0.687,1.155337476694906,0.7597781791069955,0.5987995597271385,1.149109222105241,0.7650210094030965,0.026757813736119053,0.5720417336984114,0.2571783754527747,0.2481705505332672,0.9290156609288104,0.283719848502766,0.3423755444335571,True
6,higher_diversity,0,4,cls,value,2,0.687,1.1817840761324916,0.7375728207877251,0.5897359621493593,1.1814314482620754,0.6995313913275422,0.02754919093356214,0.5621867613358931,0.2625602666831259,0.23993401347761634,0.9117045241279186,0.2709815258329565,0.3758819096619519,True
6,higher_diversity,0,4,cls,value,3,0.687,1.2608163781746549,0.7163220246181615,0.5995843587119238,1.172425062815986,0.796077199381979,0.030325306494804947,0.5692590569907968,0.26901806961938207,0.2253078572305166,0.9100801239215927,0.2850770232352344,0.4318585663875848,True
6,higher_diversity,0,4,token_mean,value,all,0.687,0.2393083750535249,0.1151975197533574,0.06825521919770237,1.4290584795658263,0.06930159928304382,0.003511423620776358,0.06474379568614742,0.22324309489679212,0.03395190738172959,0.11621209672918498,0.06597358293154022,0.5186231166059618,True
6,higher_diversity,0,4,token_mean,value,0,0.687,0.24997679566912903,0.11856468018403418,0.041853166141600506,0.3582777109565703,0.041209698657443554,0.002963328199588101,0.03888983804393898,0.13468824750988498,0.018821069432277016,0.11905165297422977,0.06268004869872873,0.5256972557526212,True
6,higher_diversity,0,4,token_mean,value,1,0.687,0.21861972328998538,0.10750324622181323,0.03463311892381716,0.34285701831040555,0.033223323726794325,0.003094240689692511,0.03153887848285111,0.12888028589013786,0.013692599513990496,0.09794833978760094,0.07008612900972366,0.5082637348359603,True
6,higher_diversity,0,4,token_mean,value,2,0.687,0.2528501692341425,0.11753121217707595,0.03721099353956957,0.34238504929441893,0.03620700987410477,0.0032951063952747395,0.033915886147455734,0.1274406272502765,0.015742598995912595,0.10870607930243525,0.06593896448612213,0.5351744769122913,True
6,higher_diversity,0,4,token_mean,value,3,0.687,0.2376662468111606,0.11471907470691814,0.03880610940069115,0.3224079618087383,0.03804771253244665,0.003307065471414138,0.035499044016680935,0.1327506332538337,0.01597998812216867,0.10893154950127783,0.06518919224088843,0.5173101934071901,True
6,higher_diversity,0,5,cls,query,all,0.687,1.0096239435074197,0.5908450163213733,0.48110927266433046,1.6900614737472226,0.6181579542069192,0.021794492294165222,0.45931479605761444,0.2739161132300391,0.21843367120447743,0.7041588029676825,0.6151991540735419,0.41478704014408985,True
6,higher_diversity,0,5,cls,query,0,0.687,1.0765110173786694,0.6132493643199365,0.43578064007440853,1.1157357405995108,0.5553879999664887,0.022598917469043623,0.41318172080950305,0.23696843345710442,0.18564687478776373,0.7128133559620412,0.5719758868217468,0.43033619310909266,True
6,higher_diversity,0,5,cls,query,1,0.687,1.0613723634780454,0.5810800901439586,0.3940202441420919,1.1176186166211322,0.569164614395514,0.02084522802298042,0.37317500602115283,0.22491373226507305,0.16053781974371975,0.7335309540452175,0.5703911889683116,0.4525200484401173,True
6,higher_diversity,0,5,cls,query,2,0.687,0.8703000813788193,0.5344665965105103,0.3266857508440728,1.088361683649411,0.3906802624397559,0.01761542859656567,0.3090703324838118,0.21357235620303872,0.11579591970063478,0.5729842697031602,0.7760404727675698,0.38588240085677905,True
6,higher_diversity,0,5,cls,query,3,0.687,1.0725793876511591,0.6252603261667536,0.44996483954289807,1.1145770887349202,0.5437120697803852,0.02366451466117393,0.4263003184036775,0.2341367072551193,0.17306337244857328,0.768545038311479,0.5423891083760695,0.417049839512569,True
6,higher_diversity,0,5,token_mean,query,all,0.687,0.25142482085517864,0.11673660959336081,0.04927205318504602,1.4327310230918349,0.05025997434650038,0.0031780220875093205,0.046094031665812836,0.17392653820849385,0.023397492338504366,0.10564897392555873,0.15312384272163565,0.535699740398338,True
6,higher_diversity,0,5,token_mean,query,0,0.687,0.24162341298927578,0.1207990705521452,0.03285808611059342,0.3769331420727712,0.03184124613053466,0.0032526238382243637,0.029605461792512375,0.11438641514494353,0.01429043113258287,0.10094315268770511,0.13712564449418674,0.5000522960185703,True
6,higher_diversity,0,5,token_mean,query,1,0.687,0.26022525343692793,0.12235037317861085,0.0344341715213001,0.37596735933082426,0.03387956994993757,0.0034586922318505294,0.03097547853196209,0.11543194177422635,0.015656174188976888,0.11238662876042355,0.12484506246718494,0.5298289786918566,True
6,higher_diversity,0,5,token_mean,query,2,0.687,0.25939359249873273,0.10962260871051113,0.022311728017832624,0.3984971112034309,0.021779479619977473,0.002473729839865965,0.01983799853108146,0.09866623403219309,0.008943536437599518,0.09275060695563374,0.2175327336246317,0.5773889105952118,True
6,higher_diversity,0,5,token_mean,query,3,0.687,0.24072221988349926,0.11753055354786789,0.033420178577075514,0.3619514874057228,0.033655206769742096,0.002560129801912064,0.03086004736409946,0.11483141134493939,0.014013938173444103,0.1042157314374073,0.13299192555926062,0.5117586004119256,True
6,higher_diversity,0,5,cls,key,all,0.687,1.093734736171545,0.6884721161336166,0.6367065552327904,1.7032527484861417,0.7803057044999374,0.02828307534483346,0.6084234768694098,0.30390925461451856,0.28178540772234106,0.8340155994908601,0.4154775847088207,0.3705309949800897,True
6,higher_diversity,0,5,cls,key,0,0.687,1.094781169249201,0.6767256499303613,0.5090944207710716,1.1674386094410396,0.6214214640335389,0.027928891972723333,0.4811655133962631,0.25033062956587976,0.1899806600861268,0.7880236100691435,0.41500504179434344,0.38186217580408466,True
6,higher_diversity,0,5,cls,key,1,0.687,1.0634917163070117,0.7298213038634711,0.554913857993655,1.1412095648482856,0.6509929206225316,0.02739048884673552,0.5275233807888898,0.24977226110271758,0.17953405237632739,0.8468622542191264,0.39501820640130475,0.313749893231153,True
6,higher_diversity,0,5,cls,key,2,0.687,1.0580437132895184,0.6464020912405964,0.47976436719078935,1.112259618356717,0.6019879408295439,0.020096109841357578,0.4596682543104345,0.2476931275669392,0.17529002222259496,0.7653955724306339,0.4481294534423135,0.3890591824123264,True
6,higher_diversity,0,5,cls,key,3,0.687,1.1542835309289516,0.6539972069298761,0.5506189344666929,1.1618741039418345,0.6800316806371547,0.029721798502247442,0.5208971351385117,0.27214752793115893,0.21080783812631332,0.8037540680510552,0.40375767241824756,0.4334171896193061,True
6,higher_diversity,0,5,token_mean,key,all,0.687,0.26713895299945095,0.13044738329118302,0.06921959622065967,1.4335285335291441,0.07022561314073726,0.0037918056424876504,0.06542779149656947,0.20378162101533895,0.03228485593693187,0.12339735225420141,0.10608633607625961,0.5116871507261949,True
6,higher_diversity,0,5,token_mean,key,0,0.687,0.2948503545960156,0.1368664334058505,0.041905570759940364,0.3395509674274436,0.039419671010896835,0.00458322664913298,0.037322344427758995,0.12323671262998438,0.01730694715189043,0.12609318188294635,0.09562123363668268,0.5358105178697316,True
6,higher_diversity,0,5,token_mean,key,1,0.687,0.2430233418614607,0.1296286025059046,0.03713782608250977,0.36111742757957555,0.03599463733946366,0.002811524231219664,0.03432630121030591,0.11825808399978537,0.016872264156623813,0.12002586596036642,0.10895635695620016,0.46660019768882355,True
6,higher_diversity,0,5,token_mean,key,2,0.687,0.22696695187500984,0.1215569895236598,0.03600422124087131,0.33130786194879325,0.03578571845744383,0.00291259516432712,0.03309162570671602,0.12270813709706213,0.013451305766724833,0.10362237968409516,0.11441771482879465,0.46442868215192423,True
6,higher_diversity,0,5,token_mean,key,3,0.687,0.3061023918912333,0.13052557386242605,0.03909975114315146,0.3436727793123771,0.037980345253222456,0.0036633066827727653,0.03543644381517714,0.11970159954962444,0.018044656159070634,0.11778016707082906,0.10535003583539616,0.5735885203118392,True
6,higher_diversity,0,5,cls,value,all,0.687,1.1422400635287162,0.7297489999606046,0.6790816644283724,1.7064108916403888,0.8308859954396121,0.02914339591833678,0.6499382609670813,0.30367133639104626,0.3033530113859296,0.8994783106407921,0.35510006005113776,0.36112466786868347,True
6,higher_diversity,0,5,cls,value,0,0.687,1.1094739148934665,0.7200302118529464,0.5818386931578601,1.1471393306823476,0.6793687641690928,0.027041221672499723,0.5547974597324025,0.26063810918975344,0.2320329957946032,0.8530967956020837,0.3286051479252902,0.35101654740383437,True
6,higher_diversity,0,5,cls,value,1,0.687,1.1445064759161871,0.7863446244273239,0.6071761244485429,1.1862082554499949,0.7290717839894731,0.029043460815128954,0.5781326564875516,0.254017873040807,0.2268147586109159,0.9501975180210079,0.33911937746134674,0.3129399955576063,True
6,higher_diversity,0,5,cls,value,2,0.687,1.1831176833320363,0.703643974295062,0.5126927844921569,1.1646177377231994,0.5947522728445146,0.02880558604374528,0.48388719152320514,0.2421563282478527,0.1953479797160809,0.876633232842349,0.38888404315168207,0.40526290477429394,True
6,higher_diversity,0,5,cls,value,3,0.687,1.118177543345411,0.668360808338113,0.5479397805564563,1.1864164393536876,0.6780764754877149,0.027216139588166367,0.5207236409187317,0.2675755693264825,0.20961147847096853,0.8032975735393117,0.36379166082902387,0.4022766667818398,True
6,higher_diversity,0,5,token_mean,value,all,0.687,0.27134078381449006,0.13001169093327825,0.0696432359761963,1.4490746064915092,0.07091759518776121,0.0038515185958451843,0.06579171832312238,0.20577256569602154,0.03362757417406614,0.1221773072791469,0.08969414911486885,0.5208545906531895,True
6,higher_diversity,0,5,token_mean,value,0,0.687,0.27996215009038944,0.12887225173789527,0.04125249480815086,0.3892115230493426,0.040574373210399965,0.002938859349921007,0.03831363579427654,0.12286696832308604,0.02026538059978133,0.12374749572661481,0.08251164751974019,0.5396797327914249,True
6,higher_diversity,0,5,token_mean,value,1,0.687,0.3108010203287088,0.14090032599034671,0.04718835156433445,0.359670644563073,0.04561348235892251,0.004264403134584427,0.042923948473551056,0.12702429960625627,0.01847853123417917,0.12608271177885963,0.07423454929481853,0.5466542360725587,True
6,higher_diversity,0,5,token_mean,value,2,0.687,0.2552731916891412,0.1277065707500945,0.03294532900396185,0.3549832838424628,0.03193503515360334,0.003357855423184281,0.029587473466315052,0.11373096210826072,0.013497823914696139,0.10465250552019534,0.1057808433066715,0.4997258822790561,True
6,higher_diversity,0,5,token_mean,value,3,0.687,0.24945293449826433,0.12179200333759493,0.03737272172406104,0.3546883313887447,0.03597760060912582,0.0035735291577028956,0.03379919320683588,0.12421764491917502,0.01525994042786452,0.10713800951118879,0.09624955972487276,0.5117635974795784,True
6,higher_diversity,0,6,cls,query,all,0.687,0.9504991741330581,0.5942877272491353,0.48793001327227914,1.6967888389512935,0.5796733609718976,0.026897268962453712,0.461032745513049,0.2788892779275019,0.2074153629740292,0.6967219246377141,0.788408257744529,0.3747625001450634,True
6,higher_diversity,0,6,cls,query,0,0.687,1.0203541086882282,0.6234326910492732,0.43058863121773905,1.1126056856847915,0.5005821590792409,0.03210847503082319,0.3984801457686858,0.2339627145256684,0.15627182893574118,0.679634007734542,0.7420528503981504,0.38900359616255076,True
6,higher_diversity,0,6,cls,query,1,0.687,1.065828840441947,0.6244192212176002,0.4353436082583992,1.1479835237348501,0.5434062155044913,0.026929159521717917,0.408414445140145,0.2372972764723965,0.15471009326306243,0.7676187144357258,0.7085348963737488,0.41414681464363057,True
6,higher_diversity,0,6,cls,query,2,0.687,0.7706202501912596,0.48379942102327705,0.28600621823694555,1.1133356105946641,0.33063560730312624,0.01697242996570739,0.26903378760272806,0.21239534980375768,0.10315621042622987,0.5254337709482825,0.99461383711208,0.37219477310231164,True
6,higher_diversity,0,6,cls,query,3,0.687,1.000656476146088,0.6543057470742979,0.4614360428050578,1.1319381432496618,0.5410373619508532,0.024197272448377175,0.4372387718070637,0.23592583054551686,0.18594907615796372,0.7709886154314661,0.708431444384835,0.3461235072456831,True
6,higher_diversity,0,6,token_mean,query,all,0.687,0.323908418100437,0.13507226898516647,0.051885077589982356,1.445819233452565,0.053062191762264184,0.003407056528058919,0.04847802272574468,0.1606862495675365,0.024349538296370682,0.11329753982935609,0.2290968204086477,0.582992409467779,True
6,higher_diversity,0,6,token_mean,query,0,0.687,0.3515897486232946,0.1500706793883698,0.03662610241142488,0.36990105865024925,0.03541965761275954,0.0035945415041748097,0.0330315611155873,0.10638385236786436,0.015759981136637128,0.11641586219997342,0.19520761614496057,0.5731653724945186,True
6,higher_diversity,0,6,token_mean,query,1,0.687,0.3796098488963741,0.1527679047274214,0.04594751484561235,0.4194511242182207,0.04638716299438053,0.0036480464940806005,0.04229946807026863,0.11904797271683697,0.020061678783707983,0.1347578298484647,0.16722487725994803,0.5975660137070785,True
6,higher_diversity,0,6,token_mean,query,2,0.687,0.29213602416358325,0.11448199071868136,0.019181606406977646,0.3838744246876797,0.018597793768649493,0.002575223445257341,0.016606382771649143,0.0866923065375001,0.008293352943460097,0.08538532844759816,0.36382142251188104,0.6081209393930257,True
6,higher_diversity,0,6,token_mean,query,3,0.687,0.30137043804138025,0.14115659244022238,0.038792159568960864,0.42909892046507553,0.039114303673219844,0.0030130632486279037,0.035779096016829666,0.11175453068082829,0.01661196442363955,0.12086161163459937,0.19013335149396549,0.531617655143599,True
6,higher_diversity,0,6,cls,key,all,0.687,1.1055880972605725,0.7324711908038182,0.6747309886989137,1.7035817796670187,0.7796464028814644,0.03306609989059242,0.6416648843071677,0.3080248860373122,0.3062249840070206,0.9011181717655375,0.5024937716397372,0.33748274550102686,True
6,higher_diversity,0,6,cls,key,0,0.687,1.1607937514268079,0.7457486188137543,0.5570238394737571,1.1306136411000636,0.6209610213435748,0.031386322849853474,0.5256375169212167,0.24695067761232725,0.22543603159202039,0.9209236433870593,0.47657694870775397,0.35755286596167,True
6,higher_diversity,0,6,cls,key,1,0.687,1.0815122900059562,0.7514928567183726,0.5352804217003535,1.223197533250297,0.5989535168428831,0.02826441735537215,0.5070159977132623,0.24578166596589715,0.18709226491115616,0.8746254180526143,0.5344694961201061,0.3051462626335629,True
6,higher_diversity,0,6,cls,key,2,0.687,1.1033333299766506,0.6981612842370418,0.5327048403096903,1.1476174461480169,0.6497185664790748,0.028726367745548487,0.5039784745736555,0.258158390365707,0.20956159455552192,0.856411674645957,0.5015092546289618,0.36722542021655713,True
6,higher_diversity,0,6,cls,key,3,0.687,1.0725056367740151,0.6882191602534115,0.5799003303776513,1.1983721522923896,0.6623016685835752,0.03899663149125197,0.54090369831432,0.27494347177766765,0.2208603352213403,0.8075037057142952,0.4974194114858454,0.35830718584985455,True
6,higher_diversity,0,6,token_mean,key,all,0.687,0.32474020276340076,0.15747094762003688,0.07799082706798414,1.4501580181150826,0.07919414435544615,0.004512484084857119,0.07347834093326872,0.19143346633802,0.034592963295123375,0.13777424348762268,0.14615978503769095,0.5150863789576214,True
6,higher_diversity,0,6,token_mean,key,0,0.687,0.31313173127295685,0.15822681882178677,0.04823293762815784,0.36006651242960924,0.04498766408678953,0.00495101599319076,0.04328192177821289,0.12140021254823688,0.020000603660820116,0.14363852596447313,0.12594443559646606,0.4946956727171783,True
6,higher_diversity,0,6,token_mean,key,1,0.687,0.30126466427250753,0.15502216853095102,0.040671440726979105,0.4058740815582336,0.039972996140204636,0.0031299380485010756,0.03754150215536356,0.1112268948120537,0.016987017522557258,0.13052594484355443,0.16754812747240067,0.4854286382862132,True
6,higher_diversity,0,6,token_mean,key,2,0.687,0.3324330750130749,0.16415318200878712,0.04323873480343242,0.3758370143861193,0.041763796605964985,0.004331471811218018,0.03890726224265315,0.11352754357009665,0.016634072585601928,0.12885765281700265,0.1416175975040956,0.5062068297436083,True
6,higher_diversity,0,6,token_mean,key,3,0.687,0.35393430605253245,0.1482308667549585,0.043437896939034895,0.39753140910132706,0.043143636819930824,0.0037107333773747087,0.039727164009077984,0.11570743186247646,0.01842205429587387,0.12050709384534668,0.14952897212722085,0.5811910170330947,True
6,higher_diversity,0,6,cls,value,all,0.687,1.1495290727281395,0.7454653839861329,0.6382297460638756,1.716810787741692,0.7501391103126377,0.0317394225011495,0.6064903167161074,0.28985098535671966,0.28159927872824725,0.8978067934528483,0.4608276459303769,0.35150367078846956,True
6,higher_diversity,0,6,cls,value,0,0.687,1.0438670073992933,0.7425263423249265,0.5204565802906709,1.1256413505467444,0.6001784413767589,0.027925668030299923,0.49253090945157135,0.23606272764367872,0.17817835531120008,0.7615761144470881,0.43661762096665124,0.2886772576758907,True
6,higher_diversity,0,6,cls,value,1,0.687,1.1969185060124727,0.7978363831213996,0.5581071845041533,1.136155057339413,0.6344556258689562,0.02932655944658274,0.528780606659976,0.2343398443300557,0.20784529382114966,0.9828720894349345,0.42502972754565155,0.3334246407640675,True
6,higher_diversity,0,6,cls,value,2,0.687,1.2530970466862896,0.7168455812350094,0.43169279271999894,1.1692359315039813,0.499603832763765,0.02870553082109175,0.40298725935545837,0.22833341577412486,0.18341821447051285,0.9254542621822158,0.540149146860296,0.42794089002871116,True
6,higher_diversity,0,6,cls,value,3,0.687,1.0554085186045357,0.7136436880360615,0.49051682619797676,1.2111905517028767,0.5484080946391496,0.028986904135143213,0.46152992952953686,0.24511870348012235,0.19274766529469747,0.8182079853349761,0.4415140558372844,0.32382231576106346,True
6,higher_diversity,0,6,token_mean,value,all,0.687,0.3496630381342049,0.1636270937239864,0.08212486620296466,1.4649125015586357,0.08397516919256241,0.004811658825598319,0.07731320742856372,0.18970044729276195,0.038773430161156607,0.14810036440679852,0.11802203072742982,0.5320434936529255,True
6,higher_diversity,0,6,token_mean,value,0,0.687,0.36045209579936643,0.1771843766147407,0.056793361684286836,0.44209760046059665,0.056151762707933386,0.004899065629367463,0.05189429452134804,0.12260179247850476,0.02344415794955812,0.16057550679718166,0.09134131297469139,0.5084384896644784,True
6,higher_diversity,0,6,token_mean,value,1,0.687,0.5042424916600615,0.19612662468731282,0.06260647073601375,0.42517724170258037,0.06018175110111926,0.005359086589041081,0.0572473845359954,0.12489830701591643,0.027890919340946948,0.1813526955108773,0.0914607315578244,0.6110470102556671,True
6,higher_diversity,0,6,token_mean,value,2,0.687,0.2737814590101017,0.14581514177131646,0.033243748122569104,0.40835139224225414,0.03131839477825819,0.003545212331862951,0.029698534826324743,0.10525558633469713,0.013866966440404888,0.1104904348538393,0.16330905732783405,0.46740315323567494,True
6,higher_diversity,0,6,token_mean,value,3,0.687,0.30750288960472794,0.15580755215158434,0.04071233742039593,0.39638397138759845,0.03890795756191257,0.004204587227749554,0.03650774976069277,0.11327752829132991,0.019288703691690216,0.132278070564384,0.12597702037204395,0.4933135348683606,True
6,higher_diversity,1,1,cls,query,all,0.679,0.0,0.0,0.0,1.9316996094661534,1.1434270239143296,0.0,0.0,0.0,0.0,0.0,2.3012670367790605e-11,nan,False
6,higher_diversity,1,1,cls,query,0,0.679,0.0,0.0,0.0,1.7096737129785509,1.0449666991334956,0.0,0.0,0.0,0.0,0.0,2.6452462695028796e-11,nan,False
6,higher_diversity,1,1,cls,query,1,0.679,0.0,0.0,0.0,1.8013647101392707,0.9023239730655672,0.0,0.0,0.0,0.0,0.0,2.13612602984924e-11,nan,False
6,higher_diversity,1,1,cls,query,2,0.679,0.0,0.0,0.0,1.8692423528062774,1.1895111776036238,0.0,0.0,0.0,0.0,0.0,2.5437199064287146e-11,nan,False
6,higher_diversity,1,1,cls,query,3,0.679,0.0,0.0,0.0,1.7774443508707365,0.832472900382098,0.0,0.0,0.0,0.0,0.0,1.8799757363226327e-11,nan,False
6,higher_diversity,1,1,token_mean,query,all,0.679,0.1736868316906735,0.040976602947831633,0.014692105827055713,1.2665582604191932,0.014917500724491224,0.0006956324809421362,0.013996473238380118,0.1717550133292255,0.019566748084332442,0.06963863514775391,0.01719884117218581,0.7640776646740344,True
6,higher_diversity,1,1,token_mean,query,0,0.679,0.18971583785090926,0.05136938310248343,0.012145506063023004,0.12639239142397465,0.012359422507728469,0.000752009328359484,0.01139349706301635,0.11739738953385569,0.01382350719861339,0.07833830030444082,0.016487264497713608,0.72922986459964,True
6,higher_diversity,1,1,token_mean,query,1,0.679,0.1595624366494406,0.04867309162665762,0.009726676913624431,0.11882270019479159,0.01007662469295721,0.0006590611856981096,0.00906761537771672,0.11318597506023717,0.008949707969312338,0.06856677206500629,0.018249546601013703,0.6949589599612807,True
6,higher_diversity,1,1,token_mean,query,2,0.679,0.17136060419412696,0.05734868522710459,0.011026301122893474,0.10700197088131035,0.011158014734624484,0.0008091791162521324,0.010217121590606192,0.10466670027715447,0.010762213391246708,0.07443356461630334,0.015975943004543133,0.665333315689429,True
6,higher_diversity,1,1,token_mean,query,3,0.679,0.17603505702397793,0.050068492859759034,0.010845363836445247,0.11822299738533992,0.010833930624602214,0.0007576191512105817,0.010087745105424388,0.1120501850809899,0.01065436545372172,0.07671927290443571,0.018082609146156094,0.715576580561796,True
6,higher_diversity,1,1,cls,key,all,0.679,0.0,0.0,0.0,1.8952880897544033,1.1009443274019157,0.0,0.0,0.0,0.0,0.0,6.219072094301614e-12,nan,False
6,higher_diversity,1,1,cls,key,0,0.679,0.0,0.0,0.0,1.7178154782587627,1.4665169954074564,0.0,0.0,0.0,0.0,0.0,8.7440979330959e-12,nan,False
6,higher_diversity,1,1,cls,key,1,0.679,0.0,0.0,0.0,1.8862889269771543,0.9227254185140442,0.0,0.0,0.0,0.0,0.0,5.996230658465087e-12,nan,False
6,higher_diversity,1,1,cls,key,2,0.679,0.0,0.0,0.0,1.6686775713450708,1.1285553356723432,0.0,0.0,0.0,0.0,0.0,5.155889408472387e-12,nan,False
6,higher_diversity,1,1,cls,key,3,0.679,0.0,0.0,0.0,1.7805475895075327,1.0974277431753139,0.0,0.0,0.0,0.0,0.0,5.239209004959757e-12,nan,False
6,higher_diversity,1,1,token_mean,key,all,0.679,0.15273885686787594,0.04340456432118142,0.016616098709416806,1.2698075534709137,0.01679344342851723,0.0007860148940711621,0.01583008375018835,0.1720544543432424,0.02054901508168559,0.07112698104719475,0.01793146946213462,0.7158250021556218,True
6,higher_diversity,1,1,token_mean,key,0,0.679,0.16479861683506825,0.051086703336663125,0.011638792872962524,0.12973607155269865,0.011738438769927872,0.0007177584497681396,0.010921034559776837,0.11402084016841356,0.011853435982019817,0.0734268944157331,0.01748570791361007,0.6900052663197344,True
6,higher_diversity,1,1,token_mean,key,1,0.679,0.12599616994529697,0.055595028276736506,0.012294259690994336,0.11771281202631427,0.012187984677069125,0.0007434181382202289,0.011550841445568949,0.10691300690603701,0.012800439841412834,0.08131685612551982,0.019602859477427872,0.5587562042491143,True
6,higher_diversity,1,1,token_mean,key,2,0.679,0.13260679724030164,0.052578036319283636,0.011442736230886574,0.1360951472244255,0.011616695604600047,0.000873027277438351,0.010569709152067926,0.10594778128120906,0.011126614573393279,0.07130077551332716,0.017654253339225597,0.6035042138601308,True
6,higher_diversity,1,1,token_mean,key,3,0.679,0.19186115528358594,0.05920771445807607,0.012639569847149612,0.10315081975529174,0.013007504357113326,0.0009111434059873732,0.011728426716713742,0.10670823991286667,0.012217117553262704,0.07679055144831202,0.016983056102286686,0.6914033256468075,True
6,higher_diversity,1,1,cls,value,all,0.679,0.0,0.0,0.0,1.8783889362018427,1.0944211272865996,0.0,0.0,0.0,0.0,0.0,7.815925108827328e-12,nan,False
6,higher_diversity,1,1,cls,value,0,0.679,0.0,0.0,0.0,1.7006755847680284,1.2235738764943838,0.0,0.0,0.0,0.0,0.0,7.21213706010419e-12,nan,False
6,higher_diversity,1,1,cls,value,1,0.679,0.0,0.0,0.0,1.775738868180762,1.1885061246708089,0.0,0.0,0.0,0.0,0.0,6.109015085149393e-12,nan,False
6,higher_diversity,1,1,cls,value,2,0.679,0.0,0.0,0.0,1.7998203735015024,1.0039533464769512,0.0,0.0,0.0,0.0,0.0,7.897898362769672e-12,nan,False
6,higher_diversity,1,1,cls,value,3,0.679,0.0,0.0,0.0,1.7930955853120574,1.1079216982049431,0.0,0.0,0.0,0.0,0.0,1.0150545650223673e-11,nan,False
6,higher_diversity,1,1,token_mean,value,all,0.679,0.16068075310770905,0.04132408622613142,0.015998558197290246,1.2702056277023617,0.01621047164960399,0.0007588180947509086,0.01523974022447047,0.17489456543695311,0.02075998357179892,0.06612816457329516,0.017272094772620636,0.7428186921775835,True
6,higher_diversity,1,1,token_mean,value,0,0.679,0.15470957041337283,0.05192434894580181,0.010667618273317208,0.12202218848354317,0.010440605834188441,0.0009256830810706808,0.00974193499000235,0.10957713924953728,0.012970265579733749,0.07350805771612208,0.019238321703266014,0.6643753272207809,True
6,higher_diversity,1,1,token_mean,value,1,0.679,0.15004613339753126,0.05039534531747472,0.01256069659159072,0.11006152321973386,0.012750445735058001,0.0006779794368247332,0.011882717276669362,0.12232220157822593,0.010400521186445305,0.06497277845383187,0.016117380593310703,0.6641343287137056,True
6,higher_diversity,1,1,token_mean,value,2,0.679,0.13781168484892736,0.05233078316795295,0.012228386314572149,0.14183264008313634,0.012403560561270373,0.0008233965834899044,0.011404989879917015,0.11078250889798219,0.01311291198309348,0.0718201707557158,0.016784094104712658,0.6202732502304193,True
6,higher_diversity,1,1,token_mean,value,3,0.679,0.1993644303542407,0.056065177595655165,0.013619217307491736,0.14394068356060336,0.014006992840158095,0.0008958536901363087,0.012723363671367142,0.12148886146524294,0.0143274050510381,0.07313793945912002,0.016948582350530407,0.7187804389376995,True
6,higher_diversity,1,2,cls,query,all,0.679,0.8653967441643491,0.8161931606869529,0.6126641954433599,1.7177959868514405,0.5996529899311894,0.027696139729497107,0.5849680521271445,0.25759317896944833,0.3503511185068082,1.0115898710883828,0.07680909132415598,0.05685667736699018,True
6,higher_diversity,1,2,cls,query,0,0.679,0.8586156345652061,0.8088732702778032,0.5210532871995213,1.2677635606073414,0.5067080842926209,0.02630155978047035,0.4947517311031168,0.22473863059259286,0.2396686658589712,0.9620840021147439,0.07790657776323232,0.05793321514881555,True
6,higher_diversity,1,2,cls,query,1,0.679,0.8959318980015785,0.8516746405357604,0.5343313815945824,1.2809138073432127,0.5183837236309737,0.03083274843679233,0.5034986368634484,0.22049514145820703,0.25804464220797757,1.0582770430648167,0.07604244249788197,0.049398015144383356,True
6,higher_diversity,1,2,cls,query,2,0.679,0.8814214424170967,0.8373878906816382,0.589921843625494,1.3075532315071081,0.5752411291773766,0.029585442336445503,0.5603363920341838,0.2422692792053391,0.2881710802843245,1.0229605442749499,0.07909108529036696,0.04995743195752822,True
6,higher_diversity,1,2,cls,query,3,0.679,0.8239161194337856,0.7664750366325225,0.534824918385134,1.312618624198555,0.5253568967061976,0.023315712047571487,0.5115092152898962,0.2348435815198455,0.26550432608114893,0.9495345406274546,0.07419626245444472,0.0697171489262014,True
6,higher_diversity,1,2,token_mean,query,all,0.679,0.22931137368479682,0.10712180456124608,0.08185215288445061,1.343382241147029,0.08242157779450345,0.0034418346952985635,0.0784103199839592,0.26947990698951557,0.04597457113368783,0.13296644479667344,0.02371580720963803,0.5328543768243617,True
6,higher_diversity,1,2,token_mean,query,0,0.679,0.24535549955744307,0.11525293071417227,0.05090078653281989,0.3179687885492177,0.049644093428470475,0.0035381492290815168,0.04736263770610094,0.16138556125304063,0.024577703004192302,0.13653485799189094,0.024494060315191746,0.5302614739752796,True
6,higher_diversity,1,2,token_mean,query,1,0.679,0.2202489044771263,0.11464750924417282,0.04760538871876512,0.2813425122433984,0.04627975608376253,0.0033519475202245467,0.04425344167446548,0.1566950850850344,0.022404146400876485,0.12957212914285185,0.02246254530142654,0.47946388420706354,True
6,higher_diversity,1,2,token_mean,query,2,0.679,0.22552172169562515,0.10787183767767358,0.04208196963951586,0.3079992649004234,0.04129433813117332,0.002758046707392416,0.03932392182336612,0.1495962865504146,0.01980020976784091,0.1181696758060885,0.024352556687187065,0.5216787240421011,True
6,higher_diversity,1,2,token_mean,query,3,0.679,0.2260488881975438,0.10677903809811075,0.04458906784926752,0.2489029585959167,0.044858827531005785,0.002599003640088168,0.041990064677189694,0.15538607845702132,0.023315216507759515,0.12502027948694636,0.02355406645008109,0.5276285632301067,True
6,higher_diversity,1,2,cls,key,all,0.679,0.8304684985439422,0.7802731512659189,0.5506987507265863,1.723348985207423,0.5386699330028452,0.027728354854678564,0.5229703919454054,0.24685702961719025,0.3064048092011624,0.935633076478179,0.0739047449420799,0.06044220505176379,True
6,higher_diversity,1,2,cls,key,0,0.679,0.9417863447125577,0.8788405412780279,0.5879839902918567,1.2842976156654389,0.5679245167156098,0.03835109722885219,0.5496329042044553,0.23269665337711112,0.3045135098456004,1.0572554082459473,0.059781463986093346,0.06683660661244928,True
6,higher_diversity,1,2,cls,key,1,0.679,0.7501373779254057,0.7016344050834503,0.4030089028422977,1.276199392879069,0.38831496286128664,0.024148554202507843,0.3788603490049189,0.2126987989633938,0.18800188394251724,0.8010989830075855,0.08216533776034009,0.06465878686927473,True
6,higher_diversity,1,2,cls,key,2,0.679,0.8361105275195396,0.7962983617318311,0.5184652603237562,1.290640349335115,0.5039374285629291,0.027078352445228535,0.4913869229230014,0.2290929945752998,0.25824006742940575,0.9373088634509482,0.07516705346378413,0.04761591258253606,True
6,higher_diversity,1,2,cls,key,3,0.679,0.8250995458955696,0.7712127153353076,0.45142609963545827,1.2943784063408594,0.43950094209255025,0.025620945178988306,0.42580513791604474,0.2120205620410904,0.21721917036672977,0.9170975664985872,0.07850512557409027,0.0653094900225315,True
6,higher_diversity,1,2,token_mean,key,all,0.679,0.20378742823885734,0.09929386907569838,0.07146906891266544,1.3445832794314212,0.07163779914653151,0.003138159650420262,0.06833090954883532,0.25837888433365286,0.04245667258382371,0.1199608290282866,0.02677955690094016,0.5127576321375578,True
6,higher_diversity,1,2,token_mean,key,0,0.679,0.1805046579438167,0.10258842635810782,0.040725093149211876,0.27871967436911615,0.04032348156803588,0.002439162593377246,0.03828593047166413,0.14963217873773402,0.02083004213832283,0.11432243108647559,0.02621612139046192,0.43165773378524586,True
6,higher_diversity,1,2,token_mean,key,1,0.679,0.175278601840951,0.10120067460368899,0.038193420426202336,0.28092836139607447,0.03651936057731459,0.0029059591523202307,0.035287461751563984,0.14697875944342031,0.01932125342345382,0.11080607281211245,0.0285844433714043,0.42262961056981063,True
6,higher_diversity,1,2,token_mean,key,2,0.679,0.25812019503669253,0.1152047284420595,0.050132487811666654,0.346846028808978,0.04895118269124104,0.0036651998631317506,0.046467287465929985,0.1654603554143665,0.02513821955334992,0.132080181178895,0.024402385492893783,0.553677973838185,True
6,higher_diversity,1,2,token_mean,key,3,0.679,0.20595833911224445,0.09804165528421517,0.03764366777551401,0.3384112787346586,0.0372314937027982,0.002644422527571971,0.034999245100400665,0.14988819409512466,0.022516803510125454,0.11129855136458473,0.027915279804305596,0.5239733641919504,True
6,higher_diversity,1,2,cls,value,all,0.679,0.8533580674459998,0.8114135381271187,0.5920290228972088,1.7201425838996658,0.5776934324732901,0.028049393091350794,0.5639796297658574,0.24958298269422644,0.3314488707749131,0.9901818663329319,0.06927492808211934,0.04915232060138153,True
6,higher_diversity,1,2,cls,value,0,0.679,0.8910728901056953,0.8556999093292923,0.595976772463714,1.2865299018453291,0.5776481264146917,0.029334601903842253,0.5666421895677393,0.23491690212482697,0.2953116182418636,1.030974291268007,0.06312551112337546,0.03969706762395975,True
6,higher_diversity,1,2,cls,value,1,0.679,0.8017578395728834,0.7642918333785341,0.42587970482349014,1.2897808509121875,0.41297933459246927,0.023216616129502654,0.4026630845936862,0.21243745022610777,0.21867583696944334,0.9019230119021499,0.07830247384580699,0.046729828316126376,True
6,higher_diversity,1,2,cls,value,2,0.679,0.9154058177518607,0.8590426933079798,0.6110052998869198,1.252606084041325,0.5950884748553765,0.03279113837263801,0.5782141604206779,0.23956363150428783,0.3142913629736156,1.0523871100511197,0.06333490291779692,0.06157173501726565,True
6,higher_diversity,1,2,cls,value,3,0.679,0.8226368466485995,0.7765517908610345,0.5024764658039319,1.2448817150956415,0.48777689306545857,0.027677797924049875,0.4747986617413434,0.22267052278929905,0.24456056186914968,0.9425277842885338,0.07233682816678827,0.0560211422273561,True
6,higher_diversity,1,2,token_mean,value,all,0.679,0.2222847964667401,0.10112263276843013,0.07281236972209032,1.3525447610437353,0.07287141506995157,0.0030555886491625147,0.06975678032772108,0.25714616468064694,0.04096259133404787,0.12283018565837044,0.02590603178197687,0.5450762518364101,True
6,higher_diversity,1,2,token_mean,value,0,0.679,0.21225389908885128,0.09584216591144074,0.03740779062795515,0.2628511237822624,0.036663183579203514,0.0026117470327087426,0.03479604262181304,0.15086395104385952,0.01934286763402447,0.11237928508930835,0.02838266065174883,0.5484550987149575,True
6,higher_diversity,1,2,token_mean,value,1,0.679,0.20870606113297843,0.10625737145196519,0.04225694561292896,0.2958285965548422,0.041563873957054895,0.0026140407267534597,0.039642905054444615,0.1515008296914315,0.018338995484662165,0.11537600985002076,0.025535744784230537,0.4908754883536295,True
6,higher_diversity,1,2,token_mean,value,2,0.679,0.2026639685777426,0.10433546918915874,0.04264603882198525,0.2989837745240695,0.041844402112451655,0.0028191733131693168,0.0398268647999926,0.15747309330658224,0.022649897818095704,0.11867775819510862,0.026219612326134335,0.4851799758912977,True
6,higher_diversity,1,2,token_mean,value,3,0.679,0.2669010548500072,0.1160447438067037,0.05492178702049541,0.32899954424823763,0.05479013743551431,0.0033689175457270308,0.05155286980284886,0.16769689868366622,0.026376970862855495,0.12943451398827924,0.02348610961979086,0.5652143680289372,True
6,higher_diversity,1,3,cls,query,all,0.679,0.9771165655484828,0.7719464925288986,0.5640957999612449,1.7082109070542273,0.6011174901434232,0.02919028513133526,0.5349055203524503,0.24572488982108823,0.2787518731763718,0.9537188280230883,0.23738841035149313,0.2099750226877144,True
6,higher_diversity,1,3,cls,query,0,0.679,0.9231219726440177,0.7499406616478698,0.4518638806670333,1.2120598129030258,0.4652132578113388,0.027595324399457735,0.42426854507489636,0.20149042963834035,0.18812342943488727,0.8980026024714333,0.22768667475743729,0.18760393114695328,True
6,higher_diversity,1,3,cls,query,1,0.679,0.99563928086911,0.7850533610753468,0.4924440943605692,1.2153875491330244,0.5172174820356756,0.033642212563956324,0.45880189673467114,0.212629415232162,0.18548868317273762,0.9745554283935521,0.2632631849158894,0.21150824785653222,True
6,higher_diversity,1,3,cls,query,2,0.679,1.0143461373103098,0.7866689273472701,0.508099185888847,1.2483633222114707,0.5341280009696421,0.03222802683541721,0.47587116198106244,0.22123344485169819,0.21453505925865626,0.9587392664528099,0.2208280319517309,0.22445711733744045,True
6,higher_diversity,1,3,cls,query,3,0.679,0.9736596873677308,0.7459091810453294,0.4750050965560122,1.246771687388524,0.5007452199672905,0.026895046488127926,0.44811004400253296,0.21888561076149965,0.1930750858642292,0.9029356205997011,0.23777573487975381,0.23391181670273342,True
6,higher_diversity,1,3,token_mean,query,all,0.679,0.2721043716608206,0.1399709970823496,0.08396506455872954,1.4121322901268005,0.0826349019282199,0.004777113568376411,0.07918795198202133,0.2156214267697349,0.04660133786704045,0.15370322336643463,0.04900930398567156,0.4855981319667141,True
6,higher_diversity,1,3,token_mean,query,0,0.679,0.26810474145684043,0.14463075697965258,0.053919372647945905,0.3617037342925141,0.05227549984839331,0.0038246473255143924,0.05009472505612807,0.13672535783272222,0.026232934624582465,0.16082259516244107,0.0477802673862739,0.4605438300204949,True
6,higher_diversity,1,3,token_mean,query,1,0.679,0.26631431876186523,0.14229164854296303,0.048031926840877585,0.39865146205336544,0.045203893850278405,0.004582335061224347,0.04344959192993966,0.12629456328706162,0.02223745527129271,0.1436353935283081,0.05291573923419823,0.4657003453494427,True
6,higher_diversity,1,3,token_mean,query,2,0.679,0.2650979462547704,0.13624750058609295,0.05008351645967226,0.414522809840129,0.04898737994567512,0.0036802487236193633,0.04640326640484008,0.1384769142455289,0.022026598817626548,0.13338693872597618,0.04721285572106188,0.4860484492205258,True
6,higher_diversity,1,3,token_mean,query,3,0.679,0.28899528800578805,0.13685051022127745,0.05140736431667719,0.375397761376766,0.04933102071607372,0.004617951217700134,0.04678941314870661,0.13649876886278298,0.02609040846620429,0.14508506193964935,0.048128356310454284,0.5264611019590859,True
6,higher_diversity,1,3,cls,key,all,0.679,1.035865587764224,0.8261807103991191,0.6640483604305096,1.7161074829842244,0.7186073405666211,0.03294314223934303,0.6311052251945842,0.2642511452518034,0.3163829029855871,0.9975729217081101,0.1748408079147339,0.20242479317966477,True
6,higher_diversity,1,3,cls,key,0,0.679,1.070464152903855,0.8409969790863792,0.5760529445169378,1.199601191365729,0.6038679578686349,0.03782894995740869,0.5382239872759039,0.22380326278143706,0.23722412911723997,1.03042820863457,0.1746307841756127,0.21436231488462154,True
6,higher_diversity,1,3,cls,key,1,0.679,1.048513673242183,0.8251331208247353,0.6173211973588659,1.2065789092219321,0.6718890567795476,0.026718662459064613,0.590602541511709,0.24604478547662956,0.24700148759167914,0.950280131018484,0.15831442448225888,0.21304495889568786,True
6,higher_diversity,1,3,cls,key,2,0.679,1.0116529962168435,0.8315116437096354,0.5307976192602903,1.190527247551231,0.5458731624936538,0.032307010059329594,0.4984906099059365,0.21659420564369422,0.2293864572583155,1.004946619743015,0.18354348161003806,0.17806634605033633,True
6,higher_diversity,1,3,cls,key,3,0.679,1.0112688154466258,0.7876094721122846,0.5284951988156096,1.210380083494456,0.5762658771008434,0.030510504052720287,0.49798468297178095,0.22492750600745423,0.21754908117647673,0.9028403240912026,0.18287453868172385,0.22116705263531966,True
6,higher_diversity,1,3,token_mean,key,all,0.679,0.24464247587225713,0.1401593022142077,0.09789637092575537,1.4080252957782184,0.09650398772088119,0.0053479852874509315,0.0925483845851638,0.24023000177204923,0.052726360987078634,0.16261413902609645,0.04146498898890885,0.42708517106655886,True
6,higher_diversity,1,3,token_mean,key,0,0.679,0.24906311853612093,0.14539532114935913,0.06510032484066856,0.4030044872523188,0.06375887528872702,0.004663159245286475,0.06043716570870443,0.15188591249815694,0.03049299205278826,0.16149514494262926,0.03951237858696417,0.41623102607914686,True
6,higher_diversity,1,3,token_mean,key,1,0.679,0.2176836933636995,0.13178924995584926,0.05794752618281014,0.3986811039692164,0.054263997461839325,0.005144064843823964,0.05280346135524186,0.15681478335302196,0.0231629868292576,0.139655196735916,0.04463853280652653,0.39458372871476566,True
6,higher_diversity,1,3,token_mean,key,2,0.679,0.2738913828304808,0.1568143660197051,0.06222756519444963,0.41699728362972777,0.059647084546802794,0.005033570669845424,0.05719399367543784,0.1453042728009733,0.030181853287427507,0.17135881893412042,0.03745028698308901,0.42745783237451473,True
6,higher_diversity,1,3,token_mean,key,3,0.679,0.24268640438793615,0.13532703071356475,0.051175743617157245,0.46530074920166625,0.04997066857907655,0.004033268715085631,0.04714247499677268,0.1414553664333477,0.0258650144431882,0.14578195319729406,0.044258759611032226,0.44237901972768356,True
6,higher_diversity,1,3,cls,value,all,0.679,1.0086105056799868,0.8216692220932882,0.6454626747850352,1.7143895567200493,0.6831624946840603,0.03347664165564559,0.6119860383597288,0.2591050574716011,0.33228125089084565,1.0133875211482704,0.17390024255622516,0.18534536625777676,True
6,higher_diversity,1,3,cls,value,0,0.679,1.0482146272433637,0.8808229087138689,0.636558430686565,1.2086292035820896,0.6635752267150867,0.032244150611487304,0.6043142730539496,0.23816312147280305,0.258875040767298,1.046166758308012,0.1543568657203154,0.15969221777576992,True
6,higher_diversity,1,3,cls,value,1,0.679,0.9496555137353005,0.7602243960394044,0.467554609791968,1.2317117777587105,0.4820412645243488,0.027564209716563873,0.4399903877214952,0.21154029195241783,0.2166064600690296,0.9180351698566441,0.19702410156076605,0.19947350903150407,True
6,higher_diversity,1,3,cls,value,2,0.679,1.0496534736056284,0.8493482376249168,0.6020040296120484,1.187280994873828,0.6257641834737229,0.038927672134543005,0.5630763606591658,0.23401993688073522,0.26499869115126273,1.0605661009206748,0.159233920276165,0.19082987006430796,True
6,higher_diversity,1,3,cls,value,3,0.679,1.001940137730416,0.8027140571453362,0.5314251667239933,1.2519563274788403,0.5426498852743883,0.032930696637115696,0.49849447337063874,0.22228177674105173,0.2235092242420045,0.945065897318326,0.18498605760661038,0.19884030301088107,True
6,higher_diversity,1,3,token_mean,value,all,0.679,0.23566285068547776,0.13265595376437347,0.08332341180963695,1.4189381901910116,0.08203748881053406,0.004305808762596412,0.07901760597120631,0.22299854603476402,0.044396845931283964,0.14682422834743244,0.04558003998615525,0.43709433464581215,True
6,higher_diversity,1,3,token_mean,value,0,0.679,0.2250819498192774,0.12555946393879083,0.05146659922234726,0.39902925911259,0.04908527081577196,0.0039712025106630544,0.047495396130464294,0.14892909274772376,0.024333591229306714,0.13745571491912315,0.04507397318428213,0.44216111492012167,True
6,higher_diversity,1,3,token_mean,value,1,0.679,0.24059524430416718,0.1306738678406583,0.044833846847675794,0.41285823186474535,0.043304598266393095,0.003863243777728216,0.04097060241143812,0.13150402314035267,0.02042358272472249,0.1320374554545142,0.052369378845800056,0.4568726068606046,True
6,higher_diversity,1,3,token_mean,value,2,0.679,0.22238149454365538,0.14638593895589616,0.06295383285579946,0.3874480203433427,0.061009448441838136,0.00423945380713452,0.05871437845582312,0.15583640006834162,0.032085637617741476,0.15903373410363195,0.036646229976957496,0.34173506992435765,True
6,higher_diversity,1,3,token_mean,value,3,0.679,0.24778989257885478,0.13425874511305613,0.04829907652810381,0.4225945161963674,0.04594438592555092,0.004009369263340804,0.04428970712152394,0.13410179541233103,0.022865292609941964,0.1361238702424092,0.0482305840335109,0.4581750542131954,True
6,higher_diversity,1,4,cls,query,all,0.679,1.0742000785070307,0.7291731852928719,0.5568799185151965,1.6905606096514907,0.6242100245827772,0.03718647944994948,0.519693445075642,0.2504931196033953,0.22832073967035962,0.8949068811203461,0.4066053588281978,0.32119425432708215,True
6,higher_diversity,1,4,cls,query,0,0.679,1.0262694666995567,0.6855080573557262,0.37769960670022296,1.1028935464675511,0.4233221031259996,0.029785440261052412,0.34791415523399005,0.18461466843612115,0.1274500761710833,0.8290942738623969,0.44151212952353736,0.332038923889752,True
6,higher_diversity,1,4,cls,query,1,0.679,1.131507582927781,0.7664545782983929,0.525549576369298,1.1831099462320924,0.5930503460533575,0.036524152298542584,0.4890254207632758,0.22454661762902034,0.20004173374566506,0.9443940816094764,0.38532359220764856,0.3226253276047977,True
6,higher_diversity,1,4,cls,query,2,0.679,1.070798436577526,0.7408710189208481,0.4880012489146577,1.1688443994075228,0.527766571703307,0.036324299702590164,0.4516769444400614,0.21785453278393227,0.21922412706018643,0.9016965061942933,0.37797527692534705,0.30811346597702205,True
6,higher_diversity,1,4,cls,query,3,0.679,1.0684930320292318,0.6945613220614001,0.4183493376869483,1.1667871798715301,0.4586405173286083,0.036161488768729294,0.38218785415996204,0.20021156659389253,0.13418879829301872,0.8156437831712836,0.4216104041446339,0.34996176742273943,True
6,higher_diversity,1,4,token_mean,query,all,0.679,0.31895171656476706,0.14771293588708087,0.06403178446056307,1.4389776611198974,0.061930124349950925,0.005636861791241576,0.058394921604882584,0.1697533121005539,0.03294541748386735,0.13965715736558162,0.1130137484182011,0.5368799469775358,True
6,higher_diversity,1,4,token_mean,query,0,0.679,0.32158904001344407,0.14422748434432242,0.035012081680904236,0.4718806801580367,0.03220676144354969,0.004592240285340019,0.03041984166272662,0.1024214783023833,0.016492426759107972,0.13223345644846154,0.13418046114119617,0.55151617002155,True
6,higher_diversity,1,4,token_mean,query,1,0.679,0.3207482897423745,0.1531662806438593,0.045430870678475684,0.4678304663087686,0.042335903393346634,0.005645147963977334,0.039785721762613815,0.11850770626812485,0.02100368632190196,0.13539953704994742,0.10107321461493318,0.5224720270001044,True
6,higher_diversity,1,4,token_mean,query,2,0.679,0.32254836335041676,0.1508382788728773,0.04253699369436648,0.4595873427621703,0.04054017927063059,0.004668452528263019,0.03786854090338403,0.11445321247794693,0.018536216253046443,0.13220739134269685,0.10153728012334216,0.5323545365226161,True
6,higher_diversity,1,4,token_mean,query,3,0.679,0.30998988111990244,0.1400032313086408,0.03937824036703307,0.4555904718077763,0.03621896103894518,0.005714437977241521,0.033663802441548214,0.10744234873797344,0.015013160970578235,0.13488029417274375,0.11526402661746199,0.548361931031909,True
6,higher_diversity,1,4,cls,key,all,0.679,1.1031495650023635,0.8209343607220159,0.710741672904384,1.7088133486945483,0.7898738376263782,0.04541178098456426,0.6653298843990673,0.2794684792844078,0.30849494709166625,1.0084396687155603,0.26439098607410083,0.2558267829074863,True
6,higher_diversity,1,4,cls,key,0,0.679,1.1405677842113233,0.8220087942405437,0.6231902473257996,1.1361397588852415,0.6949102639644464,0.04014440549706871,0.5830458538098768,0.2395691623072569,0.25179996162174817,1.0166899191074272,0.25174614787101746,0.2792986040641643,True
6,higher_diversity,1,4,cls,key,1,0.679,1.0866292793163101,0.7999897809337022,0.5879096838608744,1.1814631251472165,0.6605999689523467,0.050250553864647045,0.5376591357317838,0.2345943933990114,0.20023868199469372,0.9054657377360474,0.2374475191939961,0.26378775525260734,True
6,higher_diversity,1,4,cls,key,2,0.679,1.0860493291137117,0.8262305556570735,0.5916563350872349,1.1583725485115928,0.6160430284395727,0.046072485179386356,0.5455838468941775,0.2327287952893288,0.22925617620146355,1.0120933335979394,0.26422554796392267,0.23923293950990931,True
6,higher_diversity,1,4,cls,key,3,0.679,1.0937234726885139,0.798117981064119,0.538690858856908,1.178173186670458,0.6056371976167141,0.03877213131636381,0.4999187344854528,0.22108852066613235,0.18987011434814471,0.9616192278234617,0.304144717075608,0.2702744331688871,True
6,higher_diversity,1,4,token_mean,key,all,0.679,0.2914920473746148,0.16459182746767775,0.10314299596360131,1.4557952887624912,0.1018692513267196,0.006545205621726133,0.09659778496081178,0.22027736352613525,0.05236611273005001,0.17296560691871785,0.06646348891610449,0.4353471082655287,True
6,higher_diversity,1,4,token_mean,key,0,0.679,0.323290419139787,0.1717706843699258,0.0759422615706376,0.46848834737160466,0.07473587254716468,0.006014893424104561,0.06992736712775448,0.1528116470558791,0.033915193829152,0.1783280471453411,0.057578935541889885,0.46867994162346593,True
6,higher_diversity,1,4,token_mean,key,1,0.679,0.27635953650336714,0.15460545218542138,0.061036016093528093,0.45789350066482776,0.058624811558460485,0.005082806096073578,0.055953208695758476,0.1428372431983978,0.022907432258170362,0.1573632736230401,0.06311311471191319,0.4405640777171528,True
6,higher_diversity,1,4,token_mean,key,2,0.679,0.293675663335178,0.1801532450189023,0.07335782321404286,0.49378805196451586,0.07025778183132371,0.007083134429359978,0.06627468917180192,0.14492317068976102,0.0318841773842379,0.18681267619332095,0.05802473104135557,0.3865571189217346,True
6,higher_diversity,1,4,token_mean,key,3,0.679,0.2798705073484464,0.1540346099039452,0.04989075011042825,0.5173007591193217,0.04732528368294225,0.005061194903894581,0.04482955621047453,0.12579126441941635,0.02581029247510729,0.14617312330644452,0.08713717284527692,0.44962185775377916,True
6,higher_diversity,1,4,cls,value,all,0.679,1.0901869395373853,0.8023366725543039,0.6922538642501658,1.7046170309861737,0.7541172143463871,0.05548711620609869,0.6367667371576483,0.2800138601490948,0.3080714952839629,0.9866206902801262,0.25960859114473517,0.2640375302103959,True
6,higher_diversity,1,4,cls,value,0,0.679,1.1401725057823233,0.8501119879509674,0.6515077098946068,1.2061229763205965,0.7363638293166659,0.0434804634953087,0.6080272468653592,0.2509289491310968,0.25175992224878346,1.0024015185831436,0.22101628915830093,0.25440055461812106,True
6,higher_diversity,1,4,cls,value,1,0.679,1.0128788565821927,0.7102748033282335,0.45350621434166477,1.1688641294671585,0.49065344893130264,0.03920167699371549,0.41430454227057373,0.21555885005140277,0.16158049129194443,0.8229697895553834,0.30818958445028827,0.2987564122673575,True
6,higher_diversity,1,4,cls,value,2,0.679,1.1267520945299156,0.8141689942245893,0.6160139234375528,1.1866010098506459,0.6791253826915109,0.04072750300507654,0.5752864100716331,0.24745376413932113,0.25332708719890795,1.0103767196591351,0.2413659326054833,0.27741958663563604,True
6,higher_diversity,1,4,cls,value,3,0.679,1.1011205027398567,0.8169410764497158,0.5661346224001517,1.1905621521272685,0.585406492029822,0.060495174320583996,0.5056394690817053,0.23217129960521213,0.21987548746459584,1.0077235162848899,0.2678625962950967,0.25808204059685846,True
6,higher_diversity,1,4,token_mean,value,all,0.679,0.271816226978628,0.15675246145249197,0.09023676087746474,1.4626955859867201,0.08901403113448932,0.005913471115160395,0.08432328870350664,0.20824326148157327,0.044745500512624936,0.16290465767915852,0.06899820877747102,0.42331455632773207,True
6,higher_diversity,1,4,token_mean,value,0,0.679,0.266135009423064,0.15258118405386403,0.05793758419493306,0.4984484893972303,0.05514136267634022,0.005339118218134073,0.0525984660806981,0.13875491923871042,0.02631684460915662,0.16136168872465165,0.06520990366962823,0.4266775183594431,True
6,higher_diversity,1,4,token_mean,value,1,0.679,0.2592329210303848,0.14429655334430946,0.04124233742679244,0.474155510505526,0.039803415287731486,0.004411740260283378,0.03683059620247646,0.1146610490957778,0.017853133654119595,0.13097513557163265,0.09410043196244673,0.44337103184746973,True
6,higher_diversity,1,4,token_mean,value,2,0.679,0.2719504783842786,0.1696151673336016,0.0712688730545562,0.5022136334518585,0.06929537192886143,0.005483791613104669,0.0657850807024674,0.1501218937320957,0.03554823660301439,0.17450644300927184,0.05582276968793436,0.3763012724179602,True
6,higher_diversity,1,4,token_mean,value,3,0.679,0.2968076347886836,0.1656332971159364,0.06522241026678464,0.526189731262678,0.0632387972654985,0.006165446544235403,0.05905696368691596,0.1423060952873543,0.031085450760226955,0.16435548978613757,0.06085972894321789,0.4419506855547656,True
6,higher_diversity,1,5,cls,query,all,0.679,1.1001850397617365,0.7587292505568051,0.5686487621620606,1.70569320779628,0.6278415177270662,0.05725533278150992,0.5113934305581179,0.24544505159979113,0.2868613947074719,0.9526186325622911,0.5687573958526958,0.3103621453340971,True
6,higher_diversity,1,5,cls,query,0,0.679,1.052347348145487,0.7189450919562765,0.3769017939779118,1.1288677263419342,0.39984202751037096,0.042060299099168995,0.3348414925011722,0.17743535106886388,0.16370034809785736,0.8537419645359656,0.654345994645899,0.31681769025859474,True
6,higher_diversity,1,5,cls,query,1,0.679,1.138903208264672,0.7694389734528637,0.48066817739272066,1.1806907921123633,0.5415486922234437,0.04845245364545421,0.4322157177058133,0.20706658122518232,0.20154667844028132,0.9487503148537554,0.5869007246060804,0.3244035420488057,True
6,higher_diversity,1,5,cls,query,2,0.679,1.1175747018506537,0.7539770158226624,0.507817098201739,1.1827393290433763,0.5610933755163501,0.054697795601731,0.453119314529679,0.2169013934620966,0.23432972053665213,0.9589372874842873,0.5305131646719846,0.32534530839494646,True
6,higher_diversity,1,5,cls,query,3,0.679,1.0921705107334498,0.7561969669386147,0.4868584706186015,1.134026151019641,0.5198006839199788,0.0539402166720141,0.43291825462471356,0.21440170167260597,0.21640602851192747,0.9459249389256615,0.5032696994868192,0.3076200469551327,True
6,higher_diversity,1,5,token_mean,query,all,0.679,0.382670113237176,0.19434678748759618,0.10153941775214577,1.497637355138656,0.10055223285201627,0.00913414285010235,0.09240527484904636,0.1868119115288567,0.052076419459825184,0.18059946512711136,0.14282247153195468,0.492129694050234,True
6,higher_diversity,1,5,token_mean,query,0,0.679,0.3986806507136032,0.18396464151846567,0.054455711406936606,0.5441506237217012,0.051016158031680914,0.006486542342992669,0.04796916822140867,0.11221658490465641,0.02457638762168977,0.15976723124560402,0.1857736280018633,0.5385664160295083,True
6,higher_diversity,1,5,token_mean,query,1,0.679,0.3682793651804286,0.2085773670685576,0.08311231475250563,0.5778643890239415,0.07982122353234938,0.0087201769717715,0.07439213991165161,0.14360341660333048,0.039116261195847275,0.18706473704680526,0.12704859098250215,0.4336436227797593,True
6,higher_diversity,1,5,token_mean,query,2,0.679,0.3929786216354071,0.1933001180813361,0.06541336604358104,0.5829517957277407,0.06512222544491991,0.007246976231478832,0.05816638994623314,0.1236008804242021,0.02790011555022213,0.17268977954893758,0.13671938634731554,0.5081154357025719,True
6,higher_diversity,1,5,token_mean,query,3,0.679,0.35758304536262536,0.18667862535944665,0.074395051530291,0.5486480161918771,0.07159788337008541,0.00817791687917303,0.06621713445267895,0.13881308009643215,0.031733875194382734,0.17417189680001846,0.12174828519875353,0.47794329798233115,True
6,higher_diversity,1,5,cls,key,all,0.679,1.1323095187534677,0.8279357341568723,0.7123972205808572,1.701195790665529,0.7791806686886058,0.058806857602162796,0.6535903757268732,0.2781910377241035,0.36557328070047185,1.0869052208911913,0.37455096434463153,0.26880793595347785,True
6,higher_diversity,1,5,cls,key,0,0.679,1.1614816574236062,0.7950288008652102,0.5586671740038145,1.1379972892669807,0.6252105187091851,0.049107103015888824,0.5095600783824921,0.22640954763175564,0.25454538559594897,1.0429814360898704,0.3721042803742669,0.3155046437592999,True
6,higher_diversity,1,5,cls,key,1,0.679,1.0996776856811377,0.8233379884686652,0.5726712625871679,1.143852164194534,0.6057800478974972,0.04295007732104172,0.529721200466156,0.22843547982599913,0.27697978785735244,1.0200519832304822,0.3357599513097243,0.25129153824859896,True
6,higher_diversity,1,5,cls,key,2,0.679,1.1112602582239874,0.8398234748335671,0.6222534221975147,1.1637233676382766,0.6443058233511089,0.06301944186402993,0.5592339797453447,0.24301306448457438,0.2550718112043015,1.0719243686484106,0.36286667666651984,0.24426031740236054,True
6,higher_diversity,1,5,cls,key,3,0.679,1.1402234188421323,0.8119732426512024,0.5759762947221524,1.1614843024088914,0.5988135121617905,0.056369343687864865,0.5196069478988647,0.22973559271992255,0.2241661069624338,1.0468634452324646,0.42747293412685394,0.28788233145067266,True
6,higher_diversity,1,5,token_mean,key,all,0.679,0.35724709343741623,0.21512679549118022,0.13125039156666862,1.4969270042256217,0.13136253667620365,0.009470417333597487,0.12177997624332254,0.2150800596929839,0.06951987304697609,0.2069210000000845,0.09807341478087685,0.3978207256461084,True
6,higher_diversity,1,5,token_mean,key,0,0.679,0.380208583743843,0.21731863047936306,0.0872902753639616,0.5430677169447695,0.0861146869191959,0.007553832287984816,0.07973644289780747,0.14510250236580222,0.037973304637732956,0.198344271834992,0.09264430098912933,0.42842260861270653,True
6,higher_diversity,1,5,token_mean,key,1,0.679,0.3416834933421418,0.2016261793024612,0.08046626404956264,0.5627582588721727,0.07795305850553819,0.007484536321664398,0.07298172468488867,0.14389145025212127,0.03454667897459841,0.1907864680182025,0.09544932063330304,0.40990365870392054,True
6,higher_diversity,1,5,token_mean,key,2,0.679,0.35649527324457075,0.22588219389204076,0.10378533302186108,0.603089774306575,0.10106821328729775,0.0096149607879025,0.09417036988518455,0.15924969848327725,0.050140969790292776,0.22439361595584437,0.08255412429571152,0.36638095693045536,True
6,higher_diversity,1,5,token_mean,key,3,0.679,0.3535077834632674,0.20786438130465434,0.07062984803927896,0.5915933954824638,0.06790485633534064,0.007013817084953189,0.06361603262749585,0.13248927249175854,0.035983142623656074,0.17644323388655545,0.12164591828530485,0.4119948950819825,True
6,higher_diversity,1,5,cls,value,all,0.679,1.0987025746245367,0.8398141416486737,0.658122424956713,1.6998106103633275,0.7147503022327839,0.06479611095379699,0.5933263058012183,0.2588292491498245,0.3524216125560877,1.0558747710324548,0.35554405505006964,0.23563104242686772,True
6,higher_diversity,1,5,cls,value,0,0.679,1.1020197435736911,0.8528293572265832,0.5746002503422207,1.2025684620583288,0.5981616302996645,0.062102275815877045,0.5124979777769609,0.22183860960970894,0.25802340855755906,1.0230544502915464,0.32809876989234577,0.2261215262251287,True
6,higher_diversity,1,5,cls,value,1,0.679,1.053704413170175,0.8233487465952837,0.49740628684213417,1.188388580000514,0.5177785270873361,0.05356275774961845,0.44384352185509424,0.20744362883553719,0.21600423333255514,0.9933991146877593,0.38319403610446234,0.21861507240141786,True
6,higher_diversity,1,5,cls,value,2,0.679,1.1216947765240166,0.817493332677556,0.5346089466203089,1.1807878833044527,0.6311743358267149,0.04032069673253731,0.4942882616411556,0.21876181996009836,0.2606364687122827,1.007152511481993,0.36671636456793005,0.27119805691628573,True
6,higher_diversity,1,5,cls,value,3,0.679,1.1155498553010168,0.8335181499447952,0.5501764896725834,1.158491096587522,0.5682009328858546,0.07058106117289174,0.4795954308726571,0.22847429509723882,0.2672304564813957,1.075617646867183,0.34416700493205676,0.25281855760728766,True
6,higher_diversity,1,5,token_mean,value,all,0.679,0.37603911351203173,0.22765565315998265,0.14469460031714323,1.4999573913874826,0.1457043886397519,0.009518239795314994,0.13517635823650795,0.21865579257526668,0.07624974186008014,0.2240562181394885,0.07895820824937387,0.3945958146912326,True
6,higher_diversity,1,5,token_mean,value,0,0.679,0.3239070414081708,0.19312344338608042,0.07806152783799457,0.5848752437479512,0.07625438448670573,0.006897839786357839,0.07116368768567388,0.1419681213735307,0.03834382578309778,0.19257916191114233,0.08711565963246605,0.40376892534819486,True
6,higher_diversity,1,5,token_mean,value,1,0.679,0.3872788810017724,0.23801653964774638,0.10008372921725538,0.5801520571423436,0.09974075235118933,0.0076309792083603415,0.0924527458846569,0.15044991438720445,0.04700166389699229,0.2246049577333278,0.07645541361787102,0.38541306711052725,True
6,higher_diversity,1,5,token_mean,value,2,0.679,0.3990468236979199,0.24653036671828304,0.10158008757778493,0.5648740240766903,0.1014433722777185,0.007004115815189752,0.09457597068764946,0.15015199701975385,0.04726910805594292,0.21818792766785322,0.07587422769178044,0.3822019069498782,True
6,higher_diversity,1,5,token_mean,value,3,0.679,0.4006063370012322,0.22903237259973955,0.09549750934351114,0.6151303479791993,0.09336380562469224,0.008688209684227,0.08680930073288354,0.14985008989193174,0.041227570769053645,0.210259260810545,0.0763875273140994,0.4282856973402418,True
6,higher_diversity,1,6,cls,query,all,0.679,1.176359149543064,0.8090950936250887,0.6578570140118595,1.7197933351837797,0.7288316026457342,0.08822892149063674,0.5696280923756686,0.26282421577325266,0.3221516283323174,1.0237173617070987,0.610922553322532,0.3122040203968598,True
6,higher_diversity,1,6,cls,query,0,0.679,1.1513600267962938,0.7924277910718224,0.4500856899196282,1.1145695470245474,0.49941471788590214,0.05818085321648554,0.3919048417698253,0.19291783506015958,0.22562472619388238,0.9866401058771821,0.6789016019214283,0.3117463064296361,True
6,higher_diversity,1,6,cls,query,1,0.679,1.1864774824094513,0.7853596026253595,0.5547290253714223,1.1956956767767566,0.624974626929017,0.06451990413056179,0.49020911753177643,0.22890201098414753,0.23688583815358788,0.9730256924454918,0.6114839667623694,0.3380745827299795,True
6,higher_diversity,1,6,cls,query,2,0.679,1.1810024720356604,0.8122756211235465,0.560715962943351,1.1641193810692028,0.6165313714230041,0.07593838963657618,0.4847775643522089,0.2283094503789563,0.23366996169818796,1.022490354803777,0.5302918011491949,0.3122151389544088,True
6,higher_diversity,1,6,cls,query,3,0.679,1.1839789527153255,0.793000848959938,0.5362365270857418,1.155534496316676,0.5548780510416574,0.0868164397437464,0.4494200782342391,0.2205690372763476,0.2223903754901875,0.9871312754170963,0.6230128001083027,0.3302238632356784,True
6,higher_diversity,1,6,token_mean,query,all,0.679,0.4084531858156927,0.24649024082172188,0.14193355722987838,1.5064721924935098,0.14153818580566904,0.013805411756038666,0.1281281469220465,0.2019262849746886,0.06700592251356383,0.22335698053677536,0.147669487378814,0.3965275596284704,True
6,higher_diversity,1,6,token_mean,query,0,0.679,0.41184017910887233,0.2419673410300169,0.08757797720701375,0.5788968147637599,0.08302421180248055,0.010774987157095562,0.07680299319326878,0.127989608360193,0.038266356374123754,0.2106732571782616,0.1670420535586097,0.41247271804907737,True
6,higher_diversity,1,6,token_mean,query,1,0.679,0.4037552530038907,0.2588281913857402,0.10788969673073362,0.6259142693218175,0.10320424968365467,0.01086076376536353,0.09702893482013182,0.15076957602232444,0.045182062368236776,0.22613622952641088,0.13965455002405427,0.3589478044927231,True
6,higher_diversity,1,6,token_mean,query,2,0.679,0.4215168129515618,0.25206241206793717,0.10641538150456453,0.6401225839063027,0.1020857400625791,0.013076261066916313,0.09333912249315869,0.14746801318580943,0.048881660854410314,0.21138253701084855,0.12330990521745248,0.4020110127922639,True
6,higher_diversity,1,6,token_mean,query,3,0.679,0.3976847260085446,0.2249502672368327,0.09284358800644243,0.6164137435163083,0.0893694037860605,0.011151132766496052,0.08169245550578291,0.14826519578652061,0.03754451477560793,0.20223417901414142,0.1606714352965355,0.43435024650154797,True
6,higher_diversity,1,6,cls,key,all,0.679,1.1838054281640988,0.8585918475644142,0.7393799211786867,1.716613394344584,0.8026170437894776,0.08859958812933076,0.6507803391326558,0.279356246299252,0.3560757367266267,1.1051489389385443,0.47111025723544037,0.2747187779870558,True
6,higher_diversity,1,6,cls,key,0,0.679,1.23933802208243,0.8408983393689348,0.6364487894840324,1.1705647193923654,0.7206348636003352,0.0732591520910236,0.5631896216760982,0.23834813689000559,0.2638081093045047,1.1043186684215376,0.458766679872166,0.32149395533270786,True
6,higher_diversity,1,6,cls,key,1,0.679,1.1711211121493543,0.8558771765612913,0.5725089886049792,1.1561745495481501,0.59904925523273,0.0741428667679429,0.49836612018671905,0.22497298231326432,0.24727699083399723,1.0218216693666353,0.507268491116437,0.2691813274627908,True
6,higher_diversity,1,6,cls,key,2,0.679,1.1301315321792362,0.8339334821958544,0.6338139346196368,1.2263165877982323,0.6727853658788516,0.0792954779568721,0.5545184490355578,0.2491724297320449,0.2605809778822472,1.0508445118461072,0.4256017966703935,0.26209166061601896,True
6,higher_diversity,1,6,cls,key,3,0.679,1.185251990845095,0.8436011707861844,0.6442317322863957,1.179859482773636,0.6950843156807086,0.07391716421327808,0.5703145509416406,0.2451761843085926,0.24261732896817015,1.0756345424147227,0.4928041263060136,0.28825163146556754,True
6,higher_diversity,1,6,token_mean,key,all,0.679,0.41119707355289103,0.25212498140622425,0.14704623075075535,1.5164174771309946,0.14966879906343708,0.01105707993900234,0.13598915155638347,0.20972253426660029,0.07199099935637897,0.22614447679535696,0.12951994856650179,0.38685122627995994,True
6,higher_diversity,1,6,token_mean,key,0,0.679,0.44991094345196064,0.2627028773681955,0.11559930806232548,0.6354628079556569,0.11785238741547058,0.009559631114825606,0.1060396781699224,0.15712697211376037,0.04835730846681602,0.2259163452543159,0.1161180589009415,0.41610027230589997,True
6,higher_diversity,1,6,token_mean,key,1,0.679,0.4010700461178884,0.2411733846578346,0.0895863273937136,0.6668154355523611,0.08804887097284135,0.007636694449254058,0.08194963295351375,0.13995769155100815,0.041198809011778366,0.21287469358931152,0.14335389028895984,0.39867515165431877,True
6,higher_diversity,1,6,token_mean,key,2,0.679,0.383986933849034,0.23702692704039927,0.10295772321996752,0.6497188819531136,0.10093534662064287,0.010043236892670393,0.0929144849492745,0.15653562341781807,0.04511974965582214,0.21313784760740187,0.11818498610095544,0.3827213737080247,True
6,higher_diversity,1,6,token_mean,key,3,0.679,0.4126351070712897,0.2552949885505081,0.0950604247549364,0.6318824721320635,0.09448770534945951,0.008563714652237568,0.08649671247059648,0.1468762312246699,0.044091355856041424,0.203828671981054,0.1404228542338718,0.3813057004226217,True
6,higher_diversity,1,6,cls,value,all,0.679,1.138342605048227,0.926718196822436,0.5980627291727314,1.7151945932991188,0.6226084012362344,0.07878388739614324,0.5192788487130945,0.23588515891176726,0.2774716730185865,1.0692841856825268,0.5147625451738184,0.18590572582217058,True
6,higher_diversity,1,6,cls,value,0,0.679,1.1293028274203323,0.9215254971925245,0.5259298200932542,1.2017249165282775,0.5259000409424777,0.07520650589669292,0.45072331211783667,0.20653779987089046,0.22500949802355444,1.07442102493572,0.4432170187885111,0.18398725760957646,True
6,higher_diversity,1,6,cls,value,1,0.679,1.1104841398882639,0.9122291602192579,0.4533065695752749,1.1682111176981793,0.44713588326746906,0.06925986402414062,0.38404670086773957,0.19046973036076323,0.18370101836271316,1.0502191224186068,0.5193829969926314,0.17853022168236843,True
6,higher_diversity,1,6,cls,value,2,0.679,1.1503391942711667,0.9046251193865754,0.47536371603852373,1.1710435079606099,0.52601771166356,0.04587384474209764,0.42948987267234107,0.1967010716674505,0.19657296823640344,1.011732136873305,0.48636980761181225,0.21360141087800721,True
6,higher_diversity,1,6,cls,value,3,0.679,1.1606337900641095,0.9299716319399678,0.4687388211446775,1.222729496708325,0.47858799136015745,0.08273177737878128,0.38600704073905945,0.1987965394112292,0.18658982891717069,1.0216191408812596,0.6100803749127821,0.1987381033524801,True
6,higher_diversity,1,6,token_mean,value,all,0.679,0.4631705106041842,0.31224495708981104,0.19834922498121219,1.5224322905642567,0.2034606482357303,0.01388146448880434,0.18446775864471088,0.22175054496233512,0.09268528229222307,0.28670716492692255,0.0890948125584559,0.3258531146931134,True
6,higher_diversity,1,6,token_mean,value,0,0.679,0.4129857465580486,0.2749962959661851,0.10967809692872593,0.6104534980961477,0.10951890234900942,0.008101515239104629,0.10157658362930472,0.14277885950810573,0.04684684108795714,0.2505914378209802,0.09017754921858961,0.3341264238340196,True
6,higher_diversity,1,6,token_mean,value,1,0.679,0.511927535862,0.3431681418305809,0.18662492485068619,0.6493626027888275,0.18812667113171158,0.016152117972854863,0.17047280818223953,0.18554288792893905,0.08919378980605515,0.33209083047584403,0.07416825978593393,0.32965484801917644,True
6,higher_diversity,1,6,token_mean,value,2,0.679,0.4608814405367777,0.3216936687648749,0.11774321026868292,0.6189752648258511,0.11912967966891398,0.009510943179272792,0.10823226499963891,0.1390275944390395,0.05393476685023757,0.2611331493582551,0.08542632582512769,0.3020034211180084,True
6,higher_diversity,1,6,token_mean,value,3,0.679,0.4743369793065698,0.3076802474933059,0.11583058865163381,0.6581865368022448,0.11533337409699612,0.013441543137146668,0.1023890475996516,0.14518248167805595,0.04145571549383603,0.262583601442521,0.10660711472684686,0.3513466988319113,True
6,higher_diversity,2,1,cls,query,all,0.6775,0.0,0.0,0.0,1.9400407623539848,1.2176290256252018,0.0,0.0,0.0,0.0,0.0,1.6577679569993656e-11,nan,False
6,higher_diversity,2,1,cls,query,0,0.6775,0.0,0.0,0.0,1.7655460532241174,0.9944788639053826,0.0,0.0,0.0,0.0,0.0,3.4511914159818247e-11,nan,False
6,higher_diversity,2,1,cls,query,1,0.6775,0.0,0.0,0.0,1.6110640923860422,0.9905384247354893,0.0,0.0,0.0,0.0,0.0,1.274986563611711e-11,nan,False
6,higher_diversity,2,1,cls,query,2,0.6775,0.0,0.0,0.0,1.7882816896433704,0.8359118205865268,0.0,0.0,0.0,0.0,0.0,9.929148846240318e-12,nan,False
6,higher_diversity,2,1,cls,query,3,0.6775,0.0,0.0,0.0,1.8402437280089858,1.2497871433517864,0.0,0.0,0.0,0.0,0.0,9.11978959837341e-12,nan,False
6,higher_diversity,2,1,token_mean,query,all,0.6775,0.17502843724191394,0.04093009859846439,0.015343097113781451,1.254494246059153,0.01562557142475235,0.0007351375051340173,0.014607959236441688,0.17309416294765742,0.019904282940755833,0.06707604022797392,0.01779862256212668,0.7661517222947422,True
6,higher_diversity,2,1,token_mean,query,0,0.6775,0.15008790271116276,0.05154458654923999,0.012933989680372932,0.11963308391600226,0.012649395087885545,0.000915639779123012,0.012018349952995777,0.12200793143412182,0.01219494578463032,0.07403383284609825,0.017292982475324112,0.6565706787945784,True
6,higher_diversity,2,1,token_mean,query,1,0.6775,0.2016035882753016,0.0514491854288284,0.011579454975351374,0.12834422150245245,0.011850134113590465,0.0007277610467016613,0.010851694355634127,0.11605120121593408,0.010934643969097373,0.06984544050764854,0.016792652789842,0.7448002494947089,True
6,higher_diversity,2,1,token_mean,query,2,0.6775,0.1678662252245841,0.05037096274296749,0.013014589667127485,0.15472080611809289,0.013306687639135456,0.0007721440091369335,0.012242446092634716,0.12443749949187825,0.01349552485077971,0.07496716129340968,0.01722597423940897,0.6999339046578463,True
6,higher_diversity,2,1,token_mean,query,3,0.6775,0.17999019695267096,0.04810015414840216,0.01031688173962971,0.11467277269374353,0.010609570083859767,0.0006228452435938049,0.00969403622333299,0.10844085458904877,0.01241107186568699,0.0672017982060532,0.019882880659265953,0.7327623672690893,True
6,higher_diversity,2,1,cls,key,all,0.6775,0.0,0.0,0.0,1.92439731653273,1.177391838350978,0.0,0.0,0.0,0.0,0.0,7.946507167566619e-12,nan,False
6,higher_diversity,2,1,cls,key,0,0.6775,0.0,0.0,0.0,1.924263036825761,1.0241675063913098,0.0,0.0,0.0,0.0,0.0,8.287247703101217e-12,nan,False
6,higher_diversity,2,1,cls,key,1,0.6775,0.0,0.0,0.0,1.7625904359378852,1.1162580198736434,0.0,0.0,0.0,0.0,0.0,8.68339037826682e-12,nan,False
6,higher_diversity,2,1,cls,key,2,0.6775,0.0,0.0,0.0,1.846380277292303,1.0387575544454715,0.0,0.0,0.0,0.0,0.0,5.336148191435757e-12,nan,False
6,higher_diversity,2,1,cls,key,3,0.6775,0.0,0.0,0.0,1.8729444656897003,1.1900312656992371,0.0,0.0,0.0,0.0,0.0,9.552523308349729e-12,nan,False
6,higher_diversity,2,1,token_mean,key,all,0.6775,0.17695866288473203,0.04436226522300009,0.017535304195634944,1.2700435133726122,0.017645558462782176,0.0007835816345918415,0.016751722475005823,0.17787440933310938,0.02284547889924017,0.06951586136804568,0.01790668349713087,0.7493071856454017,True
6,higher_diversity,2,1,token_mean,key,0,0.6775,0.1583833756460513,0.052566306094103725,0.011068845711520435,0.12224613833527616,0.011090226150774539,0.0007337307245258919,0.01033511472103948,0.114170169605809,0.010148557360895817,0.06233078013433815,0.017191863957453857,0.6681071742556064,True
6,higher_diversity,2,1,token_mean,key,1,0.6775,0.19648698921036364,0.05646114896019165,0.013044598472935971,0.11360271897060668,0.012856394195596671,0.0009599686547351831,0.012084629947573623,0.11813856852111314,0.013113644878857524,0.076724135001638,0.0184095176783475,0.7126468821823972,True
6,higher_diversity,2,1,token_mean,key,2,0.6775,0.1823086592005721,0.056990155495022427,0.013383279649187339,0.1525193734478163,0.013436620006456772,0.0007685907456272452,0.01261468881487169,0.11479444204749938,0.014270960443710188,0.08047766697569288,0.017928091385825115,0.6873974294752336,True
6,higher_diversity,2,1,token_mean,key,3,0.6775,0.16836512378284982,0.05201484169899486,0.01210705020401253,0.13693614089886097,0.012364646427079273,0.000652532795026094,0.011454517275772312,0.12168086434077745,0.01090637928027708,0.06711821112789829,0.018097263083539226,0.6910592851398286,True
6,higher_diversity,2,1,cls,value,all,0.6775,0.0,0.0,0.0,1.9664951513111177,1.1636819655033324,0.0,0.0,0.0,0.0,0.0,7.971366505515522e-12,nan,False
6,higher_diversity,2,1,cls,value,0,0.6775,0.0,0.0,0.0,1.8385627476595374,1.093439369673536,0.0,0.0,0.0,0.0,0.0,4.677698413148569e-12,nan,False
6,higher_diversity,2,1,cls,value,1,0.6775,0.0,0.0,0.0,1.9110090025209354,0.9028414008925684,0.0,0.0,0.0,0.0,0.0,8.086300371410147e-12,nan,False
6,higher_diversity,2,1,cls,value,2,0.6775,0.0,0.0,0.0,1.6821878921710771,1.2434408337724194,0.0,0.0,0.0,0.0,0.0,1.2203865918017252e-11,nan,False
6,higher_diversity,2,1,cls,value,3,0.6775,0.0,0.0,0.0,1.7782351684718924,1.2677164390439961,0.0,0.0,0.0,0.0,0.0,7.014470563612595e-12,nan,False
6,higher_diversity,2,1,token_mean,value,all,0.6775,0.18702145334078912,0.04358204134534215,0.01666710431446019,1.2668270743865628,0.016946693304318253,0.0007478659727811729,0.015919238223101605,0.16833957570250346,0.020654141668439856,0.06733966447631808,0.015888181938366455,0.7669676897124349,True
6,higher_diversity,2,1,token_mean,value,0,0.6775,0.18146313642591838,0.054495369659329704,0.014076452945993639,0.12289319359341419,0.014264031930666433,0.000815368722462815,0.013261084296655927,0.12216498750051677,0.015403418709899787,0.07440327884115285,0.015506129584867846,0.6996890347391453,True
6,higher_diversity,2,1,token_mean,value,1,0.6775,0.19753971497381456,0.0555095619742483,0.01256186890055746,0.11475276574540073,0.012745044487498329,0.0008458543406132693,0.011716014811430465,0.10994852186228342,0.012133755057022072,0.06919702852226546,0.015909939411688934,0.7189954334924169,True
6,higher_diversity,2,1,token_mean,value,2,0.6775,0.174557377574057,0.05079631360066579,0.010975971132068982,0.14218726183461078,0.010926577571998308,0.0006662210759135302,0.01030975017188625,0.11286910080080545,0.009897357086817432,0.0671668555074819,0.017064390280707317,0.7089993312994454,True
6,higher_diversity,2,1,token_mean,value,3,0.6775,0.1928083413619954,0.05421854156857771,0.014239388551402733,0.14137061459573624,0.014551497161887415,0.0008307968319885814,0.013408591812053188,0.1205042869378856,0.011441094173904433,0.07084228097799997,0.015072268222204664,0.7187956642042627,True
6,higher_diversity,2,2,cls,query,all,0.6775,1.1279151101852356,0.8492518288876186,0.7200883295332533,1.688746230981321,0.7724263774008553,0.03249102049845864,0.6875973208384081,0.28666351951165425,0.40925124285109327,1.0202699770722938,0.047167466106739914,0.2470605090589243,True
6,higher_diversity,2,2,cls,query,0,0.6775,1.104950316702818,0.8286629260350719,0.627226537665699,1.205585350187,0.6836746032902797,0.027361153794283218,0.5998653959144246,0.25939726380228467,0.3277562464543172,0.9525732968856818,0.04292265512049198,0.2500450803002531,True
6,higher_diversity,2,2,cls,query,1,0.6775,1.1727698467812737,0.8629960706714569,0.6412608554532542,1.2056717547080558,0.6965580282735344,0.0303698171522807,0.6108910333026539,0.2562370482761419,0.29221304650930535,1.0271222026439724,0.05202889036048542,0.26413859203492196,True
6,higher_diversity,2,2,cls,query,2,0.6775,1.0727125895142462,0.8493442389213655,0.6456499186436921,1.1838062414034785,0.6657058105779284,0.037293168673799795,0.6083567548881877,0.2578010749722481,0.30901871867616365,1.0171222009074692,0.04598917947574095,0.2082275837687596,True
6,higher_diversity,2,2,cls,query,3,0.6775,1.147421751560032,0.8539451502240639,0.6324726112181172,1.2079690925561097,0.6721999055640849,0.032547861909155144,0.5999247485941107,0.24823898883343806,0.33366669576701885,0.9732508801139446,0.0477291423488747,0.2557704705675642,True
6,higher_diversity,2,2,token_mean,query,all,0.6775,0.2122961460609245,0.09065136595843941,0.06751392973523358,1.3456537545694032,0.06822026194888244,0.002649868960195983,0.06486405923285267,0.27048369427726254,0.04355350059463522,0.1176166768688664,0.02449388573454185,0.5729957060434607,True
6,higher_diversity,2,2,token_mean,query,0,0.6775,0.1970806582384462,0.10342869727255177,0.04274108469726076,0.2658460739795648,0.04194062174189286,0.002866190059152855,0.03987489412115379,0.1616419489660768,0.023152667314442436,0.12099872260431858,0.02158279742368243,0.47519610398594125,True
6,higher_diversity,2,2,token_mean,query,1,0.6775,0.22257751617781985,0.09524275248447478,0.03449019399639767,0.22267819401938507,0.03391218142700858,0.002466035615229471,0.03202415833419019,0.14486157861815327,0.02177240779133756,0.11265995760956253,0.026115990413183517,0.572091763265144,True
6,higher_diversity,2,2,token_mean,query,2,0.6775,0.20905724532254624,0.08790448207585953,0.035107442212339426,0.22382520234717537,0.03494424732962598,0.0021617731915532863,0.032945668578825214,0.15512687066488415,0.023210653845090606,0.10658516529859262,0.0264266056262634,0.5795195620212295,True
6,higher_diversity,2,2,token_mean,query,3,0.6775,0.2169342067435779,0.09616914421881542,0.03848299139779838,0.25254237610242813,0.038161325026567716,0.002470363439484076,0.036012626930393955,0.1554002156118834,0.0204269473977972,0.11491410595450464,0.023850151676345955,0.5566898108766685,True
6,higher_diversity,2,2,cls,key,all,0.6775,1.1090962021665196,0.8685128833806798,0.7341866102187674,1.6915340936275725,0.7788028339161573,0.031616161492737854,0.702570454640822,0.28465668376143505,0.40821412624459774,1.0540544288099392,0.04470716179771857,0.21691835055956554,True
6,higher_diversity,2,2,cls,key,0,0.6775,1.0664306345666923,0.8405255824247194,0.6360660738886796,1.2493109375736495,0.659402265643302,0.032416603062301874,0.6036494726484473,0.25847691508048604,0.28301911504959115,0.9911404465321524,0.04305808872661807,0.2118328607783868,True
6,higher_diversity,2,2,cls,key,1,0.6775,1.1047427547941824,0.8948029166086637,0.674863942733722,1.2105192657627557,0.700974528390626,0.03301520256156271,0.6418487348339774,0.25435344187444575,0.3561987839063642,1.0579193652651602,0.04419824836606329,0.19003504415345196,True
6,higher_diversity,2,2,cls,key,2,0.6775,1.1609637939813828,0.9012562184854951,0.6939680623610814,1.2264923720145928,0.7348717692464412,0.03318563895300031,0.660782434723594,0.26151597607263277,0.3299105517235599,1.0713518132455633,0.04523878646167842,0.22369997827860977,True
6,higher_diversity,2,2,cls,key,3,0.6775,1.0958979652391183,0.8352993613967482,0.6221348056196906,1.2187738842986084,0.6555171107014218,0.03193601961670951,0.5901987904852087,0.250817098171775,0.3002728250315609,1.015923627972166,0.046333523128520356,0.23779458682132792,True
6,higher_diversity,2,2,token_mean,key,all,0.6775,0.20018873969258524,0.0869729183966657,0.06268071366650516,1.3388985033640894,0.06261670575509334,0.0025506375505673614,0.06013007546690377,0.26247440486155366,0.040429220772127614,0.11001026441596552,0.026381847363981335,0.5655454021528711,True
6,higher_diversity,2,2,token_mean,key,0,0.6775,0.19293730836951595,0.08678296940263192,0.03329715284221327,0.24999850293774467,0.03232504431455808,0.0020324373670684345,0.031264714896678925,0.15035297992145236,0.02103706216505565,0.09386145574592708,0.026818941516632385,0.5502012019550719,True
6,higher_diversity,2,2,token_mean,key,1,0.6775,0.20010043669294159,0.09688269653762002,0.037117186738705336,0.286767994029171,0.03625700755666219,0.002149657637346536,0.03496752806346525,0.15375026592692442,0.022630004197041313,0.11487458258881271,0.02495637493716045,0.5158296596509252,True
6,higher_diversity,2,2,token_mean,key,2,0.6775,0.22082098741890174,0.09876137611576259,0.03578295731217731,0.2618997646191899,0.03464722579330784,0.002315933810843324,0.0334670241414146,0.1498086629950652,0.020288487765129985,0.11961031236485357,0.026619707826863636,0.5527536704271214,True
6,higher_diversity,2,2,token_mean,key,3,0.6775,0.18724665946924973,0.08526871913483568,0.03543423453305274,0.24311530081342977,0.034711967757068106,0.002448992946566167,0.032985242253000084,0.15909809193462923,0.021199812474904784,0.0972238594960318,0.027132366275922817,0.5446182090696321,True
6,higher_diversity,2,2,cls,value,all,0.6775,1.1058022862916046,0.8682888059360313,0.7241948801918582,1.6858975477446392,0.7725312307202937,0.03343277835202488,0.6907620944760062,0.28268496182843705,0.3818110388130731,1.0019544683850992,0.043736504052173004,0.21478837880874124,True
6,higher_diversity,2,2,cls,value,0,0.6775,1.1347040077557797,0.8575785768118998,0.6273620544434207,1.2277755557857253,0.6658718304416954,0.03495566011406481,0.5924063988707282,0.2499585081600366,0.2804301501722128,0.9413446783409701,0.04848732799291611,0.24422706630954738,True
6,higher_diversity,2,2,cls,value,1,0.6775,1.0336299943739349,0.852505895504229,0.614083018801823,1.2417664565298372,0.6318117474327081,0.033409617163918236,0.5806733938780698,0.2505158745237405,0.2673211938109748,0.9894219011891746,0.04351423528384079,0.17523107867957333,True
6,higher_diversity,2,2,cls,value,2,0.6775,1.1239478024653096,0.9036017127367869,0.6974203693995112,1.2094107473023532,0.7206763474319686,0.03297851395539262,0.6644418483430689,0.2599916870030147,0.3200862051528404,1.0697686652628946,0.04267149604856968,0.196046550600666,True
6,higher_diversity,2,2,cls,value,3,0.6775,1.130450135609506,0.8648522081188574,0.6677395053601061,1.2527314434211432,0.722455695650892,0.03310822957957333,0.6346312829039313,0.25896685984457496,0.3376268304763938,0.9258667692851437,0.04027295671403408,0.23494882182259713,True
6,higher_diversity,2,2,token_mean,value,all,0.6775,0.20168930187124443,0.08797901031192709,0.0612711657871767,1.3448037731350577,0.06167707705652498,0.0023323474028571086,0.058938818221742455,0.25762419437282263,0.037303664794163555,0.10709462796525697,0.02532919809560884,0.5637894053096995,True
6,higher_diversity,2,2,token_mean,value,0,0.6775,0.22341786911456485,0.09760277883868915,0.04005254507878831,0.2795642685889509,0.039662463694482654,0.0022734312594614244,0.03777911403978413,0.16289265806006387,0.01950497552396806,0.10413544105953343,0.023418497463518925,0.5631379923839479,True
6,higher_diversity,2,2,token_mean,value,1,0.6775,0.1928168527348416,0.08688692410832699,0.030460919374043726,0.29786326570785576,0.030986037991807325,0.0016393664382948455,0.02882155314595862,0.13966346707276545,0.017819269901798492,0.09862646138342912,0.028153021989220924,0.549381068739814,True
6,higher_diversity,2,2,token_mean,value,2,0.6775,0.186969761605261,0.0913699609129551,0.03668578737641247,0.28043270365622613,0.035914769931408345,0.00203861119966446,0.03464717570353638,0.15686542133806525,0.024661856342093714,0.10667891187236028,0.025700292042033238,0.5113115611397125,True
6,higher_diversity,2,2,token_mean,value,3,0.6775,0.20618756572567978,0.09456575962087016,0.03637397917494026,0.3069918875945158,0.03560871753256967,0.002399219189431857,0.033974760127338494,0.1533434902166086,0.02099514949138513,0.10505795742345007,0.024044980718330902,0.5413605117842837,True
6,higher_diversity,2,3,cls,query,all,0.6775,1.200274255167721,0.7369931858016664,0.6609774704403288,1.684209727537027,0.7841897879252478,0.03199451992457563,0.6289829584685239,0.29476721598639205,0.339986630539663,0.9317729687965786,0.15668467703190717,0.3859793437803244,True
6,higher_diversity,2,3,cls,query,0,0.6775,1.1683305319902084,0.7062380701971303,0.5267672868970934,1.1679824144364082,0.6406886289558312,0.026861518663777548,0.49990577724846924,0.25109069616487706,0.2684554683514858,0.8904777480545444,0.160903546620499,0.39551518097016647,True
6,higher_diversity,2,3,cls,query,1,0.6775,1.2506784774664323,0.7109918020049225,0.5351265170663702,1.1581136803265049,0.6415339144848846,0.027990854810923338,0.5071356730027632,0.24557782299442704,0.23935744020630567,0.8823904744003332,0.16986633227630096,0.4315151217399875,True
6,higher_diversity,2,3,cls,query,2,0.6775,1.1812850365754926,0.7764579398953078,0.6117419141494285,1.1517529980954355,0.7097335777552071,0.03759862973608754,0.5741432959383185,0.2576618191611977,0.24861299028790207,0.927587792739543,0.14186910810795697,0.34270060497317867,True
6,higher_diversity,2,3,cls,query,3,0.6775,1.1843588828279377,0.7328016685701525,0.5793694002183524,1.1752976371179071,0.6816661171552627,0.03793809486722404,0.5414313132112677,0.25703685607674653,0.22746120280777885,0.8789325356259688,0.1540997021577575,0.3812672162170855,True
6,higher_diversity,2,3,token_mean,query,all,0.6775,0.23217535045048088,0.11393936321882236,0.07026141179007911,1.3981298984212365,0.07032067321710765,0.0033560936360365963,0.06690531901337883,0.2303874295261503,0.03926545402663232,0.12476330193078607,0.05025450445034287,0.5092529719552475,True
6,higher_diversity,2,3,token_mean,query,0,0.6775,0.2490844488765468,0.11955981763553875,0.04587972884603286,0.33453965483818143,0.044384456962222124,0.00348957406822592,0.042390155013311996,0.14630126868722101,0.021660279995839384,0.11905968828694968,0.04550606029277498,0.5200028818547563,True
6,higher_diversity,2,3,token_mean,query,1,0.6775,0.2315277520156038,0.11246560864198564,0.035042258183212334,0.3090153315102959,0.03381440543694834,0.0026018447613089597,0.0324404128742489,0.12512930555807072,0.01882400361835803,0.111783962466333,0.05653268979354338,0.5142456674722691,True
6,higher_diversity,2,3,token_mean,query,2,0.6775,0.2147810964969361,0.11181244459057318,0.041599276826206975,0.37672457670838194,0.04025507219692009,0.0026852006664160977,0.03891407656060024,0.14245403878175528,0.022022439912783114,0.11829112339547831,0.051555354994806374,0.4794120785570707,True
6,higher_diversity,2,3,token_mean,query,3,0.6775,0.23540086406571525,0.11452292409101231,0.042167920367666284,0.33592587146679254,0.04065790968213116,0.0029667706112377346,0.039201150817627255,0.14020756832181688,0.021304870764607964,0.12311122137068838,0.0474239145828919,0.5134982849551405,True
6,higher_diversity,2,3,cls,key,all,0.6775,1.17390805134547,0.7834358493198832,0.712174861575089,1.6776363925729292,0.8232551419896542,0.02936679586260156,0.682808057828383,0.29628497893053896,0.35312318989262287,0.9514787004464399,0.1320493221282959,0.3326258829028804,True
6,higher_diversity,2,3,cls,key,0,0.6775,1.1091642939722561,0.7471397028155965,0.5828980026662959,1.1216857353101346,0.6963007361793573,0.028245492309162564,0.5546524971723557,0.25705286997232457,0.26217921587020865,0.8758645630340673,0.12767984718084335,0.32639401856341677,True
6,higher_diversity,2,3,cls,key,1,0.6775,1.1424483124829463,0.8024634828812268,0.6127755397775677,1.1615209745818462,0.687011389303296,0.02722473158924417,0.5855508080937646,0.24675170843247327,0.24974357178488482,0.9286520936454067,0.1276587423953143,0.29759318289228476,True
6,higher_diversity,2,3,cls,key,2,0.6775,1.1812479898387218,0.7863954428012673,0.6000370237041529,1.1462728907940802,0.6804081334031329,0.027829862728884273,0.5722071555527773,0.2538178663473704,0.25227972462525544,0.9249131754462057,0.1441480260003697,0.33426727531732314,True
6,higher_diversity,2,3,cls,key,3,0.6775,1.2368751693737468,0.7709008577388086,0.6097130026567836,1.121244727341515,0.7105857962929997,0.030236502601341766,0.5794765068726107,0.2615761347016414,0.3318147937306813,0.9357129870142518,0.12871067429130728,0.37673511698910556,True
6,higher_diversity,2,3,token_mean,key,all,0.6775,0.23097860825431124,0.11656856058286885,0.07738203359468204,1.40174362958397,0.07707711482759254,0.0034919016338376837,0.07389013299887831,0.24062336215174723,0.045091969163500424,0.132313997613998,0.04477573897350918,0.4953274614308657,True
6,higher_diversity,2,3,token_mean,key,0,0.6775,0.25042898408147535,0.11786843067511095,0.04703830947288632,0.3582999138954761,0.04542473739242939,0.003276747820729559,0.04376156162470579,0.14918775494431558,0.0246228404092013,0.1214979029522802,0.04026616957377304,0.5293339103401735,True
6,higher_diversity,2,3,token_mean,key,1,0.6775,0.2421818425269543,0.12545081853720472,0.04317253167470734,0.3269683025593897,0.0431362697949028,0.002682458450594409,0.040490073575214905,0.13480864840816018,0.02655881816604702,0.13555152415468438,0.04359685663472523,0.48199742297673565,True
6,higher_diversity,2,3,token_mean,key,2,0.6775,0.23025291644525547,0.11647025343428853,0.04082420969058254,0.2877862303221082,0.0389831660646598,0.003069311523259702,0.03775489660487934,0.1358952251720402,0.020387965904443337,0.1316170363163513,0.05018856545740908,0.49416382979027196,True
6,higher_diversity,2,3,token_mean,key,3,0.6775,0.2036126128355148,0.11002847534090524,0.04574849298784786,0.3637189770375108,0.04486982169017659,0.0030435245822776446,0.042704969136552376,0.1548697926325131,0.023634039605376005,0.10872342328638611,0.045051363042809746,0.459618567785926,True
6,higher_diversity,2,3,cls,value,all,0.6775,1.1497833672607216,0.7830283987650184,0.713728153412723,1.6680726053111483,0.8148050403365186,0.029745362783697517,0.683982789516449,0.29828559913126607,0.36323055364704254,0.947273937720062,0.12563864141702652,0.3189774516998548,True
6,higher_diversity,2,3,cls,value,0,0.6775,1.156379357497636,0.7449055150641004,0.5697803966613942,1.1602290017622934,0.6290025960129161,0.02717039966955781,0.54260999370705,0.2509251323275508,0.2703667975797368,0.8839606866338294,0.148474051871083,0.355829460086481,True
6,higher_diversity,2,3,cls,value,1,0.6775,1.1151077268966636,0.7902410847540673,0.6433948457275563,1.1687188106532558,0.7455142829929016,0.03388508053665811,0.609509755264629,0.26922538227249737,0.288840323267502,0.9310284899819042,0.11759179288690741,0.29133206981418536,True
6,higher_diversity,2,3,cls,value,2,0.6775,1.1343859062040282,0.781812842759405,0.620190947979617,1.1534463302925857,0.7256767290996052,0.028732394630258732,0.5914585617455569,0.2616068635953898,0.2755348252589324,0.9420572737926518,0.12253763323480432,0.31080522202927496,True
6,higher_diversity,2,3,cls,value,3,0.6775,1.182854806526351,0.7954583486357099,0.6651835411906483,1.2080453209244593,0.7553556176057458,0.031231514474546366,0.63395202701742,0.27372686440515903,0.31617645342411244,0.9193880886130789,0.11395108699798584,0.3275097296415399,True
6,higher_diversity,2,3,token_mean,value,all,0.6775,0.22399467747142793,0.11057913836951995,0.06569532073649095,1.391833098586654,0.06591008317027662,0.0031276312074624,0.06256768987937407,0.22935334743486005,0.03265751712525224,0.1145854425131444,0.04974790019067851,0.5063314020770646,True
6,higher_diversity,2,3,token_mean,value,0,0.6775,0.22504058752201664,0.10935239682442309,0.037010995471426916,0.3210605646855535,0.036851790613386164,0.0023347014423713767,0.03467629392716018,0.13484872227999734,0.016485906502447613,0.10397806426359231,0.053366854109547356,0.5140770026041427,True
6,higher_diversity,2,3,token_mean,value,1,0.6775,0.20947693000229978,0.10549010210175269,0.034854168867531725,0.3431620897816497,0.03389264172769835,0.002485592754303732,0.032368576154112816,0.1297785514597993,0.01386672001762937,0.10517013546388088,0.050532770258459175,0.49641183828407953,True
6,higher_diversity,2,3,token_mean,value,2,0.6775,0.2258829201301488,0.11155605857785572,0.03884561924491813,0.35704272516665253,0.03822307180892007,0.0028742712033404546,0.03597134758125652,0.13972562092446242,0.01861988410664765,0.11241202411743222,0.049054987728595734,0.5061332724334378,True
6,higher_diversity,2,3,token_mean,value,3,0.6775,0.23654464593578736,0.1176370696982913,0.03961244242452604,0.38290742242416015,0.03838918408812297,0.002931405869524249,0.03668103621087291,0.1377130285125764,0.02001482246438518,0.11222372983444047,0.046036987311460754,0.5026855533638873,True
6,higher_diversity,2,4,cls,query,all,0.6775,1.1050566268671191,0.6678720006695407,0.5689250794370821,1.6677593237155188,0.692332341301441,0.03004394420845942,0.5388811257752505,0.277353603957051,0.3415961842542575,0.8663489835982651,0.3477525440129367,0.39562192159963316,True
6,higher_diversity,2,4,cls,query,0,0.6775,1.1052914227173647,0.6563278920622632,0.45147290252905986,1.1463466448733968,0.539502046275136,0.028888507703827185,0.4225844009356065,0.23085558111983365,0.2457772440056998,0.7996305171916611,0.38091175800020044,0.40619471157328113,True
6,higher_diversity,2,4,cls,query,1,0.6775,1.1202382801675084,0.6145712156939874,0.40879568733939203,1.094681631079052,0.4925370094911667,0.028758781835098158,0.38003690811720764,0.221229412259861,0.2178141123174314,0.7663357966801172,0.3899399380792271,0.45139241661864027,True
6,higher_diversity,2,4,cls,query,2,0.6775,1.0990926894896462,0.6885177272329079,0.4879745440699294,1.0894222492798542,0.5953704617197111,0.029788047879595648,0.45818650451573456,0.2335123217709577,0.26494216798473413,0.8727978937408595,0.32020181959325617,0.3735580867591659,True
6,higher_diversity,2,4,cls,query,3,0.6775,1.0798607772669297,0.6893606636619551,0.523008133795945,1.131260325805782,0.6039141914269609,0.032870858907699585,0.49013726955110376,0.24564393008285207,0.24358663822129192,0.8698302118237256,0.2999566387046467,0.3616207957782388,True
6,higher_diversity,2,4,token_mean,query,all,0.6775,0.27404921516935093,0.12823319393948818,0.0606332501012737,1.439094511271274,0.06019894483596661,0.003302667692134326,0.05733058246021921,0.19036790704637685,0.029995220555758918,0.12312318013843593,0.10397999665953896,0.5320796891892376,True
6,higher_diversity,2,4,token_mean,query,0,0.6775,0.2644702425366153,0.12104820709989528,0.03188841469151052,0.34698228043821955,0.029935015889868567,0.0029193229645236647,0.02896909237923947,0.11252405844101704,0.012524603063338012,0.10854223045102203,0.1188455843790011,0.5422993303939045,True
6,higher_diversity,2,4,token_mean,query,1,0.6775,0.2862519280263427,0.12684734937012895,0.03183593631242508,0.3820300206160294,0.03068111454222049,0.0028511644499799745,0.028984772549434143,0.10729477455278812,0.01620412380659717,0.11226565002696436,0.1107865192673423,0.5568681397371911,True
6,higher_diversity,2,4,token_mean,query,2,0.6775,0.2664337116305415,0.13045649095836698,0.03853720066114037,0.41583179752392446,0.037556416537968235,0.00270628480410034,0.03583091522820971,0.12172634829305197,0.0177313996896127,0.12378792067797628,0.10050020062110641,0.5103604188824706,True
6,higher_diversity,2,4,token_mean,query,3,0.6775,0.2801135241160085,0.13182820012485263,0.04179305072404163,0.4213659936478567,0.040335883365818954,0.003300727419131859,0.038492322052744304,0.12667265249639892,0.014782312429935869,0.12486934765553988,0.0857876945625652,0.5293758109649278,True
6,higher_diversity,2,4,cls,key,all,0.6775,1.1402358806443535,0.755228616738609,0.6592510070709211,1.6719147105395367,0.7740411378044653,0.03309282626618038,0.6261581941084429,0.28408322458736274,0.40695857480478875,0.9703792571379163,0.25973716513677075,0.33765580476925083,True
6,higher_diversity,2,4,cls,key,0,0.6775,1.070358139164578,0.7180305246417688,0.5540607603801039,1.1185484363033689,0.62942847940085,0.03717689656398513,0.5168838717720725,0.2503916773606449,0.28119118542868243,0.8993760051857501,0.253086271611127,0.329167968767728,True
6,higher_diversity,2,4,cls,key,1,0.6775,1.121454931611511,0.764482359250125,0.5745585171097374,1.1249834425910332,0.6543227985197664,0.03665286327966235,0.5379056578332727,0.24708006697780105,0.29905614653387896,0.9619085056081255,0.24103716015815735,0.31831200906881096,True
6,higher_diversity,2,4,cls,key,2,0.6775,1.1653337500432828,0.7930499747661092,0.5839967731745763,1.1605333612768933,0.6550436357368077,0.03122723458165472,0.5527695322578604,0.2389826452112416,0.32096097843607013,0.9845459945806779,0.27723501893607055,0.3194653679800712,True
6,higher_diversity,2,4,cls,key,3,0.6775,1.1813221838071266,0.7086109381007402,0.5184758085515102,1.14554125575897,0.6071412377656585,0.029043260030448437,0.4894325543533672,0.24163835773461428,0.3222815498197095,0.8705856763912805,0.267590196295218,0.4001543797162499,True
6,higher_diversity,2,4,token_mean,key,all,0.6775,0.2781561972590216,0.14277691698077458,0.0873359305367042,1.437102711499701,0.08718198055916004,0.004207923902537335,0.08312800594351509,0.22218305179176204,0.04682656989046597,0.1502470203920539,0.07134863429448822,0.4867023694323107,True
6,higher_diversity,2,4,token_mean,key,0,0.6775,0.25979551771753295,0.14339816526740212,0.05261506214917983,0.3937746007375443,0.05104613747622659,0.0036130495348267937,0.04900201249190352,0.13737894218982216,0.024750659545468522,0.14111160847959356,0.0679449588060379,0.4480344906361541,True
6,higher_diversity,2,4,token_mean,key,1,0.6775,0.29320390678249725,0.14849524238272835,0.05172874618222248,0.4025473951252657,0.05073656119640655,0.0036589083028957248,0.048069837926463646,0.13265783511540233,0.027790040439892038,0.15467413489326234,0.06532711908221245,0.49354275660152036,True
6,higher_diversity,2,4,token_mean,key,2,0.6775,0.2873770063842372,0.1386453850167439,0.04796578007899288,0.36419706415461045,0.045896555211964556,0.0038674215955490417,0.04409835893999447,0.13145022714719,0.01960249545656652,0.14238152622000577,0.08198522911830382,0.5175487880496319,True
6,higher_diversity,2,4,token_mean,key,3,0.6775,0.2683533807754222,0.1368977663869095,0.04961156307910428,0.3988570978702098,0.04765564764815678,0.003794589757241986,0.045816972089762036,0.13870960982152336,0.024222834135210744,0.12550680857493104,0.07013722373680635,0.4898601016639489,True
6,higher_diversity,2,4,cls,value,all,0.6775,1.1159920054037884,0.7330467654972452,0.646479362548461,1.6730226112777429,0.7620659302782343,0.030121012082831425,0.6163583641702478,0.28485330875937054,0.39666193907853353,0.9198983169017327,0.23382134464654056,0.34314335412105923,True
6,higher_diversity,2,4,cls,value,0,0.6775,1.1147805726847764,0.7069403697022577,0.5186759930956626,1.1230945384686193,0.5895041867288898,0.03246400238607417,0.4862119894136082,0.2381723912118046,0.30694948990062226,0.853694969682446,0.28115945241668006,0.3658479641426642,True
6,higher_diversity,2,4,cls,value,1,0.6775,1.06459695231533,0.7452317618812253,0.5781904014764065,1.1437139575731867,0.6825093714336835,0.031195913610810585,0.5469944748011503,0.25379592797678685,0.28609448558476425,0.9191889828107275,0.2063431739807129,0.29998694786748725,True
6,higher_diversity,2,4,cls,value,2,0.6775,1.1152060255648997,0.7010956913488364,0.5049417975339741,1.1170715585706277,0.580187474630658,0.031557011672041634,0.47338477725332434,0.2341190781844892,0.28101146662727267,0.8889546313357003,0.2475788484920155,0.37133078975815126,True
6,higher_diversity,2,4,cls,value,3,0.6775,1.1605191147647638,0.7465904842653086,0.5931472389886673,1.1602055633357327,0.7012008330875749,0.03230144532228058,0.5608457895842466,0.2573473847798679,0.30228585291335264,0.8860404263965539,0.20020390911535782,0.3566754095070275,True
6,higher_diversity,2,4,token_mean,value,all,0.6775,0.25461565641955136,0.12286494204072161,0.0628131474464502,1.4507672160636784,0.0631800645494334,0.0033255635485561056,0.059487583454359665,0.2062918619838764,0.029177416993675386,0.11478455089324151,0.08426046743988991,0.5174493832450474,True
6,higher_diversity,2,4,token_mean,value,0,0.6775,0.24797007858775916,0.11346081096264332,0.03078653881590221,0.400988436776983,0.02938606190375935,0.002741320566697554,0.028045217760584572,0.1171410998446937,0.011954876574233914,0.10124439426561245,0.10546092181043192,0.5424415251677699,True
6,higher_diversity,2,4,token_mean,value,1,0.6775,0.20909410331938022,0.1161411564612164,0.03605393039858166,0.4405302734052295,0.03492906295991192,0.002714691831814972,0.03333923779428005,0.12565441091592341,0.013429770116527644,0.10591388378490414,0.08002159947698767,0.44455078064149467,True
6,higher_diversity,2,4,token_mean,value,2,0.6775,0.27953290392636354,0.12462919569312621,0.03686566056311977,0.42557489177535524,0.03663464474675884,0.0031613684894347734,0.03370429160581394,0.12607934778073956,0.01462306130889828,0.108092727751768,0.08962817693298514,0.554151965859601,True
6,higher_diversity,2,4,token_mean,value,3,0.6775,0.2854612861599561,0.13936549486260078,0.04757133039885966,0.4282990125543973,0.04586092531893407,0.003891785253389654,0.043679545718160545,0.13620409996083443,0.020986407529689183,0.1260062419314438,0.061931161379272286,0.511788457421479,True
6,higher_diversity,2,5,cls,query,all,0.6775,1.0255431916244557,0.6307902609466581,0.48003535951070275,1.6782790002306789,0.5936112874313823,0.031021294184029102,0.44901406494053925,0.2571651340558542,0.2601631804587361,0.7625917162955941,0.6079914651133798,0.38492082430239793,True
6,higher_diversity,2,5,cls,query,0,0.6775,1.040483751221843,0.6364192664199898,0.3630857647666183,1.1394602811806436,0.453635623285265,0.027358072640543633,0.3357276930050416,0.20234935481219196,0.1637984885277677,0.7199246844496798,0.6916862807490609,0.38834290715963526,True
6,higher_diversity,2,5,cls,query,1,0.6775,1.0271290136639126,0.5944544015692416,0.3721119943733338,1.0901196017336674,0.46496536777756037,0.03167823253368789,0.3404337601228194,0.21875424565778384,0.15807377427256766,0.6921517476502482,0.6303727437149395,0.42124660713385975,True
6,higher_diversity,2,5,cls,query,2,0.6775,1.032852922238992,0.6304416569563379,0.39677443778927424,1.1293279927066842,0.4912001079995626,0.030134540516883135,0.3666398918086832,0.21272530166085063,0.16540335236404485,0.7824390972275257,0.5678159242326563,0.38961139250138077,True
6,higher_diversity,2,5,cls,query,3,0.6775,0.9924491402946592,0.6356956239378374,0.4425069177640886,1.1695614021832608,0.49728376523740553,0.0333892387253317,0.4091176918961785,0.23505677814505696,0.2024271934574394,0.7354279331249266,0.54209089550105,0.35946780733862227,True
6,higher_diversity,2,5,token_mean,query,all,0.6775,0.3258073414306741,0.14211071624974084,0.05478615782480133,1.4722527283644624,0.055616639743925854,0.003667881537694484,0.05111827633597634,0.16603952012639353,0.023180768558044375,0.12308265875003215,0.194281168282032,0.563819784951103,True
6,higher_diversity,2,5,token_mean,query,0,0.6775,0.30734663773283005,0.14323102102078747,0.03316210155866643,0.4489633179473453,0.03218859709112972,0.0031404313578439706,0.030021670867096294,0.10515188962900712,0.01064391711844071,0.11856241922465156,0.20898062329400668,0.5339756371589295,True
6,higher_diversity,2,5,token_mean,query,1,0.6775,0.3203878740162717,0.1394164532547298,0.031059550823817814,0.4047649648720013,0.02985254129601851,0.003509294172875922,0.02755025689574805,0.10090512901646789,0.013137689819905892,0.11359501484171623,0.19684891741384158,0.5648510303868455,True
6,higher_diversity,2,5,token_mean,query,2,0.6775,0.34492954158770867,0.14070426924855806,0.03175658577496151,0.43044943144933895,0.030672988548504698,0.003025014376775785,0.02873157159509984,0.10216843611636998,0.01256179548131839,0.122860075788035,0.19820841672745618,0.592078229655549,True
6,higher_diversity,2,5,token_mean,query,3,0.6775,0.3299142793865528,0.13875254843269613,0.035574414418884544,0.4539739566563263,0.03459526711422712,0.002948739311911843,0.03262567528608171,0.10905764606386216,0.013226170421043982,0.11634682794889693,0.17308671569282358,0.5794284846030473,True
6,higher_diversity,2,5,cls,key,all,0.6775,1.1148105940196036,0.7552021467118032,0.6332119575647926,1.6830808163308995,0.7414217207673217,0.036948318423872646,0.5962636443701658,0.27489400181557794,0.3525982397135932,0.9262865614118275,0.3840714462778785,0.32257358266679403,True
6,higher_diversity,2,5,cls,key,0,0.6775,1.020736614354452,0.741361959315837,0.49915406690081066,1.137940404013465,0.5834705533584336,0.032809403809634125,0.4663446613333442,0.22983593663508103,0.21471951692341465,0.8569034566686531,0.3942330506714908,0.2736990631175711,True
6,higher_diversity,2,5,cls,key,1,0.6775,1.1206983484996245,0.7523436772321975,0.5745034863310267,1.2016345441699396,0.6717837359178681,0.04054072338410399,0.5339627672325481,0.252939801177826,0.28943060957278205,0.9047282911961512,0.3613489148291675,0.328683157033804,True
6,higher_diversity,2,5,cls,key,2,0.6775,1.1498127525993167,0.8004005036814242,0.585582617089814,1.1275387599665576,0.6810063949329369,0.038647528399120674,0.5469350923191417,0.23955896105534957,0.2895086041329999,0.9514240758751228,0.3794077228416096,0.3038862181063794,True
6,higher_diversity,2,5,cls,key,3,0.6775,1.1499657842814122,0.687926824772103,0.47292894350517345,1.1604255169157929,0.5395091968097344,0.03568678594787012,0.4372421475973996,0.23035863193905384,0.23296184595905187,0.832592619977148,0.4012961062518033,0.4017849624961033,True
6,higher_diversity,2,5,token_mean,key,all,0.6775,0.33509748142193174,0.17042664382968617,0.09222885930743586,1.470888012581984,0.09421936365432328,0.005143371209586886,0.08708548884500157,0.20679842730194287,0.041798589404708014,0.16061162295875417,0.1087558540430936,0.49141174351263883,True
6,higher_diversity,2,5,token_mean,key,0,0.6775,0.326406989641717,0.1665604666573694,0.052342380231509146,0.4833562641290847,0.052242154633594134,0.00407711235510016,0.04826526902616024,0.12722879179099528,0.01958162278759957,0.1429440445224048,0.11449463834816759,0.4897153800529954,True
6,higher_diversity,2,5,token_mean,key,1,0.6775,0.36206407640629723,0.16822503085828344,0.05610053438377698,0.4856560975999098,0.056272830768991255,0.004168509600938044,0.05193202519281344,0.12930633764075802,0.01994741992689677,0.15458559820108897,0.10697094452652064,0.5353722122116682,True
6,higher_diversity,2,5,token_mean,key,2,0.6775,0.33561947103347683,0.16829557602145198,0.06095286201925711,0.4384120257987558,0.05913156919518998,0.005552018262361261,0.055400844155387444,0.13804849002886452,0.02293345328282422,0.1621994582564472,0.10547054457393559,0.49855240667885714,True
6,higher_diversity,2,5,token_mean,key,3,0.6775,0.31550418775998196,0.16718018000074386,0.051392832293646266,0.44774313321574205,0.049831823186335944,0.00420579318465157,0.04718703895129941,0.12297523581393675,0.024564745432876272,0.14780521537518418,0.10808727483857762,0.4701173978459987,True
6,higher_diversity,2,5,cls,value,all,0.6775,1.1717204050111591,0.8399079335233669,0.7210713544578293,1.6795395431788853,0.829304408854427,0.037062949162315235,0.6840084276416085,0.2833043106547622,0.3980473867958298,1.0268030943824469,0.3215821818871932,0.2831840002689312,True
6,higher_diversity,2,5,cls,value,0,0.6775,1.2241524906887664,0.8593314802525647,0.6760264675038895,1.1380508402187142,0.798776723748686,0.03863127893683585,0.6373951841484417,0.25835522701895475,0.35424047670446596,1.0698769242938655,0.3410848907449029,0.2980192526757317,True
6,higher_diversity,2,5,cls,value,1,0.6775,1.1718823622886476,0.9109802403782428,0.6209000898713922,1.1710965466050118,0.6903006901659349,0.03936605841260065,0.5815340307625857,0.2370695928945895,0.24326074765340913,1.0422882073063704,0.30194802446798846,0.22263507866171106,True
6,higher_diversity,2,5,cls,value,2,0.6775,1.1101872199439604,0.7524440720768045,0.5463013420517804,1.1380187412050806,0.6346125706209249,0.038484974425624714,0.5078163634647023,0.2404611325886692,0.2796622079112278,0.8957391250772568,0.31576752256263385,0.32223677361842973,True
6,higher_diversity,2,5,cls,value,3,0.6775,1.167773235538378,0.7849903108780194,0.5013208931741645,1.1342585534593463,0.574444636578852,0.03074136215516112,0.47057954560626636,0.22026935703869685,0.21510647132870356,0.9144188636842975,0.32752831144766376,0.32778874614632214,True
6,higher_diversity,2,5,token_mean,value,all,0.6775,0.3483614877884536,0.18481902125305724,0.10927214257248609,1.4703718623939837,0.11205456570533966,0.006095857105471871,0.10317628593607382,0.21625464471445205,0.046582297372784555,0.17293943014080917,0.08060785958712752,0.46946195910929556,True
6,higher_diversity,2,5,token_mean,value,0,0.6775,0.37483745464560736,0.21287932464033152,0.08449223547870052,0.46529088677362884,0.08308465332761894,0.006801615469157696,0.07769061946733431,0.1415196943944731,0.029040645205684525,0.1950981640006154,0.06412744826891205,0.432075631711885,True
6,higher_diversity,2,5,token_mean,value,1,0.6775,0.3274319442833843,0.20536874743394176,0.07561151938326462,0.493909968583117,0.07451039728578426,0.005421355557204647,0.07019016332924366,0.1374682677436869,0.029308615882618492,0.2021570377688333,0.0673323893411593,0.3727895184954826,True
6,higher_diversity,2,5,token_mean,value,2,0.6775,0.3182051618271913,0.1453477443993691,0.04659522689142226,0.487423367855309,0.047245247902986016,0.003752571594139392,0.04284265552732078,0.13293700292801308,0.015120394252605895,0.11656299346730137,0.11108507656238296,0.5432263148568797,True
6,higher_diversity,2,5,token_mean,value,3,0.6775,0.3814435627950095,0.18739303828858703,0.06211017856550128,0.49250402654243275,0.061539528878915645,0.00538320851046592,0.05672696943987499,0.1292429467944791,0.02461189262983145,0.16904764526263594,0.07988651570948688,0.5087266988713259,True
6,higher_diversity,2,6,cls,query,all,0.6775,1.0682056769564159,0.7198710446487465,0.5680275032602405,1.6954582071696613,0.6572171820493065,0.04337118439037691,0.5246563228693876,0.2693726167557618,0.28458815373840113,0.8431510981882614,0.6936620717698877,0.32609322326404544,True
6,higher_diversity,2,6,cls,query,0,0.6775,1.070556704014268,0.7417412401289888,0.44227180012013484,1.1255689522611128,0.512327247219801,0.030709792267192493,0.41156199168075214,0.2132599992544309,0.1754969688952213,0.8341011150490306,0.7592124695127661,0.30714436951571034,True
6,higher_diversity,2,6,cls,query,1,0.6775,1.0742009365796852,0.6498931337628692,0.42986389475117587,1.1087965405503728,0.49227929447434027,0.04742514845830473,0.38243875720284204,0.2305709822001723,0.16691244683400297,0.761721346571646,0.7235932756553997,0.39499854111823374,True
6,higher_diversity,2,6,cls,query,2,0.6775,1.06275886533749,0.7078619264055577,0.46721923231316675,1.1285294446730498,0.517110180743883,0.03874012683941559,0.42847911336205224,0.2302957656793093,0.20360517351030158,0.8017507796869247,0.6568331637165763,0.3339392881180353,True
6,higher_diversity,2,6,cls,query,3,0.6775,1.060536070501175,0.7326780597588756,0.5025019722825693,1.1517579297837082,0.5773438644893069,0.03934984078461474,0.46315212412313983,0.23823795925078325,0.22172188591443587,0.8292524805579345,0.6350093321366743,0.309143667869179,True
6,higher_diversity,2,6,token_mean,query,all,0.6775,0.4086690264924421,0.19200827383779018,0.09204360341878175,1.5010712769924206,0.09632493139145057,0.005860189981335266,0.08618341420184482,0.18859017129586525,0.035534983747674005,0.1640590465926862,0.20815589685331692,0.5301619124752994,True
6,higher_diversity,2,6,token_mean,query,0,0.6775,0.40332338679962804,0.20964220656921642,0.06294358611838237,0.5601947471489289,0.0631943294414382,0.005533515062945133,0.057410069656643,0.1221654268416354,0.016741969622426658,0.15910910735901077,0.20681261813098734,0.4802131157512888,True
6,higher_diversity,2,6,token_mean,query,1,0.6775,0.3920289807053695,0.17392802999379386,0.05111099864398641,0.5387142087051668,0.05122947914239875,0.004250900343653153,0.046860098584809086,0.12334088245941532,0.016234183145255383,0.14370626205255407,0.230515525422313,0.5563388459678444,True
6,higher_diversity,2,6,token_mean,query,2,0.6775,0.43410573767001764,0.18828257724375141,0.05589743802685551,0.5478453809227559,0.05494753955554937,0.005308759049512446,0.05058867814527317,0.1199524024922947,0.019516773844078687,0.16431216133112228,0.2075741230086847,0.5662748475651961,True
6,higher_diversity,2,6,token_mean,query,3,0.6775,0.40427654350990405,0.18791882424672848,0.06104667726924353,0.5638412680154198,0.06369538372144021,0.004868639569560235,0.05617803783917969,0.12895080360641392,0.02134687638089271,0.15993901405944996,0.1877213161100041,0.5351725761400135,True
6,higher_diversity,2,6,cls,key,all,0.6775,1.0981633048147197,0.8359429404472856,0.6858000076835705,1.7068334792216513,0.7537888404929194,0.04248235433955084,0.6433176669207487,0.2766006554977564,0.3368692213763064,0.9821051498133556,0.4827550270340659,0.23878084727268822,True
6,higher_diversity,2,6,cls,key,0,0.6775,1.0264875321137534,0.8173532780332997,0.5483131153703054,1.1869477951319432,0.5860465521586492,0.034182711081071335,0.514130412177606,0.23527824117579713,0.1864504207442721,0.9251927939496158,0.48302532597021625,0.20373774404234835,True
6,higher_diversity,2,6,cls,key,1,0.6775,1.138392060082264,0.844623541251763,0.6049841258880907,1.1732337105823196,0.6551420843474892,0.0442715384574099,0.5607125853950327,0.24625799178767602,0.2690911877115368,0.9873802058063124,0.44536924362182617,0.25805566388900525,True
6,higher_diversity,2,6,cls,key,2,0.6775,1.0858652846213441,0.8157420485185493,0.5250538888425228,1.1956133713414603,0.5763374954240671,0.037058297883380546,0.48799559609456494,0.22713310947286827,0.2105414120001421,0.8867164468282557,0.5522535958073356,0.24876312000064582,True
6,higher_diversity,2,6,cls,key,3,0.6775,1.1435133533499018,0.8043392978959149,0.5732951359104848,1.190958180311386,0.6043964952166538,0.042480053210800346,0.5308150770989332,0.24629445888494364,0.25956369506639776,0.9870914989021768,0.45037195628339594,0.29660699147970826,True
6,higher_diversity,2,6,token_mean,key,all,0.6775,0.39910783561609636,0.22650590010968888,0.13477368462066364,1.5026295636584306,0.1415036141811882,0.007347038322636349,0.12742664394053546,0.21990281138783604,0.05062133792037079,0.19924155268477053,0.1368120244958184,0.43246942330752447,True
6,higher_diversity,2,6,token_mean,key,0,0.6775,0.3994390211646188,0.23090169130586513,0.08674708699258891,0.5740414989469635,0.0883156806559739,0.005844874191097915,0.08090221356939185,0.14204794125180006,0.023867505723683537,0.17667832024402608,0.12978628277778625,0.42193506625206567,True
6,higher_diversity,2,6,token_mean,key,1,0.6775,0.43503161256881967,0.21717446682664282,0.08629720183685974,0.5960203355511952,0.08988799883754574,0.005410866367376663,0.08088633536615154,0.15017898946495248,0.02908943778771241,0.20207773756206673,0.1329130015589974,0.5007846313874789,True
6,higher_diversity,2,6,token_mean,key,2,0.6775,0.3780325997860848,0.2088786602578887,0.07115523942701331,0.5482254451860243,0.07051615928213423,0.006314720937304876,0.06484051844613119,0.13771632223449748,0.02425829767041518,0.17483106507139787,0.17034836723045868,0.44745860442701046,True
6,higher_diversity,2,6,token_mean,key,3,0.6775,0.38611618565505706,0.23916750855000188,0.09551896181942063,0.538389346192233,0.09452057086509086,0.007295731052925641,0.08822322958572344,0.14835359305414145,0.035536569617949855,0.20484909064574852,0.11420046165585518,0.3805814999849141,True
6,higher_diversity,2,6,cls,value,all,0.6775,1.1893043693130234,0.966979075172839,0.7088407972051914,1.7067306851294894,0.7715198548425335,0.040237177671356636,0.6686036126180128,0.2643878757686595,0.33716665158651127,1.0888322154689913,0.423220387913964,0.18693725498427782,True
6,higher_diversity,2,6,cls,value,0,0.6775,1.1612118962462932,0.914380941486378,0.5978538207826113,1.2146916435911035,0.6410189899408315,0.043052006597546016,0.5548018162900751,0.23446402347580603,0.26292805411766595,1.0496864137103825,0.4105873433026401,0.21256323291021662,True
6,higher_diversity,2,6,cls,value,1,0.6775,1.1951560163284427,1.0532191672969005,0.5269819065678034,1.1841681699114195,0.535355042424778,0.03553381164304235,0.4914480881257491,0.20495595190000462,0.19993459968979044,1.099250351923396,0.48940200155431574,0.11876010085074651,True
6,higher_diversity,2,6,cls,value,2,0.6775,1.199337069373948,0.874668185692925,0.6678053837137145,1.2143807632102128,0.7120153397953156,0.04614152014255524,0.6216638602993705,0.25881701511371963,0.3355827947715559,1.0626861729100565,0.3141624548218467,0.27070695300904823,True
6,higher_diversity,2,6,cls,value,3,0.6775,1.1958114073528423,0.9279428639330469,0.4587644286111334,1.195374066086708,0.5155720948792516,0.03105735694142905,0.4277070706540888,0.19813285746552173,0.14803733689916584,0.9849744293286605,0.47872973572124133,0.2240056766248565,True
6,higher_diversity,2,6,token_mean,value,all,0.6775,0.45201472655398134,0.28472516538568127,0.17482301277564377,1.508383932764437,0.1794405710025233,0.008723254019225185,0.16609976102005353,0.2233719344000386,0.0671656226267676,0.25562495430657856,0.08558826825835487,0.3700975905003434,True
6,higher_diversity,2,6,token_mean,value,0,0.6775,0.4633725766045778,0.2855710833178509,0.10553020297498693,0.5613179106227174,0.10514432462483005,0.006766474043781107,0.09876373105428436,0.13844448707656293,0.03242809705990573,0.2358134654935673,0.07945816557515752,0.3837117306112291,True
6,higher_diversity,2,6,token_mean,value,1,0.6775,0.47373450329561473,0.33514486063513116,0.12828207199298894,0.5844022559456709,0.12780175305640484,0.007885424885898829,0.12039664827964523,0.14905331656865048,0.03949080476954805,0.28257424879390663,0.08403681862083348,0.2925470737224355,True
6,higher_diversity,2,6,token_mean,value,2,0.6775,0.40035618296952363,0.21191135804752462,0.08486070880998124,0.5984280581120713,0.08367660103093535,0.0070796598129990425,0.07778105055066672,0.14998049161661767,0.028071706198160767,0.1860301459753496,0.09928797388618643,0.47069293029088555,True
6,higher_diversity,2,6,token_mean,value,3,0.6775,0.47940559004891514,0.30132027058551153,0.11075889752589836,0.6081411904889501,0.11312236121000613,0.008104551964524117,0.10265434618023309,0.1443942637744711,0.03462190824744076,0.2604215183891987,0.07957011325792833,0.37147109495580366,True
6,low_diversity,0,1,cls,query,all,0.639,0.0,0.0,0.0,1.9402339583034107,1.2206366486733502,0.0,0.0,0.0,0.0,0.0,1.124791457101951e-11,nan,False
6,low_diversity,0,1,cls,query,0,0.639,0.0,0.0,0.0,1.7914094701809746,0.9622396023162203,0.0,0.0,0.0,0.0,0.0,9.445242725573829e-12,nan,False
6,low_diversity,0,1,cls,query,1,0.639,0.0,0.0,0.0,1.874357764524079,1.2177939216831541,0.0,0.0,0.0,0.0,0.0,1.948801655087363e-11,nan,False
6,low_diversity,0,1,cls,query,2,0.639,0.0,0.0,0.0,1.8000596874096346,0.976535914739907,0.0,0.0,0.0,0.0,0.0,5.7522478336755815e-12,nan,False
6,low_diversity,0,1,cls,query,3,0.639,0.0,0.0,0.0,1.7361861180260725,1.0857655612246135,0.0,0.0,0.0,0.0,0.0,1.0306151252806064e-11,nan,False
6,low_diversity,0,1,token_mean,query,all,0.639,0.18009631693224112,0.04420163507005654,0.018963233629194966,1.2773053815731397,0.019363265666914077,0.0008250740508876995,0.018138159680264918,0.1920367741633737,0.024480397375426937,0.07069072853393928,0.010751378849487413,0.7545666906298432,True
6,low_diversity,0,1,token_mean,query,0,0.639,0.20776976604138184,0.055735163842683046,0.013560855036186968,0.16754945463086837,0.013788066587428016,0.0007357793967292474,0.012825075293552469,0.12817545586827073,0.013295822190598475,0.07489944167054478,0.010939610571685162,0.7317455522783706,True
6,low_diversity,0,1,token_mean,query,1,0.639,0.17339208184958582,0.05672382544717461,0.014027333591034962,0.13175064307849776,0.014358740402110414,0.0009617859144451689,0.013065547206100415,0.1247709098761118,0.011512524153078964,0.0740298124941841,0.010013971689411184,0.6728580403320759,True
6,low_diversity,0,1,token_mean,query,2,0.639,0.1515778930246627,0.05491916065235907,0.014704876722773796,0.15715767938624361,0.014761967297324057,0.000813703987329394,0.013891173209148374,0.13890057317761506,0.010446861503149439,0.07265297211896785,0.011096402029083534,0.6376835727395724,True
6,low_diversity,0,1,token_mean,query,3,0.639,0.1852911688758354,0.05909582144571916,0.017791637934011548,0.13598726950120804,0.01795587235304624,0.0011477339946643704,0.01664390348279002,0.13529088302206874,0.022291775515430757,0.07684870795899673,0.010955531277101149,0.6810650944443035,True
6,low_diversity,0,1,cls,key,all,0.639,0.0,0.0,0.0,1.9165027898948481,1.1346514274468105,0.0,0.0,0.0,0.0,0.0,6.260734591741328e-12,nan,False
6,low_diversity,0,1,cls,key,0,0.639,0.0,0.0,0.0,1.7960862581613255,0.8525050660495577,0.0,0.0,0.0,0.0,0.0,8.176738484532255e-12,nan,False
6,low_diversity,0,1,cls,key,1,0.639,0.0,0.0,0.0,1.7481888820532845,1.0577512999629568,0.0,0.0,0.0,0.0,0.0,4.6965620904648224e-12,nan,False
6,low_diversity,0,1,cls,key,2,0.639,0.0,0.0,0.0,1.8245655191776622,1.0245902385131862,0.0,0.0,0.0,0.0,0.0,4.37722266249147e-12,nan,False
6,low_diversity,0,1,cls,key,3,0.639,0.0,0.0,0.0,1.7574747612513706,1.2703058500989863,0.0,0.0,0.0,0.0,0.0,7.813151011463523e-12,nan,False
6,low_diversity,0,1,token_mean,key,all,0.639,0.17735065639375544,0.04451407891316953,0.01841337295878527,1.2719539239967868,0.01869940929095508,0.0008639093390560116,0.017549463801763275,0.20168870449291268,0.024206937610078444,0.07225447002790338,0.01098102813755924,0.7490052767871409,True
6,low_diversity,0,1,token_mean,key,0,0.639,0.16353755730971517,0.05590035640327087,0.013847289154009207,0.1325161197066607,0.014047487090086458,0.0009444386212800799,0.012902850549752739,0.13565308129765088,0.013168646567057586,0.07501035022275648,0.01128979158503088,0.6581803145230785,True
6,low_diversity,0,1,token_mean,key,1,0.639,0.18516976369766536,0.05313134670621556,0.011963203758514784,0.1258472394420123,0.01204311127374682,0.0007241435907251963,0.011239060645245692,0.12257522412325426,0.012174777560548208,0.07133246413420104,0.011234618892723864,0.7130668331306758,True
6,low_diversity,0,1,token_mean,key,2,0.639,0.17929103432579882,0.05948092070970412,0.016632807453292566,0.12814164389613417,0.016854380107925147,0.001048734666917219,0.015584072574380447,0.13955890590185657,0.018774207107064445,0.08140721595802115,0.01007218553091992,0.6682437527711602,True
6,low_diversity,0,1,token_mean,key,3,0.639,0.18112003130031662,0.05953693594080162,0.015829133408895205,0.13671650572557248,0.016544849510053812,0.0009749727614689618,0.014854160412638024,0.1336371014048035,0.015337154035109246,0.07954716665206849,0.01132751637223092,0.6712846419395603,True
6,low_diversity,0,1,cls,value,all,0.639,0.0,0.0,0.0,1.9203714412313586,1.1712931720705846,0.0,0.0,0.0,0.0,0.0,3.853610791300381e-12,nan,False
6,low_diversity,0,1,cls,value,0,0.639,0.0,0.0,0.0,1.7456416382152762,1.0949932762434726,0.0,0.0,0.0,0.0,0.0,6.0632455890017516e-12,nan,False
6,low_diversity,0,1,cls,value,1,0.639,0.0,0.0,0.0,1.875535720149986,1.1426093078460786,0.0,0.0,0.0,0.0,0.0,2.6576524297581883e-12,nan,False
6,low_diversity,0,1,cls,value,2,0.639,0.0,0.0,0.0,1.8811049934538524,1.1195338508741293,0.0,0.0,0.0,0.0,0.0,3.4704391560965923e-12,nan,False
6,low_diversity,0,1,cls,value,3,0.639,0.0,0.0,0.0,1.8200149612821035,1.3128485239969157,0.0,0.0,0.0,0.0,0.0,3.3091985408556916e-12,nan,False
6,low_diversity,0,1,token_mean,value,all,0.639,0.16697170492402705,0.04351970011034451,0.01844654465936464,1.2809419816553924,0.018581057099609735,0.0007608864199772307,0.017685658996924758,0.20085821532308745,0.02421301811856645,0.07203239980731325,0.010403157338838686,0.7393588325031106,True
6,low_diversity,0,1,token_mean,value,0,0.639,0.1464757478057344,0.05577690905013861,0.01391080106159248,0.13017934763124991,0.013909189353588218,0.0007773059213914993,0.013133495093577287,0.13214146877648097,0.015688935159507613,0.07303505871826126,0.011218666522340342,0.6192072074340009,True
6,low_diversity,0,1,token_mean,value,1,0.639,0.16353984792544324,0.055408458231544805,0.013524330407512565,0.1274145316785417,0.01362278714909942,0.0008270721737062559,0.012697257884693417,0.13457430320940492,0.014277133035211385,0.07965102572798391,0.010716910177672451,0.6611929206586693,True
6,low_diversity,0,1,token_mean,value,2,0.639,0.16554996984500991,0.05327443670146932,0.01459379523299233,0.15902472610661988,0.014669029313663257,0.0007544741774009625,0.01383932125331326,0.13987289503690545,0.015997763399791035,0.07413997883246919,0.009813249365172604,0.6781972430961748,True
6,low_diversity,0,1,token_mean,value,3,0.639,0.19436516032941692,0.059707613162714716,0.015230875903839463,0.1491532309273447,0.015824776407927704,0.0008353017666112547,0.014395574330013584,0.13631831641608133,0.015767461975983565,0.07946170071252938,0.009863804221491922,0.6928070181841224,True
6,low_diversity,0,2,cls,query,all,0.639,0.9439689812478917,0.6048619747813166,0.5287162917338389,1.5600115445426423,0.6327708542777285,0.024464327926662834,0.5042519623583014,0.2968503301376427,0.25476581700078804,0.7722784806904732,0.006006082117726857,0.35923532785821866,True
6,low_diversity,0,2,cls,query,0,0.639,0.9451099894733525,0.5588368029996839,0.410036795955296,0.9922800953851131,0.49096636501741064,0.021973545112731783,0.38806324384429236,0.2499080512374058,0.1466459603358387,0.6921899347538302,0.006195115369998596,0.40870712485952365,True
6,low_diversity,0,2,cls,query,1,0.639,0.9700599970662144,0.6459131738951643,0.5096500527835072,1.0376746411834288,0.5710936283393643,0.02862166113812815,0.48102838749235327,0.2582375116711601,0.22040171563047498,0.7974662644378405,0.0052232823165302925,0.33415131450774005,True
6,low_diversity,0,2,cls,query,2,0.639,0.8952490122728824,0.6001571204357283,0.4519014366350497,0.9875448562004471,0.4943640390012172,0.025892363395541906,0.42600907520814374,0.256439842401404,0.20321517897999627,0.7407286573341957,0.006664270810274916,0.32961990216327275,True
6,low_diversity,0,2,cls,query,3,0.639,0.9679586840841155,0.6455011783669088,0.4802568865729057,0.966726277609148,0.5997669905995315,0.026347147470170803,0.45390973036939447,0.2568734385298362,0.2078037586153801,0.8018828591674977,0.005941660058769313,0.33313147660048803,True
6,low_diversity,0,2,token_mean,query,all,0.639,0.18059310265096992,0.05378062762722156,0.03325839088971732,1.2611720053451907,0.03335286290818275,0.0013602867389140142,0.031898104839704254,0.26484289430177377,0.029912291954182213,0.08339211912365278,0.011659122114493088,0.7021999908204539,True
6,low_diversity,0,2,token_mean,query,0,0.639,0.19065867231712205,0.06179485245776751,0.019891971570123217,0.17575103085745536,0.019645342291456997,0.0010923876212803987,0.018799584655260496,0.15699852477264992,0.016898310341140414,0.08354770009708219,0.011687808924100616,0.6758875339539536,True
6,low_diversity,0,2,token_mean,query,1,0.639,0.17279424002964708,0.06229076775756917,0.018609223270330315,0.15658237247552695,0.018246971825840032,0.0012460542969744313,0.017363168426196684,0.1431334119773936,0.014435472412239617,0.07946376537561949,0.011386545036326755,0.6395090036167776,True
6,low_diversity,0,2,token_mean,query,2,0.639,0.16645668228963764,0.06595281151449889,0.0216875831438746,0.1808180192159559,0.02107975933387755,0.0014144364474552938,0.02027314698154276,0.1538840331463863,0.015703444494208796,0.08496540724517132,0.01150445170192556,0.603783935812563,True
6,low_diversity,0,2,token_mean,query,3,0.639,0.19008298484960118,0.0664896938333714,0.02306730022470205,0.1725425725225324,0.022804360152622574,0.0014540213901041584,0.021613278722559862,0.15306715936121995,0.022937739289680775,0.08926176427755796,0.012057682710953734,0.650207019392189,True
6,low_diversity,0,2,cls,key,all,0.639,0.957909791448408,0.6257898012650485,0.5429036772691376,1.5671538623082268,0.6391083095079191,0.026849203404377808,0.5160544677214189,0.2939110302970432,0.2674642228986734,0.7931135611925427,0.006064917193725705,0.34671322200515076,True
6,low_diversity,0,2,cls,key,0,0.639,0.9532924814036163,0.6175092954896204,0.4504823439223742,0.9864786259471959,0.5238152557618324,0.029450865166092462,0.42103147506713867,0.2415236990081234,0.2126168641471571,0.7202298073276904,0.006235483991490169,0.3522352189535711,True
6,low_diversity,0,2,cls,key,1,0.639,0.9615415225614786,0.6205048633883702,0.43065839570517517,0.9834182761336588,0.5184341032690308,0.021350356157530438,0.4093080366199667,0.24243844452632365,0.16051365331131692,0.7628356096012969,0.006166678430004554,0.35467699643860506,True
6,low_diversity,0,2,cls,key,2,0.639,0.9594536987820486,0.6529080312438947,0.5161465363033768,1.0098864040881204,0.5863163837504362,0.027424918868663637,0.48872161588885565,0.26625857190696833,0.20882520782206124,0.7966874288958419,0.005643941377374259,0.319500219684691,True
6,low_diversity,0,2,cls,key,3,0.639,0.9525061650244571,0.640790377029182,0.4654133308447916,1.0089695226540938,0.5650729453705806,0.02924068331379782,0.4361726628108458,0.24582788879235978,0.19195268038069266,0.8086167445650089,0.00621356478553604,0.3272585516412603,True
6,low_diversity,0,2,token_mean,key,all,0.639,0.18367071143581618,0.05556089184774533,0.03393747367167832,1.2546208071000728,0.03397146194796219,0.00142561790893193,0.03251185683025555,0.27142543052448387,0.030983031285322298,0.08733610132633744,0.011909306853670965,0.6974972688165303,True
6,low_diversity,0,2,token_mean,key,0,0.639,0.18251430035611707,0.06660902379752759,0.02078930214647289,0.17699695215878983,0.020609466394011653,0.001220007522285662,0.019569295500828462,0.15379482550782242,0.01647705989777781,0.09161089800006951,0.012142476117746397,0.6350476446636684,True
6,low_diversity,0,2,token_mean,key,1,0.639,0.17639420472573322,0.06062285632790254,0.017656576319543264,0.18386808765803445,0.01751668228596495,0.0011049651908582416,0.016551611204208297,0.14711348618707618,0.013159062312692038,0.07892450672167807,0.012373037678612904,0.6563217231418568,True
6,low_diversity,0,2,token_mean,key,2,0.639,0.1931131999270854,0.07123970632471573,0.022996891461270118,0.1717399295138742,0.022743247009501446,0.0015387952470601622,0.021458095743913542,0.15122742571075645,0.017747321339421734,0.09629871069861425,0.011114119848405773,0.6310987216222712,True
6,low_diversity,0,2,token_mean,key,3,0.639,0.18331684696746373,0.06793308462538174,0.021778091528026254,0.1405767550520969,0.021388087619029238,0.0013763898195148531,0.020401702474125406,0.1500334952492321,0.01918885376376176,0.09055182884584734,0.012007593431256035,0.6294225776344553,True
6,low_diversity,0,2,cls,value,all,0.639,0.9209146826391745,0.6155656427117335,0.5304731758928608,1.5692453961301795,0.6174708804171897,0.02717615579339591,0.5032970227978446,0.28888551477599944,0.25727982872361127,0.7786033074520223,0.006219028622250666,0.33157147527756425,True
6,low_diversity,0,2,cls,value,0,0.639,0.8439231999988747,0.6105057855810843,0.43010954104970983,0.9942343839615688,0.48041492569301253,0.031468968923118984,0.3986405662514947,0.24395883764995882,0.17883129320806904,0.7567434191174515,0.006561182714490728,0.2765860855799457,True
6,low_diversity,0,2,cls,value,1,0.639,0.9680702865700549,0.6143294636469568,0.43662578159605925,0.9676314748430888,0.5544313564485188,0.02609263648363677,0.41053314236077393,0.23378513235558432,0.18419995965904512,0.7567824674606838,0.0063801706048913975,0.3654082021011389,True
6,low_diversity,0,2,cls,value,2,0.639,0.9881717463965999,0.6582596790205429,0.4836281500432632,0.9924654794033297,0.568777124440465,0.031681059605695984,0.4519470753994855,0.24596073929053136,0.22858652637370203,0.7847148328014559,0.0062527880707586355,0.33386106066996135,True
6,low_diversity,0,2,cls,value,3,0.639,0.8792077469861869,0.6021552441146681,0.4597593156627012,1.0271962157638121,0.5173960567665925,0.024243294811722906,0.4355160255323757,0.2545012394489711,0.18538243258411183,0.7338496800168038,0.0056819736068560315,0.31511608470377983,True
6,low_diversity,0,2,token_mean,value,all,0.639,0.17498956820179112,0.05592091926263909,0.03430077195835163,1.261484831672753,0.034107585267377456,0.0014433174034241927,0.03285745539787141,0.2702081289714941,0.031638128470125204,0.08818330775255358,0.011217096397145227,0.6804328404413612,True
6,low_diversity,0,2,token_mean,value,0,0.639,0.14637573425352876,0.06622230159141261,0.01967687456459554,0.17316361887672208,0.019130787481448967,0.001269334858410399,0.018407539972527462,0.14999985262230034,0.015936946293658775,0.08574327461143211,0.012325736228376627,0.5475868870675458,True
6,low_diversity,0,2,token_mean,value,1,0.639,0.17474856524872998,0.06532054778202628,0.021712600814055568,0.1931864192531458,0.021618530438621802,0.0011988546545828947,0.02051374629478563,0.15908438649241388,0.015342446318481988,0.08939195271855253,0.01138750510290265,0.6262026661617983,True
6,low_diversity,0,2,token_mean,value,2,0.639,0.16759451573941303,0.06683684487934008,0.024333057374217506,0.20115388689572555,0.02372842011051164,0.001479232067305764,0.022853825114328753,0.16668612097698782,0.01851407243710954,0.09128760938607788,0.010504666715860367,0.6011990930343902,True
6,low_diversity,0,2,token_mean,value,3,0.639,0.21259545708350897,0.07075063246450995,0.023144039209033015,0.16345053910590535,0.023285490526057852,0.0013206887154162607,0.021823350763456387,0.1588195630708341,0.02306814378512771,0.09605037842116275,0.01065047707577998,0.6672053418492446,True
6,low_diversity,0,3,cls,query,all,0.639,0.885905157992354,0.5518077061786436,0.47918226039294026,1.5653344185848923,0.5690449166681227,0.022675181823697956,0.4565070853991942,0.29005519838604693,0.2144798349253847,0.7025724418668867,0.029112801040438088,0.3771255295215178,True
6,low_diversity,0,3,cls,query,0,0.639,0.8984793017615487,0.5044260684108551,0.35374715601882323,0.98466051829557,0.44260024559082206,0.020009025211699984,0.33373814008452674,0.23791325281317144,0.12429056813639976,0.6296985877866551,0.03132583158598705,0.4385779756730256,True
6,low_diversity,0,3,cls,query,1,0.639,0.8745567935941789,0.5841801263407871,0.44062366933369607,0.9603287896415427,0.47345070182673504,0.02746017628603361,0.41316349330273544,0.24516071069896217,0.20171959581826734,0.7270947753746393,0.02553472981195558,0.33202722725419187,True
6,low_diversity,0,3,cls,query,2,0.639,0.8497675023919068,0.5499047516047756,0.40224388560509367,0.9678887614958238,0.4577037279120717,0.024400705471634865,0.3778431767767126,0.24436874104915998,0.1521846816222929,0.6627954731211041,0.03221080079674721,0.35287622784242056,True
6,low_diversity,0,3,cls,query,3,0.639,0.9155335511670093,0.6058143735528175,0.45174804637533406,0.9185787871665716,0.5349539734599993,0.02494889349592003,0.4267991598356854,0.24731703328121568,0.18409514294255155,0.7427889427452673,0.027379842729053715,0.3382936400521859,True
6,low_diversity,0,3,token_mean,query,all,0.639,0.19245347794778975,0.07144014548675033,0.05391301623333797,1.3177280900388935,0.05384739093544528,0.002192198415286839,0.05172081765803424,0.28590630834966196,0.03732121191337936,0.10593682737786798,0.014091796030036428,0.6287926503145287,True
6,low_diversity,0,3,token_mean,query,0,0.639,0.18416004028801322,0.0751952764281396,0.030223792050455976,0.20317671995699235,0.029563566599791716,0.0019011483421887863,0.028322643515738575,0.16592786555172037,0.020517777685053487,0.09854039971705221,0.01417061881246892,0.5916851651936026,True
6,low_diversity,0,3,token_mean,query,1,0.639,0.18608061552032576,0.07764781699119092,0.029916731968828915,0.24271628994842323,0.029092221695570727,0.0018738163000142033,0.028042915192517368,0.15804871030609444,0.018092638340991465,0.09775294494613092,0.014062867203558033,0.5827194747068678,True
6,low_diversity,0,3,token_mean,query,2,0.639,0.19926218684265445,0.08230009071605202,0.033488769364605875,0.23923808311847478,0.03273757992286805,0.0020058205621105367,0.03148294832896103,0.16498453337070051,0.019931420202679715,0.10500686494447282,0.013843102803961798,0.5869758732446336,True
6,low_diversity,0,3,token_mean,query,3,0.639,0.19948209944619427,0.08121439109138572,0.03392168054492162,0.23871777726875873,0.03341096037853186,0.0021974212828684936,0.03172425891865383,0.1673986126998663,0.024021188008167757,0.11185100553338144,0.01429059538482265,0.5928737900951788,True
6,low_diversity,0,3,cls,key,all,0.639,0.9062744517214587,0.5836409414641537,0.5126279799427311,1.563926440153706,0.6020150606551034,0.025743272070857613,0.48688470233570447,0.2919007919143821,0.2360812046598861,0.735248863989696,0.027743863873183727,0.35599978532382337,True
6,low_diversity,0,3,cls,key,0,0.639,0.8801020412348669,0.5575919866226241,0.3818309021463327,0.9362335885799709,0.4415630332750667,0.024260336871851574,0.35757057030092587,0.22414313220713458,0.15809076486731627,0.6463405459112752,0.028457569212398746,0.36644620680544104,True
6,low_diversity,0,3,cls,key,1,0.639,0.9431008685846528,0.5986633194951714,0.41996303132986945,0.9533447670151759,0.48583714864023725,0.023277115754105827,0.3966859240423549,0.23766298916156348,0.1505984058845173,0.7145982413956475,0.029358890584924004,0.3652181442759054,True
6,low_diversity,0,3,cls,key,2,0.639,0.8759731111472194,0.5929174476242642,0.46173620540428734,0.985241303878155,0.5106852679560236,0.0253209740516137,0.43641522933136334,0.25601521108133835,0.18261908632814106,0.7311975111007579,0.025406395423818718,0.3231328221390848,True
6,low_diversity,0,3,cls,key,3,0.639,0.9156036247751416,0.6145037398634543,0.45645922345824075,0.9383054888711088,0.5210655920249049,0.03006624828346751,0.4263929697600278,0.24977345683513386,0.20343853655199526,0.7664037496216118,0.027752603065561165,0.32885396776976816,True
6,low_diversity,0,3,token_mean,key,all,0.639,0.19083602661353075,0.07184401816209439,0.052467258579156247,1.3150549302665362,0.05220143312308479,0.0022810712742449887,0.05018618635155938,0.2859374064253826,0.03892580389504243,0.10906116908647719,0.014908494004471735,0.6235301088741046,True
6,low_diversity,0,3,token_mean,key,0,0.639,0.19873811044391926,0.082310527725677,0.030362872655746366,0.2437979264111152,0.029813170807341846,0.0018985912346662108,0.028464281592856754,0.160123009663159,0.022079888704831588,0.11141168599311228,0.015010492876172066,0.5858342039087479,True
6,low_diversity,0,3,token_mean,key,1,0.639,0.18233630464991252,0.07462821202594455,0.028917047452391584,0.25797902418820345,0.028740174596203774,0.0017820408128582958,0.027135006914084606,0.16364325108330868,0.01664575405153686,0.09716722511724167,0.015009221747856249,0.5907111742270337,True
6,low_diversity,0,3,token_mean,key,2,0.639,0.18856316573379017,0.08319726663770413,0.030090710322508363,0.19822624873797198,0.02936248344113861,0.002243793267883699,0.027846917256035587,0.15351244864352048,0.0162123615692132,0.11082406153211151,0.014670243698426268,0.5587830406116514,True
6,low_diversity,0,3,token_mean,key,3,0.639,0.19264612890234714,0.08085812422199828,0.03259470798224683,0.20592770044864694,0.03225165189525661,0.002063944467491555,0.030530762604691765,0.16370765462659256,0.023330951298244917,0.10826166455685567,0.014944016552445564,0.5802764131171019,True
6,low_diversity,0,3,cls,value,all,0.639,0.8674328640107656,0.5717571780534244,0.5004970640650401,1.5649366800705877,0.5718590135829267,0.02611776585267349,0.474379301071167,0.28898688695874236,0.2220321022594474,0.7183743577958245,0.02862219512462616,0.34086290504399375,True
6,low_diversity,0,3,cls,value,0,0.639,0.7949788316612022,0.5665748166275889,0.38925094583632625,0.9481631177354827,0.4141463151198392,0.029010989618572323,0.36023995551196014,0.23142100350791167,0.14511164226925127,0.6946533003424195,0.029118910431861877,0.2873082979534639,True
6,low_diversity,0,3,cls,value,1,0.639,0.8863888545466039,0.5639139268410388,0.40213714191245314,0.9794817407731269,0.4564181513447975,0.02379596969959411,0.3783411661332304,0.23375844814333213,0.15411580763997493,0.7024147425710177,0.029883783649314533,0.36380751636426434,True
6,low_diversity,0,3,cls,value,2,0.639,0.9327404582178764,0.597118964132607,0.4304221271606112,0.953506490253861,0.4868515492934554,0.03141164407134056,0.39901048757813196,0.23700896720967288,0.16639101283705174,0.7054767495521935,0.03008251256224784,0.359823025932121,True
6,low_diversity,0,3,cls,value,3,0.639,0.8478386417230417,0.5830929996466381,0.45548805212747967,0.9853612131323832,0.5260234325837312,0.024891692637042565,0.4305963583967902,0.25752652895595235,0.16107660891100853,0.6975547364932123,0.025403570976446976,0.3122594666579097,True
6,low_diversity,0,3,token_mean,value,all,0.639,0.19432497281057018,0.07645715929822278,0.05528697721722251,1.3248210059942096,0.054718316475810734,0.002460335688242181,0.05282664095813578,0.2791062365272745,0.04010283014365566,0.11361944228928068,0.013677994678304954,0.6065500064536021,True
6,low_diversity,0,3,token_mean,value,0,0.639,0.15826024501481775,0.08362503130601644,0.03035786087771144,0.2489030328779194,0.029314207633503505,0.0021406458479098296,0.028217214836993,0.16103209068638805,0.0167147595731327,0.10480089159604207,0.014890316111797636,0.4715979916612242,True
6,low_diversity,0,3,token_mean,value,1,0.639,0.2005068702202883,0.08331301386382144,0.03500515405177745,0.2693387194519976,0.03478521751031384,0.0019710905405438757,0.03303406379100951,0.17047608646562226,0.0182027219789881,0.10900661781973904,0.013605864930220625,0.5844879840162633,True
6,low_diversity,0,3,token_mean,value,2,0.639,0.1879062002056589,0.08659522736548558,0.03587188702552173,0.24854599399685495,0.03456775233765173,0.0024267913646657357,0.033445096744055096,0.16822936695768878,0.021046796403634178,0.11495884615991847,0.013114979956299067,0.5391571578228438,True
6,low_diversity,0,3,token_mean,value,3,0.639,0.23088635487732792,0.08585426025914117,0.03294466667974014,0.24667760889310034,0.03270501056550534,0.0020167809350162065,0.03092788625508547,0.16650665661099306,0.027462251817443856,0.11894566984831813,0.013100817122242668,0.6281535983156894,True
6,low_diversity,0,4,cls,query,all,0.639,0.8729679555286414,0.5346884769812391,0.4407372818585818,1.5716093029621852,0.5257679760653047,0.021817384372380646,0.41891988028179517,0.27728971465984587,0.18756896269699597,0.6733988110136412,0.09499771655960516,0.38750503544262527,True
6,low_diversity,0,4,cls,query,0,0.639,0.8992163517187758,0.49125150720934874,0.32010696988214493,0.948061895529408,0.39250346850701145,0.019328638318587433,0.30077833140438254,0.22145366642165715,0.0985624648063172,0.6155011892403787,0.10261816870082509,0.45368930817331876,True
6,low_diversity,0,4,cls,query,1,0.639,0.8409456891179218,0.554777287540343,0.3842339977656339,0.9508687166219274,0.44680558404323173,0.02249095838686282,0.3617430539293723,0.23280301012917534,0.16577508859913795,0.6819384032634059,0.08905869654633781,0.3402935591212132,True
6,low_diversity,0,4,cls,query,2,0.639,0.8347194520697279,0.5302454456711299,0.3656653067546088,0.9492764833561669,0.3993669085753789,0.024504991544579916,0.34116032448681916,0.2294506502134301,0.13626089622047502,0.6318847164392559,0.10152822902256792,0.364762083408551,True
6,low_diversity,0,4,cls,query,3,0.639,0.9088716418821933,0.5840005785179533,0.42316596847513704,0.9514775501900047,0.49466498069095693,0.021985090380026537,0.401180892505429,0.23737873868089004,0.13887250754205624,0.6960141908647821,0.08678576519543474,0.35744438311603666,True
6,low_diversity,0,4,token_mean,query,all,0.639,0.2070923929602095,0.08733548478096766,0.06558839526055327,1.349285922384514,0.0653280919396535,0.002873110188044269,0.06271528621966188,0.27631618912228023,0.040284330215235024,0.12441127431964567,0.01858891953121532,0.5782776782257366,True
6,low_diversity,0,4,token_mean,query,0,0.639,0.1958998161302362,0.08741652690381276,0.03535027663360628,0.26000572554641166,0.03441617675999923,0.0023422313203230838,0.03300804560157386,0.15880702096813337,0.02018885553888531,0.11066941360184923,0.01926347037607973,0.5537692243381314,True
6,low_diversity,0,4,token_mean,query,1,0.639,0.1976645530601247,0.09333114875627559,0.036542858312485244,0.2809572154517937,0.035441170963862186,0.002515789444177327,0.03402706862173297,0.15461999782776825,0.020944741086536937,0.11709588954378147,0.018763515336269684,0.5278306235924529,True
6,low_diversity,0,4,token_mean,query,2,0.639,0.22277841588563788,0.09427327550329144,0.03917988149852365,0.2769209210056545,0.03827109540215903,0.0024547130028209226,0.03672516794705933,0.16368541375698195,0.01898743936315474,0.12066419975460148,0.018737428313629192,0.5768294018587234,True
6,low_diversity,0,4,token_mean,query,3,0.639,0.21207612427519876,0.09653580927675515,0.0417590286431428,0.2763274798673818,0.04097922914691881,0.002763308896894821,0.03899571917612444,0.16485499006306029,0.023363087294046375,0.13239970269990683,0.017591264014216988,0.5448058587137972,True
6,low_diversity,0,4,cls,key,all,0.639,0.9167750457459779,0.5784407228828014,0.5085723045773297,1.5826713826323533,0.6037832130300292,0.025678386996415527,0.48289392211220483,0.29196039639706134,0.20331417977770858,0.7151855418394552,0.08411187509244139,0.36904835535512925,True
6,low_diversity,0,4,cls,key,0,0.639,0.8889350664649313,0.5532615402453268,0.3919465315891872,0.9530096815823336,0.44377275410289996,0.02249908879060637,0.36944744329560886,0.2263798567804889,0.13347160467700692,0.6463416640245904,0.08337411826307123,0.37761310008220594,True
6,low_diversity,0,4,cls,key,1,0.639,0.9743267769515026,0.5979686381886153,0.41277222883568926,0.9706405253885607,0.4832867338443458,0.02398646055636081,0.38878578354011883,0.2311252567819662,0.11828261813857001,0.6914913070370075,0.09273751350966367,0.38627506465587014,True
6,low_diversity,0,4,cls,key,2,0.639,0.8526621916767595,0.5758875325399779,0.41314841812601205,0.9836113158487577,0.4729459915638723,0.024621320888400078,0.38852710209109564,0.238897705526467,0.15376369491612235,0.7021534272064721,0.07731252265247432,0.32460060014213177,True
6,low_diversity,0,4,cls,key,3,0.639,0.9307768694856331,0.6051709792850191,0.4538017147331907,0.9518918993903802,0.5337218633301393,0.028488344851542603,0.4253133630210703,0.25183962032619917,0.17172041527594084,0.7384307405337017,0.0830233439125798,0.349821639186791,True
6,low_diversity,0,4,token_mean,key,all,0.639,0.19728441263092406,0.08574963047725882,0.06289435070841837,1.3479958518687631,0.062439336743583394,0.0028940541299313986,0.060000298036770386,0.27626721452449315,0.04213184157815463,0.12594791261534968,0.01978884484957565,0.5653502000805426,True
6,low_diversity,0,4,token_mean,key,0,0.639,0.20469207698824302,0.09383662687044536,0.036589037522050366,0.2773658228792163,0.0352448597945626,0.0025170081326822665,0.03407202906567942,0.15896384586984008,0.023601015546906485,0.12565564179900182,0.019433533857491882,0.5415717684283643,True
6,low_diversity,0,4,token_mean,key,1,0.639,0.18897065040012595,0.08881893728238706,0.03690288710918529,0.2906871603908136,0.03635358885045053,0.002445253559430553,0.03445763344114477,0.16405560595862037,0.019995590247197607,0.11623569680726853,0.019240191037004643,0.5299855448752382,True
6,low_diversity,0,4,token_mean,key,2,0.639,0.18728682092314838,0.09037407098099412,0.03237464836746115,0.2327650099501027,0.031110897827258274,0.00256825850175863,0.02980639006603848,0.14626274732023664,0.015406323264176576,0.11943390467529884,0.020654081536287613,0.5174563242862754,True
6,low_diversity,0,4,token_mean,key,3,0.639,0.20787707970847358,0.09314708925358221,0.03888482430028026,0.2633383049347748,0.03843956044713776,0.0025075916095044126,0.03637723286043514,0.1615504893108547,0.02335799055334285,0.12382930840730955,0.019827573221515526,0.5519126524953519,True
6,low_diversity,0,4,cls,value,all,0.639,0.8811713309881278,0.5679218585737161,0.48643154330878247,1.5812359748335505,0.5668947927170335,0.02561223837123676,0.4608193053440614,0.28560102559921946,0.18883909220760633,0.7044003329333569,0.08769081668420271,0.35549212894062276,True
6,low_diversity,0,4,cls,value,0,0.639,0.8172911893043326,0.5759902688038241,0.3899425336127022,0.9441515984286838,0.42364085785729344,0.02736209443008358,0.3625804436477748,0.22786606750872912,0.12728640118307918,0.7043160647181024,0.08800763365897266,0.29524473487338176,True
6,low_diversity,0,4,cls,value,1,0.639,0.8831063007521831,0.5464877809747546,0.3812874419624468,0.9880066143379493,0.47075541499323775,0.023600673176009546,0.3576867756518451,0.23233178038438276,0.12199190465587441,0.6661335062136696,0.09098834679885344,0.3811755385401675,True
6,low_diversity,0,4,cls,value,2,0.639,0.9409330190517475,0.5827063861191197,0.4028190026913649,0.9748644551851388,0.46751441212432615,0.030647203368558126,0.37217180159958924,0.22991822273944748,0.13051805043842055,0.6702371821043828,0.09462986581704834,0.38071427580853845,True
6,low_diversity,0,4,cls,value,3,0.639,0.8737648744875934,0.5842116041334303,0.43841172236333587,0.949710629802891,0.5031753839575948,0.026700734076174824,0.4117109938101335,0.2469940899487505,0.13866094932892287,0.6912870249949267,0.07713741978461092,0.3313857981805086,True
6,low_diversity,0,4,token_mean,value,all,0.639,0.21564028175420075,0.09484322763409615,0.06813865447736532,1.3478135193593965,0.06737201467219628,0.003255781400102106,0.06488287381150505,0.2667088816058987,0.043637970394578444,0.13376132213112113,0.01754065247421915,0.5601785210881707,True
6,low_diversity,0,4,token_mean,value,0,0.639,0.17940141641898263,0.10033188866122181,0.038280802350953554,0.3008745075050686,0.03720650084949958,0.002830224376256493,0.03545057849789208,0.1575516177174407,0.018844314594412683,0.12046155717087581,0.01879378983920271,0.4407408220963991,True
6,low_diversity,0,4,token_mean,value,1,0.639,0.23388060480392328,0.10025456166494115,0.04432211033293128,0.32435565040774456,0.04372350438124619,0.002765957842877304,0.041556153785098686,0.1693665994183687,0.021664084623410036,0.12854743629025975,0.01708092870698734,0.5713429860975825,True
6,low_diversity,0,4,token_mean,value,2,0.639,0.20951429260072726,0.10275030063087809,0.04209273779755428,0.29848393985995036,0.04052793546822195,0.0028593677720478313,0.03923337034542452,0.1592759596519036,0.021849142012416497,0.13235183373492543,0.017213742333379658,0.5095785621332765,True
6,low_diversity,0,4,token_mean,value,3,0.639,0.2391989957409792,0.09842657397616153,0.03916445520284705,0.2953499709225111,0.03801682026353293,0.0027406238051216033,0.03642383200878447,0.15963580258076548,0.028829117510703828,0.13549342778075013,0.017074147662655872,0.5885159397460662,True
6,low_diversity,0,5,cls,query,all,0.639,0.9092899965635777,0.5805876032748155,0.4446590173433636,1.5911561864852373,0.5230555839467955,0.024668361568315464,0.41999065334146674,0.2673075400178487,0.1803639287145474,0.7317935036735245,0.22501315311952072,0.3614934669148526,True
6,low_diversity,0,5,cls,query,0,0.639,0.9281995873846163,0.5542956016447433,0.3135660589296163,0.9035974875294929,0.3532793098687958,0.02215324439616366,0.29141281883824954,0.2036176535303624,0.10328396242107594,0.7065777858686602,0.24244031581011685,0.4028271406513124,True
6,low_diversity,0,5,cls,query,1,0.639,0.886437191257864,0.6010790956351054,0.38709686728256026,0.9768907964688957,0.432179425470536,0.02464351506734436,0.3624533428387208,0.22217490596247177,0.14171214331995077,0.7204718843840099,0.2165518579157916,0.32191575267485373,True
6,low_diversity,0,5,cls,query,2,0.639,0.8427793755265536,0.5626516287984628,0.3723328704810358,0.9646899641117124,0.40418299952407444,0.024276862217282705,0.3480560041286729,0.22524789612215593,0.12560548719589967,0.6936851263049956,0.22930856455456128,0.33238562174480357,True
6,low_diversity,0,5,cls,query,3,0.639,0.9737902999442738,0.6144483235561854,0.4138551432313816,0.9522539796530599,0.48384557761786556,0.02694762193343856,0.38690752400593326,0.23032006568355978,0.11582656641161676,0.7306602500863222,0.21175185387784784,0.3690137151793894,True
6,low_diversity,0,5,token_mean,query,all,0.639,0.22358885655855776,0.10141951003611621,0.06976905031974703,1.3721095304566508,0.06928248164375023,0.003403829865750264,0.066365220668641,0.25659795106353084,0.03940858394006943,0.13775272646436434,0.025098835372112015,0.5464017679720343,True
6,low_diversity,0,5,token_mean,query,0,0.639,0.2190585932681927,0.09839524714608637,0.03749688430346805,0.3109544456295501,0.03643650533644944,0.002608494602926922,0.034888390113006935,0.1496778675051702,0.019463112998569097,0.12078854814636635,0.026631754738363354,0.5508268099502428,True
6,low_diversity,0,5,token_mean,query,1,0.639,0.20851008424426912,0.10841411146283218,0.0411396401867015,0.29778362960523724,0.03952326691959097,0.0030687242397107184,0.03807091535153714,0.14827587825498037,0.021849651459383387,0.1351799586887519,0.024695923551917076,0.48005338995582925,True
6,low_diversity,0,5,token_mean,query,2,0.639,0.2384449663742685,0.10351235889153997,0.04062669895265258,0.3195554394678552,0.039725326920587806,0.002959535176738758,0.03766716297038577,0.15428095922978455,0.017275937286296155,0.1304014886085874,0.02679419432851401,0.5658857451867335,True
6,low_diversity,0,5,token_mean,query,3,0.639,0.2276246886750166,0.11166858324667665,0.04541474956366792,0.301829970132909,0.04429485582835096,0.0032731439304453406,0.0421416066925634,0.1543594239713779,0.02400482355955619,0.14597056029213998,0.022273467684333973,0.50941796385669,True
6,low_diversity,0,5,cls,key,all,0.639,0.9563700607331193,0.6244401044438183,0.5218280592459821,1.588050848176035,0.6093491219724487,0.02655787376517599,0.49527018720453436,0.2869538346288944,0.20701162217668387,0.780617941838031,0.1921373497356068,0.3470727178921257,True
6,low_diversity,0,5,cls,key,0,0.639,0.9344172021041832,0.6085863956292167,0.4178590590717788,0.950771604042848,0.4626468572001449,0.026626133021305908,0.3912329240278764,0.2263976243860207,0.14023353656997184,0.7187834921480608,0.18148285421458157,0.34869949498065633,True
6,low_diversity,0,5,cls,key,1,0.639,1.047135054442157,0.647181991167675,0.4228344874028563,0.9474153901894973,0.4845025523788165,0.025609506548128345,0.3972249789671464,0.22960667561014664,0.11553126011199927,0.7722956256851244,0.22373465651815588,0.38194983691721596,True
6,low_diversity,0,5,cls,key,2,0.639,0.8570753667416912,0.5994964337953328,0.4059468069593499,0.9727300844328325,0.46674376440313964,0.023522665216164154,0.3824241405183619,0.23252272575097271,0.1414059499667982,0.7314631291462824,0.17139223963022232,0.3005324186665005,True
6,low_diversity,0,5,cls,key,3,0.639,0.9522338916382016,0.6453982657313774,0.45848437539388076,0.9632126684187182,0.5099106220507067,0.030651487918062645,0.4278328852220015,0.24331274514722245,0.1715493379662499,0.7968439754257012,0.19193966009400107,0.32222716351646674,True
6,low_diversity,0,5,token_mean,key,all,0.639,0.2116214805779032,0.09966170131656321,0.06957576129444697,1.3719529237361832,0.06893109753326068,0.0034472214703617447,0.0661285397681323,0.26064739561928,0.043385617582787556,0.14117479533769198,0.025842741555110973,0.5290567807936906,True
6,low_diversity,0,5,token_mean,key,0,0.639,0.21652754387712098,0.10569774687196962,0.04038435874044464,0.30804436832064674,0.03879560959316948,0.002901532020504502,0.03748282561586662,0.1524274486756441,0.022962845784977034,0.13927418873091296,0.024923560378903694,0.5118508020764652,True
6,low_diversity,0,5,token_mean,key,1,0.639,0.19877105484225754,0.10299441078247619,0.04157180475848274,0.3175435105308668,0.04085559591012198,0.00289379709019241,0.0386780072003603,0.1579535879939628,0.022036829782399778,0.1343708043047279,0.024899609471586617,0.4818440196727266,True
6,low_diversity,0,5,token_mean,key,2,0.639,0.20044525356604767,0.1002836220024236,0.035619067203895294,0.26205195166801015,0.03398801010356255,0.0029492094604806466,0.03266985705969008,0.14205055756642548,0.01651371480864974,0.13028520979336758,0.027446858669546517,0.4996957013532891,True
6,low_diversity,0,5,token_mean,key,3,0.639,0.23064600202508528,0.10591037884776734,0.04212913931151506,0.2920310394632888,0.04128801184808761,0.002822762127669359,0.03930637756870552,0.15168185125027855,0.022700736664171408,0.1374391795110085,0.026100935668430546,0.5408098214672352,True
6,low_diversity,0,5,cls,value,all,0.639,0.913198747365982,0.6065382872622815,0.4918498347206041,1.5977012257062044,0.5686059916136337,0.026409734548492866,0.46544009718027984,0.28084978143298883,0.18667274724355035,0.7677822809649704,0.19754444469105115,0.3358091116399664,True
6,low_diversity,0,5,cls,value,0,0.639,0.863202438446179,0.6134366044874422,0.3704005883030423,0.9798726821822402,0.4099228135089088,0.027977331118150192,0.3424232622439211,0.21458735006236493,0.12018233257912608,0.7717754483860215,0.21098934384909543,0.28934792446639945,True
6,low_diversity,0,5,cls,value,1,0.639,0.9166068099482106,0.5909936473171034,0.4004656125359368,0.9891208389860041,0.48039308531638997,0.02352664645083926,0.37693895399570465,0.23177314341681415,0.12500740367765995,0.723399536772312,0.19620486958460373,0.35523755562050086,True
6,low_diversity,0,5,cls,value,2,0.639,0.9490494006915775,0.602928104388238,0.39082050842090477,0.9616407638876946,0.45184091727737113,0.027513683096251705,0.36330682039260864,0.224068255917142,0.12217581179663434,0.7222685222397544,0.2071077674627304,0.3647031398482724,True
6,low_diversity,0,5,cls,value,3,0.639,0.9230921872525447,0.6319015508581578,0.45219024556643306,0.965836310381322,0.5189370491890295,0.029718277891251175,0.42247196625579486,0.24512400938244563,0.13224831063753276,0.7458698523776253,0.17587579041719437,0.31545130639776653,True
6,low_diversity,0,5,token_mean,value,all,0.639,0.23405192252758508,0.1109696593500627,0.07549371098132428,1.3721369540364703,0.07452449540040272,0.0038984856695275416,0.07159522582184184,0.25255430326056644,0.0446964451822815,0.14973735712759728,0.02229300420731306,0.5258758904790284,True
6,low_diversity,0,5,token_mean,value,0,0.639,0.20065262946438825,0.11377756812631272,0.04410046377523706,0.38454490343892417,0.04291454788372239,0.003334214842073958,0.040766248987479645,0.1534727281540715,0.01918252693101395,0.13187997519573244,0.02422307998957959,0.43296248631266543,True
6,low_diversity,0,5,token_mean,value,1,0.639,0.262844174612053,0.11679457934858313,0.04947689396965218,0.3581032146538569,0.04867907720375773,0.0033591870874674482,0.046117706054990944,0.16191282364193402,0.024237822302413673,0.14585147304295307,0.021249700760976833,0.5556508736746133,True
6,low_diversity,0,5,token_mean,value,2,0.639,0.23115954329964852,0.11728441340306354,0.0456537774220134,0.3435274180245607,0.04387399367320596,0.0032030124725265937,0.04245076607912779,0.14982014051043213,0.022024733425155315,0.1468404938159266,0.022052193145183,0.49262569163744374,True
6,low_diversity,0,5,token_mean,value,3,0.639,0.24244299469927702,0.111470935309804,0.04424949867475953,0.3342715822408599,0.04243694455415482,0.0033290877419693225,0.04092040945860473,0.1551499096097977,0.02858309861093894,0.14978097649628516,0.021647040308876472,0.5402179574292463,True
6,low_diversity,0,6,cls,query,all,0.639,1.2064682015694868,0.8028187067772999,0.37496759844590505,1.6385346914736483,0.4215415926966401,0.030622042588550936,0.34434554929083044,0.21783825295070727,0.1026648295821836,0.9883178437189328,0.5108983354134993,0.3345711841116755,True
6,low_diversity,0,6,cls,query,0,0.639,1.2059568641136127,0.7978538485225435,0.2746153128784879,0.9629202858227693,0.2917690130447426,0.029020045206628063,0.24559527296911587,0.17416212679388307,0.06467673180560331,0.9762781587328849,0.5709723288362677,0.3384059809560668,True
6,low_diversity,0,6,cls,query,1,0.639,1.2228684587371204,0.821058316382026,0.3459239717444811,1.0077147346662665,0.364383845805518,0.032522030513394966,0.31340194222601975,0.18343444072187276,0.08457368320746529,0.9821948685399811,0.5104758902029558,0.3285800197758403,True
6,low_diversity,0,6,cls,query,2,0.639,1.1248768445142086,0.7689581163871189,0.3602449872833306,1.0209889671370613,0.3927849715525264,0.029943020675670017,0.33030196685682645,0.1974166676300632,0.08307265683191752,0.9712935946010534,0.45587104288014496,0.31640684032463784,True
6,low_diversity,0,6,cls,query,3,0.639,1.2623137518125993,0.8145153437747368,0.34799317666611074,1.0085836027406094,0.4075557141213053,0.032637540843676434,0.3153556294061921,0.19704135263200875,0.0643150196472571,0.9746297683826192,0.5062740499323065,0.3547441413791568,True
6,low_diversity,0,6,token_mean,query,all,0.639,0.2611609405889055,0.12610039450622815,0.06840008512898148,1.3911728801504515,0.06753754437600173,0.003917453710032119,0.06448262963782657,0.21666722818679052,0.03443524430814357,0.1577357479058131,0.03498586334965446,0.5171544633670037,True
6,low_diversity,0,6,token_mean,query,0,0.639,0.2653456284122803,0.12333288742534662,0.03724416830203129,0.3444181238247441,0.03600000004654253,0.0031443748898296194,0.03409979246895422,0.12734999521147383,0.01719477827467657,0.1424566305231141,0.03715399652719498,0.5351990980091884,True
6,low_diversity,0,6,token_mean,query,1,0.639,0.24055956682972965,0.13398684771909006,0.044118428459124955,0.33632736723401524,0.04201108416268083,0.003605102453465489,0.040513326159932396,0.1325606820862467,0.020258048500242234,0.1587654719835828,0.03284094076264988,0.4430200823651831,True
6,low_diversity,0,6,token_mean,query,2,0.639,0.28072846972970167,0.12265264951192063,0.040037750167268536,0.3332235549586905,0.03822259358493875,0.003588499220892448,0.03644925017248501,0.1330596387940636,0.015517389971455837,0.14589524214561247,0.03876733153381131,0.563091518184756,True
6,low_diversity,0,6,token_mean,query,3,0.639,0.25312060274787757,0.13500513532660488,0.04366818260650421,0.30762052619467645,0.041941971330352705,0.0038337023103271017,0.039834480224685234,0.12930471695317663,0.019373326201012637,0.165118604941596,0.031181183982301842,0.46663711345110204,True
6,low_diversity,0,6,cls,key,all,0.639,1.181425728047225,0.7975873803609242,0.45602723973342996,1.6361852878836016,0.518665100015582,0.03057426908476786,0.4254529733549465,0.2451655075494606,0.13960862152374134,0.9882063358718476,0.3682118241082538,0.32489418384407953,True
6,low_diversity,0,6,cls,key,0,0.639,1.1654612586768558,0.7939432772521706,0.4052029834702022,1.0171753824196557,0.449494116777464,0.03161998076195067,0.37358300523324445,0.21425325914965282,0.11326471533980463,0.9538855009440569,0.331990701908415,0.31877334287925474,True
6,low_diversity,0,6,cls,key,1,0.639,1.2516964160029926,0.8099726608861307,0.3660693462861836,1.012255421272769,0.4242496957144653,0.028960546224632046,0.33710880171168933,0.20594424489883306,0.08366143346793882,0.9847721273273277,0.46360580081289465,0.3529000718300417,True
6,low_diversity,0,6,cls,key,2,0.639,1.0785927883444872,0.7458521745136796,0.4318859498397172,1.0189363518646735,0.4766235129122292,0.0311067807064815,0.4007791673595255,0.2242605604099513,0.11650082743325169,0.9211381472165132,0.26987859403545206,0.3084951220019979,True
6,low_diversity,0,6,cls,key,3,0.639,1.1806389254330398,0.814776475366606,0.37336645528155704,1.0232828243903656,0.4067461265659898,0.03244657801802863,0.34091987867246976,0.2054404124141124,0.11534491738396428,1.0036899055548005,0.40737218071113934,0.30988513268969275,True
6,low_diversity,0,6,token_mean,key,all,0.639,0.2405912134749235,0.119392295661542,0.07302443903792137,1.3825686809941486,0.07201868609069396,0.003985529236326163,0.06903890960595825,0.23514856566196424,0.04148671669014909,0.1592778048536676,0.03365122704682025,0.5037545472375029,True
6,low_diversity,0,6,token_mean,key,0,0.639,0.2367854754104088,0.12449966527466465,0.04283959189096786,0.3140548024453187,0.0413899797855886,0.003372180720113895,0.03946741060777144,0.13872450068754844,0.022035177622559955,0.1564414501101461,0.03196846642954783,0.4742090279867235,True
6,low_diversity,0,6,token_mean,key,1,0.639,0.22603862199689423,0.1227129189992988,0.043667424305769,0.3287412769558053,0.042582586160756566,0.0032819011619060552,0.04038552330298857,0.14276761776815777,0.021385356655210058,0.15513273478044828,0.03307083122093569,0.457115257935943,True
6,low_diversity,0,6,token_mean,key,2,0.639,0.22749346476966562,0.11638196583033608,0.039838116495425464,0.2878472870813742,0.037650196895330466,0.003590566148473458,0.036247549917210235,0.13659856329029185,0.01828576913292679,0.145430723740146,0.03470083156769926,0.48841622352461234,True
6,low_diversity,0,6,token_mean,key,3,0.639,0.27024779943797667,0.12460669748694478,0.04334902890774043,0.3339593009440327,0.042616176779926664,0.0033249263545836916,0.04002410283481533,0.13644544284626167,0.02061949242701497,0.15416954754465476,0.03486477947709235,0.5389168838892149,True
6,low_diversity,0,6,cls,value,all,0.639,1.1082860903910055,0.749837642950597,0.4520905168635443,1.6353171371719777,0.5172832983171191,0.029763694005933674,0.4223268126899546,0.24874941289597974,0.14877435003870035,0.9517546532849662,0.3149807547981089,0.32342591912702545,True
6,low_diversity,0,6,cls,value,0,0.639,1.0467718577359642,0.7348661898563155,0.3911147416868987,1.0575003160921495,0.4158719295869641,0.03424963617528027,0.35686509582129394,0.21027922991185924,0.10734813308456932,0.9357705538775699,0.3227507878433574,0.29796909954597117,True
6,low_diversity,0,6,cls,value,1,0.639,1.1523601327761634,0.7670044313496432,0.38162712996757087,1.0358943029580485,0.4401693596671384,0.028051906222985548,0.35357523370872845,0.20463145354893497,0.10721067309596666,0.9513879651014349,0.330441531132568,0.3344056171903097,True
6,low_diversity,0,6,cls,value,2,0.639,1.1089549634422369,0.7254597934511318,0.35909043941949076,1.0119948370886633,0.42152131094788603,0.028268896593627604,0.33082152903079987,0.2029585247559145,0.09753276974286762,0.9068245079441546,0.3183094337582588,0.3458167217185466,True
6,low_diversity,0,6,cls,value,3,0.639,1.1246663406370578,0.7719214407679398,0.41872217090740926,1.0599903010315304,0.47397263499291403,0.02852225498380986,0.39019992541183124,0.22399240375862817,0.10270253621307963,0.9253412057485851,0.28842129693789914,0.3136440445699732,True
6,low_diversity,0,6,token_mean,value,all,0.639,0.25590374694385265,0.12920962864297,0.0798362953627084,1.3878260586628743,0.07882612696520706,0.00429761813509024,0.07553867555477402,0.23424076739683072,0.044204574493058424,0.1663260440056397,0.02786070438609882,0.49508504589688695,True
6,low_diversity,0,6,token_mean,value,0,0.639,0.229617402859288,0.13042732277547156,0.04766774681259136,0.40103778068762047,0.046288057409014274,0.0035904533526098185,0.04407729301601648,0.14354431716099042,0.01999108841707295,0.1458608206011045,0.029926739548417656,0.4319798013942401,True
6,low_diversity,0,6,token_mean,value,1,0.639,0.2824446749772908,0.13509036804055174,0.053693090435080505,0.36904266766433763,0.052761164457956776,0.003747804815330627,0.049945286559787666,0.1528144351295246,0.02453620275970056,0.16510757256314101,0.026071150533177635,0.5217103383116948,True
6,low_diversity,0,6,token_mean,value,2,0.639,0.2601717213756185,0.13340218376493435,0.04390921699283778,0.34569061637430915,0.04205080304054906,0.00352209735005586,0.04038711958988146,0.13109929710971616,0.01985895509333221,0.16191286528687274,0.02824804787947373,0.4872533299945492,True
6,low_diversity,0,6,token_mean,value,3,0.639,0.2523148710682857,0.12739018203716865,0.047437042465965806,0.3602281482757759,0.04545163990634881,0.0037606721214780755,0.043676370585506614,0.1457073808959319,0.025381138010084205,0.1640510283217055,0.027196880599314518,0.4951142534809525,True
6,low_diversity,1,1,cls,query,all,0.6275,0.0,0.0,0.0,1.9525894253764589,1.1782232639676748,0.0,0.0,0.0,0.0,0.0,8.533003375857637e-12,nan,False
6,low_diversity,1,1,cls,query,0,0.6275,0.0,0.0,0.0,1.6314437524361245,0.9492664183646835,0.0,0.0,0.0,0.0,0.0,9.623211634123376e-12,nan,False
6,low_diversity,1,1,cls,query,1,0.6275,0.0,0.0,0.0,1.7551927175076223,1.1399449857078856,0.0,0.0,0.0,0.0,0.0,8.585373297703702e-12,nan,False
6,low_diversity,1,1,cls,query,2,0.6275,0.0,0.0,0.0,1.9059523138314987,1.0768178636072576,0.0,0.0,0.0,0.0,0.0,5.946785125569716e-12,nan,False
6,low_diversity,1,1,cls,query,3,0.6275,0.0,0.0,0.0,1.8965875792081208,0.8659878656937386,0.0,0.0,0.0,0.0,0.0,9.97664364316142e-12,nan,False
6,low_diversity,1,1,token_mean,query,all,0.6275,0.1899088633051586,0.043035018828814914,0.018237057013252216,1.278711751175104,0.01857114541209198,0.0007967822457430884,0.017440274632959205,0.1916175769889664,0.024516711883782332,0.07555938527333682,0.010074190245094624,0.7733912041816432,True
6,low_diversity,1,1,token_mean,query,0,0.6275,0.1925927938324756,0.05735590143288872,0.014451090077461487,0.12732336613303763,0.014817917204145882,0.0008623935467436571,0.013588696548884565,0.12164531107201983,0.015169064154061662,0.08451591958078479,0.010099567769264633,0.7021908229713982,True
6,low_diversity,1,1,token_mean,query,1,0.6275,0.190664133154774,0.05918713369517339,0.013903468897719977,0.10880280547582313,0.013826018364746014,0.0008744566194681366,0.01302901231048798,0.123369710101345,0.014135794659930602,0.08566116639411088,0.009397156197916378,0.6895738452961813,True
6,low_diversity,1,1,token_mean,query,2,0.6275,0.18588582069401205,0.05764070869607064,0.012882825201514847,0.12851021029717377,0.013280098963865531,0.0009039180334763263,0.01197890753180466,0.11495446531946185,0.012144343260670057,0.07549383412147005,0.010191383813931183,0.6899133646618834,True
6,low_diversity,1,1,token_mean,query,3,0.6275,0.19018443169386517,0.055870821316238106,0.01553499393481824,0.11588258666120552,0.015678453523052947,0.0009025404301196845,0.014632453655146739,0.1290607600872517,0.019236663321013998,0.08567005651753795,0.01060865218327804,0.7062282079630373,True
6,low_diversity,1,1,cls,key,all,0.6275,0.0,0.0,0.0,1.9371901017272484,1.2733444966880976,0.0,0.0,0.0,0.0,0.0,4.760907340710259e-12,nan,False
6,low_diversity,1,1,cls,key,0,0.6275,0.0,0.0,0.0,1.813928902625102,1.2111558074853646,0.0,0.0,0.0,0.0,0.0,5.170933441534974e-12,nan,False
6,low_diversity,1,1,cls,key,1,0.6275,0.0,0.0,0.0,1.7251987380494709,0.9638211894971132,0.0,0.0,0.0,0.0,0.0,4.9849952527623236e-12,nan,False
6,low_diversity,1,1,cls,key,2,0.6275,0.0,0.0,0.0,1.7711784928235568,1.0607916496876688,0.0,0.0,0.0,0.0,0.0,4.653533123745209e-12,nan,False
6,low_diversity,1,1,cls,key,3,0.6275,0.0,0.0,0.0,1.7056613550279958,1.0221509298742697,0.0,0.0,0.0,0.0,0.0,4.287677279985166e-12,nan,False
6,low_diversity,1,1,token_mean,key,all,0.6275,0.1762234204462743,0.045854266435040876,0.019671453540890407,1.269411793768125,0.020025753692306372,0.0008685580290726979,0.018802895485846835,0.19288032466951108,0.02726954416913772,0.07820914779408535,0.010266690218651836,0.7397947087911587,True
6,low_diversity,1,1,token_mean,key,0,0.6275,0.18025321374070669,0.05976770157345073,0.013789749706571168,0.11797642527703359,0.013573203174224198,0.0009225564664864743,0.01286719323516908,0.11985334128110114,0.01599650883634025,0.0833277645024231,0.010278994513844902,0.6684236561827616,True
6,low_diversity,1,1,token_mean,key,1,0.6275,0.15630343124705834,0.06211175425259995,0.01595297646737515,0.13115894359649588,0.01613690729190117,0.0008324227363283916,0.015120553805238822,0.1216917299710361,0.01816654797312256,0.0898974027497353,0.010876990643075922,0.6026206606147751,True
6,low_diversity,1,1,token_mean,key,2,0.6275,0.1744275585682337,0.060002111697237744,0.014559144107542438,0.1560883592871745,0.015035796033291944,0.0009702831898307936,0.013588860736821185,0.12212064565609847,0.01334143221438633,0.08221901403461705,0.009790992745282974,0.6560055521629873,True
6,low_diversity,1,1,token_mean,key,3,0.6275,0.1948753785547126,0.06000794645116247,0.015184234006378668,0.14580171302577205,0.015572379088391042,0.0008295795553501441,0.014354654714803804,0.12366210675932049,0.01558266418163388,0.08493313585723844,0.010119782718406483,0.6920701481315412,True
6,low_diversity,1,1,cls,value,all,0.6275,0.0,0.0,0.0,1.8868439256016474,1.1844986206413435,0.0,0.0,0.0,0.0,0.0,5.738517103107889e-12,nan,False
6,low_diversity,1,1,cls,value,0,0.6275,0.0,0.0,0.0,1.6577880396725284,1.1049458273469417,0.0,0.0,0.0,0.0,0.0,4.952871761710785e-12,nan,False
6,low_diversity,1,1,cls,value,1,0.6275,0.0,0.0,0.0,1.759725868977962,1.1333048502601277,0.0,0.0,0.0,0.0,0.0,5.279342323942631e-12,nan,False
6,low_diversity,1,1,cls,value,2,0.6275,0.0,0.0,0.0,1.7039345865361133,1.0152828669572302,0.0,0.0,0.0,0.0,0.0,6.956860395522386e-12,nan,False
6,low_diversity,1,1,cls,value,3,0.6275,0.0,0.0,0.0,1.7089174432277277,1.1695842371051368,0.0,0.0,0.0,0.0,0.0,5.764994976032394e-12,nan,False
6,low_diversity,1,1,token_mean,value,all,0.6275,0.17827205103919105,0.04404149306742158,0.01950139783253125,1.2723588006288407,0.01972953004006803,0.0008220614069035615,0.018679335713386536,0.19249405880505535,0.026300295503435937,0.07499990926524454,0.010288966650312597,0.7529534617978925,True
6,low_diversity,1,1,token_mean,value,0,0.6275,0.1772777243091432,0.05652308515293953,0.014525784553331476,0.1474847499522575,0.014517179351569091,0.0010579898159696975,0.0134677943688902,0.1293250522151494,0.016218395539882968,0.08038398049549578,0.011207612612369385,0.6811608149122415,True
6,low_diversity,1,1,token_mean,value,1,0.6275,0.1625895360015759,0.05189029675669359,0.013651935545471346,0.10983167677467466,0.013972142004823725,0.0006946033642055805,0.012957332592288201,0.12521667846062104,0.013297457841793363,0.07654269901681435,0.009987756525250998,0.6808509450682567,True
6,low_diversity,1,1,token_mean,value,2,0.6275,0.16719059193687916,0.05703238899778553,0.015054446941449251,0.14545577863895873,0.015540187738825,0.0008437288799376057,0.014210718461651017,0.1224841460025914,0.014928677446479945,0.07989869775957183,0.009844259231943975,0.6588780006274668,True
6,low_diversity,1,1,token_mean,value,3,0.6275,0.20537413485782252,0.06196152744488508,0.01664363985337132,0.1289317569001491,0.016630633049439254,0.0010592768495288592,0.015584362945942716,0.13069178844593576,0.016448510465810442,0.08565049676350828,0.010116238697347317,0.6982992649596302,True
6,low_diversity,1,2,cls,query,all,0.6275,0.5441972368253013,0.34273769394395726,0.2772558350084258,1.5224584708400988,0.28834649898404546,0.01569622418504547,0.2615596123717048,0.2589564259095665,0.15595846082892972,0.5001129535555506,0.002720825469375334,0.37019582101629955,True
6,low_diversity,1,2,cls,query,0,0.6275,0.5482873902872668,0.33056958332590525,0.19305009538935966,0.8010739599689806,0.20311652811979444,0.015891057714311915,0.177159039134329,0.19515901067629135,0.09567984957754509,0.4554817458417515,0.002862442274239253,0.3970870219125259,True
6,low_diversity,1,2,cls,query,1,0.6275,0.5550889673995727,0.35184856951360927,0.2298314690435707,0.8142220914777657,0.23729190171358286,0.014701000499454412,0.21513046662915836,0.21013633696487563,0.10991321574351091,0.49770477486181774,0.0025838344167409973,0.3661402222387602,True
6,low_diversity,1,2,cls,query,2,0.6275,0.5413011063742353,0.3383649649657807,0.18515016992502573,0.7509781476899483,0.18519461806413526,0.013967560244385491,0.1711826114491983,0.1804014964642722,0.08575312780336913,0.4649195690333427,0.0029200833523645997,0.3749043536374229,True
6,low_diversity,1,2,cls,query,3,0.6275,0.5279478691283667,0.3537318053344738,0.22620108764212546,0.7743538167604921,0.23471741651542544,0.01682715462944047,0.2093739319931377,0.20355069374734852,0.1163641757380532,0.5183414346897091,0.0025169418553229084,0.32998724681192626,True
6,low_diversity,1,2,token_mean,query,all,0.6275,0.2025597962940586,0.05283286443360938,0.03005251479516178,1.249400569416938,0.03060964323626537,0.0012025657620556144,0.028849948366934604,0.25721487816276023,0.030530989531571795,0.08899994627808956,0.010644159237430855,0.7391739851628245,True
6,low_diversity,1,2,token_mean,query,0,0.6275,0.2048377685901741,0.06516237315975842,0.02077092085567241,0.1695415049734095,0.021010780341166695,0.00121619872383731,0.019554721826518125,0.14626483183151145,0.01889545658570805,0.09644206874478843,0.010638444769111547,0.6818830159679634,True
6,low_diversity,1,2,token_mean,query,1,0.6275,0.21312530001837998,0.06969407557716621,0.02012264015310812,0.15550844487448592,0.020095073497179018,0.0012688373191684316,0.018853802657262844,0.14582807524831998,0.01740126075593858,0.09945164516664301,0.009800609285858545,0.6729901350465863,True
6,low_diversity,1,2,token_mean,query,2,0.6275,0.2033806441686684,0.06733497985461556,0.017693577653363834,0.1550385101961709,0.017948349405750703,0.0012472999448866838,0.01644627804952589,0.13586405404829757,0.014239575286176144,0.0878881863016513,0.010680656118149107,0.6689213954953694,True
6,low_diversity,1,2,token_mean,query,3,0.6275,0.19000534301225291,0.06258416699939445,0.01900064333286246,0.1644506652601324,0.019430598521950674,0.001132694438142194,0.017867947843941776,0.14214883736818074,0.020229055513605022,0.0934982726442909,0.01145692736926404,0.6706189099358191,True
6,low_diversity,1,2,cls,key,all,0.6275,0.5583151944316772,0.3597733170605088,0.3038247501945517,1.5187245306182524,0.314607372198602,0.015326450663534079,0.2884982980110429,0.26712789113552987,0.17191625790921125,0.5235997738097818,0.002543259909461168,0.3556089451824235,True
6,low_diversity,1,2,cls,key,0,0.6275,0.5701780629735399,0.36079883355524517,0.24038851641518744,0.8129534703173817,0.2451097966633336,0.015281486832960085,0.22510703585364603,0.21418060123389449,0.11463710329337823,0.5018060409860223,0.00250504789238965,0.3672172659999572,True
6,low_diversity,1,2,cls,key,1,0.6275,0.5934348695117433,0.377954470499019,0.257382907469947,0.7915142555146235,0.26100873064951174,0.017616097688336264,0.2397668104280125,0.21209039620700568,0.11528783580340429,0.5218505110162902,0.0021963693857700987,0.3631070738900358,True
6,low_diversity,1,2,cls,key,2,0.6275,0.5548072730605795,0.354362272105682,0.21065777271015929,0.7719618149576902,0.21583563432688385,0.014454033691436052,0.19620373777367853,0.19477492559479204,0.1081900997673149,0.49897868792820127,0.0028323155446824703,0.3612876230860278,True
6,low_diversity,1,2,cls,key,3,0.6275,0.5192883800926755,0.34462437764483933,0.21874923095703247,0.7996861970557813,0.2195623976990597,0.014919623563235456,0.2038296020843766,0.20162758710682444,0.10576904408707587,0.4832494762509249,0.0026393069737506184,0.3363526108877394,True
6,low_diversity,1,2,token_mean,key,all,0.6275,0.1855209312987534,0.05305978204166938,0.028835450869465686,1.238055965630502,0.02929408608568411,0.0012177954869746993,0.027617654847827824,0.24615931009657646,0.029596944890076398,0.0882282952371924,0.011335126251320948,0.7139957110487731,True
6,low_diversity,1,2,token_mean,key,0,0.6275,0.189594162323898,0.0638518087212255,0.018029712711440923,0.15485089211133599,0.017903557195649934,0.0011814193382054907,0.016848293831571937,0.13787075787682568,0.017336702843887195,0.09093719195779017,0.011425387960943308,0.6632184876444527,True
6,low_diversity,1,2,token_mean,key,1,0.6275,0.16124196258866147,0.06727077563284502,0.02014482887719633,0.18312754934206665,0.02006951862585331,0.0011393145329996266,0.019005513792349535,0.13699814059001067,0.018056082558671183,0.0952230622674111,0.011514000806280157,0.5827961000173567,True
6,low_diversity,1,2,token_mean,key,2,0.6275,0.19217251285116577,0.06605135280046416,0.019257898836113205,0.16061598715264422,0.019692878895790796,0.001282214959660037,0.017975684086030178,0.13886998956599275,0.017776721037848994,0.09404570835416244,0.010668149048631842,0.6562913612332282,True
6,low_diversity,1,2,token_mean,key,3,0.6275,0.19900215209778285,0.06145031888985717,0.017698943767531315,0.16254435017009314,0.018240508985332502,0.001098434279397638,0.016600510105490685,0.13835230350109815,0.016316795986746638,0.08844499462296267,0.011732967612756924,0.6912077671418217,True
6,low_diversity,1,2,cls,value,all,0.6275,0.5696490581678652,0.3654685697906561,0.3112505528822562,1.5201699576081955,0.32051312216380656,0.016658153173259714,0.2945923981341449,0.26794837877407807,0.17306025745218825,0.535612982454917,0.0024821042104370213,0.358432065233119,True
6,low_diversity,1,2,cls,value,0,0.6275,0.5719014613080788,0.39311612425956693,0.251899158998372,0.8059579223597627,0.25391308734840384,0.01744433877650987,0.23445482077923688,0.2081426618642693,0.1200752366234223,0.540693282753729,0.0022033798212016172,0.3126156324895306,True
6,low_diversity,1,2,cls,value,1,0.6275,0.5069335050922233,0.3416933111672378,0.21886091159692322,0.7963218650382916,0.2210480720772667,0.012465195031836629,0.2063957154750824,0.20722288392749783,0.1095996620822698,0.4636180654110073,0.0028306832642887125,0.32596029314520136,True
6,low_diversity,1,2,cls,value,2,0.6275,0.5880165299832698,0.3674899071853639,0.22845548999588858,0.7526102579444615,0.23001019492140273,0.017174136274578897,0.21128135987303473,0.19665057184410414,0.10862447175218726,0.5199135390624215,0.0023862334836105056,0.37503473380957564,True
6,low_diversity,1,2,cls,value,3,0.6275,0.6182185404022068,0.37101479995712033,0.24343604915999142,0.7847770434531917,0.24185774901452148,0.018641158515079456,0.22479488361965527,0.20415522361830965,0.10767709048049003,0.5412757772968787,0.002508120293813673,0.39986465026470763,True
6,low_diversity,1,2,token_mean,value,all,0.6275,0.19123059523787367,0.05310182882516714,0.028583350614727877,1.2464177202092888,0.029021402348423094,0.0011802550579886883,0.02740309548310258,0.2470253335052042,0.029957757450619984,0.08802675388470159,0.010865206660872156,0.7223152040126568,True
6,low_diversity,1,2,token_mean,value,0,0.6275,0.18573228412838452,0.06401136192336251,0.01753218644348002,0.17211497535470055,0.018090139282445163,0.0011966062302235514,0.01633558070964434,0.13700434334639267,0.01740488217713537,0.09036120753048993,0.011880990329452536,0.6553568367300342,True
6,low_diversity,1,2,token_mean,value,1,0.6275,0.18758933872941294,0.0610774851177222,0.018685481948935143,0.16678286421317423,0.018775706918203273,0.0010852550238434394,0.017600225856189023,0.1455101118727625,0.015835547202406965,0.0885113859324755,0.010800393425266851,0.6744085483140221,True
6,low_diversity,1,2,token_mean,value,2,0.6275,0.16613550019930354,0.06359005672287109,0.018032132787549292,0.1633515066301803,0.018434018514455777,0.0011802121073494411,0.016851920698007398,0.13152569488721466,0.018051228222137953,0.09088061922722039,0.010692595080895857,0.6172398033738387,True
6,low_diversity,1,2,token_mean,value,3,0.6275,0.22745337410162508,0.07102040845473763,0.021854541926622104,0.14746513955348362,0.022240169938334522,0.0012534081867091697,0.02060113377361135,0.1403746805304342,0.018175334306549863,0.09865387466232546,0.010086847553876314,0.6877583868111534,True
6,low_diversity,1,3,cls,query,all,0.6275,0.6548315744906982,0.43382797727315,0.3729497686896945,1.5323188318754413,0.3818489658698984,0.020394901956685564,0.3525548658587716,0.2719253192364572,0.20761363690007517,0.6139922160689847,0.01565490197390318,0.3374968554157395,True
6,low_diversity,1,3,cls,query,0,0.6275,0.6645387736183275,0.42703492254702663,0.28246711641492495,0.8699717421343869,0.2878562071703705,0.0202677264936607,0.2621993889862841,0.21195335230172552,0.136643054393306,0.5671661534280924,0.015634645030579784,0.35739652899126284,True
6,low_diversity,1,3,cls,query,1,0.6275,0.6676917970754073,0.4526452313983924,0.32568589255932034,0.8994714455269524,0.3284113153159274,0.021704519929533653,0.3039813732559031,0.22818199170600953,0.1417015862858564,0.6173443310015853,0.015043443238193338,0.3220745958224317,True
6,low_diversity,1,3,cls,query,2,0.6275,0.635594333952508,0.42326730193002593,0.259421036415958,0.8387314343218611,0.2574165586600409,0.018419718158177355,0.24100131676955658,0.2008550392810622,0.12852907215463924,0.5785960060225075,0.01738113672895865,0.33406061174602486,True
6,low_diversity,1,3,cls,query,3,0.6275,0.6492796864364299,0.4405526559640235,0.3070004879523633,0.8320704316899371,0.3135893814584773,0.02047298810529438,0.28652750091119245,0.22153327529680886,0.15368321381575972,0.6259047910904573,0.014560383067212322,0.32147475861751384,True
6,low_diversity,1,3,token_mean,query,all,0.6275,0.21481930792035928,0.07211551635483983,0.050096167644810445,1.309263450540831,0.05086144093989036,0.001921331232138486,0.0481748359108513,0.2801629607206951,0.039988642644508424,0.11253486861762334,0.012571842621334574,0.6642968592861519,True
6,low_diversity,1,3,token_mean,query,0,0.6275,0.2179147843908957,0.08244609430578437,0.030464735922773732,0.23097902576760643,0.03023444393627051,0.002013399450912733,0.028451336547732353,0.15429835347582496,0.022916700855467566,0.11504995540954076,0.012208807705478235,0.6216590143884295,True
6,low_diversity,1,3,token_mean,query,1,0.6275,0.23025470310243606,0.08703130690259353,0.03110911904873993,0.1827797525944293,0.03053855337649781,0.002056131734703244,0.029052988287400116,0.15838538676093583,0.023478422453755334,0.1215114260361246,0.011708203491500833,0.6220215885715268,True
6,low_diversity,1,3,token_mean,query,2,0.6275,0.22182419777732748,0.08261566271472795,0.026714999722701815,0.2137978423462363,0.026689980203879027,0.0017887609481642191,0.02492623831230131,0.14731257781257348,0.015379805550080375,0.105464197555986,0.012842233885418285,0.6275624411469323,True
6,low_diversity,1,3,token_mean,query,3,0.6275,0.19110744865324658,0.0775238846607829,0.02863277083156956,0.23114009916242553,0.028756831452285084,0.0018188082057432357,0.026813962158154358,0.15447341921994007,0.022467372587092607,0.11029532645963641,0.013528126842257652,0.5943439923085074,True
6,low_diversity,1,3,cls,key,all,0.6275,0.6748772555430752,0.45521322267546743,0.40096251936002303,1.5316855323293959,0.4127735124091921,0.018803816331042486,0.38215870613401587,0.2767914665175042,0.2361020111401216,0.6401136766304498,0.014397538521073082,0.32548738465166327,True
6,low_diversity,1,3,cls,key,0,0.6275,0.6878826491599193,0.4581405240452705,0.3060976967336572,0.8259111893426905,0.31527626791564417,0.016296848019754343,0.2898008457639001,0.21525796436867264,0.15081993244826394,0.6181087548953781,0.014084729704667221,0.3339844745251572,True
6,low_diversity,1,3,cls,key,1,0.6275,0.7229493478298248,0.48883766259690814,0.35207161127125297,0.8232804038066025,0.3510440467125439,0.021948570766570894,0.33012302761728113,0.22378411158267494,0.18090787090794366,0.6617662416839288,0.012798500628295269,0.3238286139072972,True
6,low_diversity,1,3,cls,key,2,0.6275,0.6730894386620885,0.44063880448626613,0.30872560738049803,0.8303909013138102,0.31521498348885335,0.018507447876882823,0.2902181622656909,0.2204186706701846,0.161611021398047,0.6170599112379042,0.016002419066022743,0.345348806301089,True
6,low_diversity,1,3,cls,key,3,0.6275,0.6194019560811389,0.436625494784287,0.29296782811987926,0.8804005457285247,0.29480314279901254,0.019430194346403532,0.2735376303846186,0.21774409872189382,0.14263560713738369,0.584210964705385,0.014704504727639935,0.2950853795381121,True
6,low_diversity,1,3,token_mean,key,all,0.6275,0.20228001470925003,0.06872478308016267,0.04671289333622375,1.3094107629295135,0.047132212444781434,0.0019028237676882948,0.044810070571574295,0.2727458066180459,0.03819472759434147,0.1084509147620889,0.013555536681616848,0.6602492679321524,True
6,low_diversity,1,3,token_mean,key,0,0.6275,0.21144265121855896,0.07704057564077044,0.028173364765809963,0.2058129402073125,0.027632088072910496,0.0018075257804329422,0.026365837674926628,0.15421457715951778,0.02248068643003576,0.10892140572391007,0.01337176218459552,0.6356431628302986,True
6,low_diversity,1,3,token_mean,key,1,0.6275,0.178717871569955,0.08014838480009358,0.028067934674198047,0.226984331828418,0.027722258916466912,0.0016978469211608171,0.026370086876506157,0.14691303433432698,0.01888805997309577,0.1100346150568104,0.013383221516216343,0.5515368211582503,True
6,low_diversity,1,3,token_mean,key,2,0.6275,0.21684824148967327,0.0802200375323259,0.027945611847968968,0.19577867657444753,0.028143271096584353,0.0020089610241649843,0.02593665129759095,0.14918220116382647,0.023185898964637314,0.112530168535799,0.013020471119406548,0.6300636934787127,True
6,low_diversity,1,3,token_mean,key,3,0.6275,0.20233128439914136,0.07214783765740387,0.02492287123792962,0.21550583459514064,0.02532608574056946,0.0016645298376467756,0.023258342026648195,0.14993456339873568,0.017305660382992447,0.10198268999127907,0.014446691567586227,0.6434172902541508,True
6,low_diversity,1,3,cls,value,all,0.6275,0.6872049992637639,0.470561261880426,0.42331525393704283,1.5416469845611618,0.43154218000540207,0.021704718047244984,0.40161053159020166,0.28027589137714154,0.23775464628395293,0.6585830520123427,0.013898419639603659,0.31525343618780255,True
6,low_diversity,1,3,cls,value,0,0.6275,0.6862208651273396,0.49268431487748104,0.3328796211029662,0.8361551668815828,0.3365623762539224,0.021339099134572527,0.3115405223586343,0.21845381513532597,0.16807787425243748,0.6602015657092816,0.01261724303053184,0.28203244769298097,True
6,low_diversity,1,3,cls,value,1,0.6275,0.6408263480451591,0.45257288063243784,0.32472955648761376,0.855394349941912,0.3281286484151554,0.01850335266102444,0.30622620474208484,0.22725857255600257,0.1633052762309277,0.5953081675265107,0.01503249029205604,0.2937667403766848,True
6,low_diversity,1,3,cls,value,2,0.6275,0.6949832037477605,0.47680495521973915,0.3197117097725656,0.8228325682081021,0.32195451141511267,0.020990042058242994,0.2987216731364077,0.21290160604262373,0.16083098906180432,0.652403886018571,0.013370383954183622,0.3139331243567832,True
6,low_diversity,1,3,cls,value,3,0.6275,0.7268375505284891,0.47212801435673774,0.32932148904762953,0.813363444770768,0.32184709259248406,0.025545319013128228,0.30377617275173013,0.21346795651487566,0.1492267821061717,0.6539223955473182,0.01457356068898331,0.3504353015148297,True
6,low_diversity,1,3,token_mean,value,all,0.6275,0.20941952103966646,0.07146203845744098,0.04732711525447309,1.3098283501209043,0.04779414274525742,0.0020564346156210045,0.04527068070390008,0.2700868960752383,0.03946720543308793,0.11206770732077653,0.012465049555017189,0.6587613317867094,True
6,low_diversity,1,3,token_mean,value,0,0.6275,0.1994730736133192,0.07810154708454324,0.02513137012963953,0.21967813524367152,0.025519754959017458,0.0017417868657503277,0.02338958353820172,0.142214206801769,0.020873311601734102,0.1084366590402006,0.013412023513493214,0.6084607026412799,True
6,low_diversity,1,3,token_mean,value,1,0.6275,0.22456817952491648,0.0788246286035068,0.028887695580065886,0.19324327540526476,0.02905517156477342,0.0018246933839029887,0.027063002132556656,0.15684248117516286,0.02180840177026212,0.11156229599418964,0.012517246544699778,0.6489946671417846,True
6,low_diversity,1,3,token_mean,value,2,0.6275,0.1738227163869005,0.0798609371751585,0.026269470752354127,0.18769175701203833,0.025699648998823262,0.002144153602950444,0.024125316772948612,0.14121365108814535,0.020946371167980565,0.1111578652348531,0.012519593646919186,0.5405609874522883,True
6,low_diversity,1,3,token_mean,value,3,0.6275,0.24137884612852042,0.08677509234020554,0.030335409041817276,0.2083724761674116,0.03017454045235862,0.0019310712840789083,0.02840433663434603,0.14820884558687575,0.02011999780060951,0.11921274420131721,0.011411334768953648,0.6405024974972215,True
6,low_diversity,1,4,cls,query,all,0.6275,0.8064427813775275,0.5293674559470926,0.48165843172645617,1.5558879711744427,0.5145006324646454,0.025231380735270002,0.456427047198469,0.28882122969971014,0.27295288186081507,0.7290557239339263,0.06398209489204666,0.34357716607884803,True
6,low_diversity,1,4,cls,query,0,0.6275,0.7965366927119455,0.5247150427887799,0.3932818575664822,0.9191356020992525,0.4118096181111493,0.026272986084222794,0.36700886487960815,0.2368259750514157,0.19077436044463073,0.6860185468978974,0.06051172417673198,0.3412543984605433,True
6,low_diversity,1,4,cls,query,1,0.6275,0.8218349917448914,0.5688967858603049,0.4416620437356414,0.9613103792729927,0.4578491848905007,0.028518024578013203,0.4131440127437765,0.24824845794742775,0.19724360807732969,0.7513670000379981,0.06097735396840356,0.3077724949962971,True
6,low_diversity,1,4,cls,query,2,0.6275,0.769422913232151,0.5109951459559711,0.35089506659237696,0.8905266535593609,0.36443469179914273,0.025063340679149736,0.325831722129475,0.2240726331740985,0.17875992119160303,0.6846420948423667,0.07296707887541164,0.33587220088181446,True
6,low_diversity,1,4,cls,query,3,0.6275,0.8403104799748717,0.5223030779115825,0.39857272247176534,0.8795547477866318,0.4477181693373515,0.022465109105475924,0.3761076141487468,0.24191143520474737,0.18425725475045238,0.7203227882110349,0.06147222119298848,0.3784403617967478,True
6,low_diversity,1,4,token_mean,query,all,0.6275,0.22883083771934742,0.09029025338688218,0.0642469353439734,1.3447094107183,0.06489091012581377,0.0026439132846214556,0.061603023585948075,0.2730507821279286,0.045419138094296756,0.13251930195214473,0.01607916478744962,0.6054279471824517,True
6,low_diversity,1,4,token_mean,query,0,0.6275,0.2348752868202048,0.09947899431288328,0.038084106580867395,0.28882300590442606,0.0372105558613062,0.002738369340394539,0.03534573722969402,0.1522972440152419,0.026218277244188775,0.13229199734676345,0.015048221684992313,0.5764603604761804,True
6,low_diversity,1,4,token_mean,query,1,0.6275,0.2415913406071141,0.10321064609476925,0.040881379190050256,0.25731223098123196,0.03997152360065223,0.002760953608561646,0.0381204266609116,0.16287559785524727,0.02554475688822327,0.14171972577148406,0.015146084172143177,0.5727883050965196,True
6,low_diversity,1,4,token_mean,query,2,0.6275,0.23327737602655263,0.09402782803977527,0.03235045756075193,0.24120859741985062,0.03174443190128528,0.0021044576371257954,0.030245999720963566,0.14649816261270135,0.016759558229538344,0.1182194734113348,0.01730354367332025,0.5969269303291862,True
6,low_diversity,1,4,token_mean,query,3,0.6275,0.2069943112222677,0.09368460728984075,0.03762641939538818,0.29137163012630624,0.037617189097277764,0.002373327019582079,0.035253092223270374,0.15918118803503664,0.02355326761073706,0.12716201047153222,0.016818807799030434,0.547404917861518,True
6,low_diversity,1,4,cls,key,all,0.6275,0.8114520171771019,0.5480607495362965,0.5184230570887443,1.5551922130998412,0.5506292344807928,0.023958632383834232,0.4944644177501852,0.2963836416317125,0.3037031383176691,0.7510167094219113,0.05730018121275035,0.32459253543678046,True
6,low_diversity,1,4,cls,key,0,0.6275,0.8355699217950541,0.5309311540907098,0.368449655229219,0.87762886994689,0.3938395325960247,0.019768890374424784,0.3486807630820708,0.221131810806747,0.16059764470783802,0.709277805316782,0.05714255164970051,0.36458800126491997,True
6,low_diversity,1,4,cls,key,1,0.6275,0.8746069792337097,0.6143396693258114,0.4793412227208355,0.8821015433587133,0.49762604133359417,0.027874529531056232,0.4514667026021264,0.24831955412491957,0.23101476188477313,0.802083615951835,0.05238420990380374,0.29758201808077556,True
6,low_diversity,1,4,cls,key,2,0.6275,0.8072786750948665,0.5351309367543938,0.42289700106426553,0.9300381448962242,0.44304298058981006,0.022498460063202816,0.40039853751659393,0.24985119851881912,0.21250468705062286,0.7236075545904738,0.06339220093055205,0.3371174623292156,True
6,low_diversity,1,4,cls,key,3,0.6275,0.7275817027590233,0.520516102408492,0.3864861690926537,0.9219355000955874,0.4047555999699648,0.024368062573061747,0.36211810464208777,0.23957480129197714,0.1816211743434395,0.6957891623936016,0.05628175525502725,0.2845942930743435,True
6,low_diversity,1,4,token_mean,key,all,0.6275,0.21655991379780978,0.08544154022418428,0.06150713305465239,1.3460367929795805,0.061795077745905265,0.00253741787111556,0.058969716795466164,0.273658653548995,0.045451130264684614,0.1284626098647402,0.01683868332342668,0.6054600377059791,True
6,low_diversity,1,4,token_mean,key,0,0.6275,0.22685377282288435,0.09329397682613189,0.037440439007215075,0.24658612590184942,0.036588562660625455,0.0025055311429737644,0.034934906966306946,0.16006173585887404,0.02286165795384319,0.12805209883535365,0.01608620829541575,0.588748400940323,True
6,low_diversity,1,4,token_mean,key,1,0.6275,0.2023020581223663,0.0961854631754434,0.038297196316066075,0.28456310168773197,0.03754307032429759,0.002335337720896033,0.03596185892820358,0.1556429037547375,0.02321158930234207,0.12934590638706553,0.016185429539870132,0.5245453058254911,True
6,low_diversity,1,4,token_mean,key,2,0.6275,0.22517034080876666,0.09425807436725772,0.03585572104311044,0.2681199377303759,0.035675997076903526,0.0024970620817674153,0.033358658833259884,0.15453904780017902,0.029757533586482084,0.12913509362015005,0.016860614276745102,0.5813921405958633,True
6,low_diversity,1,4,token_mean,key,3,0.6275,0.21202757322685095,0.08444301180419861,0.031667595201204206,0.2594819313181109,0.03178403729409601,0.0021911022062836723,0.02947649291970513,0.15312716491942469,0.021403882578265716,0.11667433008513627,0.018222480504350227,0.6017357057902466,True
6,low_diversity,1,4,cls,value,all,0.6275,0.8311839142279992,0.5795319300427442,0.5502555989731731,1.554807155775655,0.5806227647600092,0.02565264350480654,0.5246029631658033,0.29679036552061433,0.3132832095442138,0.7746174961482848,0.05473729561675678,0.30276329928616164,True
6,low_diversity,1,4,cls,value,0,0.6275,0.8287695578656212,0.5997206146987091,0.44874490500866243,0.9062077462510355,0.47463110051911794,0.026245940391990272,0.42249895632267,0.23999517819495814,0.22091418203027322,0.7698146019155576,0.04937152462926778,0.2763722931097944,True
6,low_diversity,1,4,cls,value,1,0.6275,0.82885361464411,0.5710878438156342,0.44638598091837683,0.9221126561832225,0.47985369346491763,0.024782819080759178,0.42160315134308557,0.24726595957085867,0.23580175055090072,0.7382529750773889,0.05658167194236408,0.31099070604783974,True
6,low_diversity,1,4,cls,value,2,0.6275,0.8348538825236352,0.5942977770017026,0.4419278286379465,0.9401135280107618,0.4544624153727922,0.022538673513653604,0.419389165260575,0.2395604661078991,0.21880526528510727,0.770264688250715,0.054161167957566,0.28814156651553013,True
6,low_diversity,1,4,cls,value,3,0.6275,0.8302104185691749,0.5638853743449229,0.4251418861872088,0.90727129917967,0.43380434949923286,0.027475390329279682,0.3976665044372732,0.23569941085189275,0.19540371751853133,0.7367333194776767,0.05883481726050377,0.32079222118562367,True
6,low_diversity,1,4,token_mean,value,all,0.6275,0.22528823939959733,0.0913848867659779,0.06483484536773372,1.344280117467712,0.06513840553369735,0.0029918977895497596,0.06184294667433609,0.26914895521731036,0.04701793956073657,0.13539335915646034,0.01491332837295803,0.5943645926235542,True
6,low_diversity,1,4,token_mean,value,0,0.6275,0.21449080535203927,0.09375603898859684,0.03308830877603133,0.2501445976479785,0.03303406106262962,0.0024549300274388356,0.030633378435264935,0.14349483823409595,0.02116548699244326,0.12703594436977705,0.015506409955295649,0.5628901722163939,True
6,low_diversity,1,4,token_mean,value,1,0.6275,0.2523721932108933,0.09666200339522359,0.03981513562296049,0.24228461312611682,0.03997198572627313,0.0026097098757004874,0.03720542678440159,0.16152308576410188,0.029412808657387973,0.13411736383039666,0.014859087426554073,0.6169863162600939,True
6,low_diversity,1,4,token_mean,value,2,0.6275,0.18585820535367803,0.09889518200140325,0.03460528654874709,0.23066007512312903,0.033210066157389834,0.0031288438476622105,0.031476442109454765,0.1435504501928625,0.022633637926230396,0.13033957826627515,0.015469306698915634,0.4678998335682242,True
6,low_diversity,1,4,token_mean,value,3,0.6275,0.24903015410035792,0.10335215714553957,0.03967414876825984,0.30622794440442136,0.039111312474136656,0.0026685427080585873,0.03700560602274808,0.15325328428862908,0.0247755389475099,0.13812709223040429,0.0138185106810521,0.5849813548929133,True
6,low_diversity,1,5,cls,query,all,0.6275,0.9727346336118267,0.608531674255966,0.517333999802406,1.5862690333728198,0.5942294096265476,0.028044154444201427,0.4892898594791239,0.2776511815132348,0.2919204444578382,0.8031597897344888,0.21136098287322305,0.37441142401145056,True
6,low_diversity,1,5,cls,query,0,0.6275,0.9648844180689281,0.6203187999691729,0.44823217471277965,0.9787774734844418,0.4886201413623655,0.02772277428514578,0.4205094020475041,0.23413341469922277,0.205804757261033,0.7686395062303903,0.1930785531347448,0.35710558865625763,True
6,low_diversity,1,5,cls,query,1,0.6275,0.9966158449530611,0.6425693565095053,0.4896838743229383,0.9961889896647727,0.5402777542625853,0.030945257918739862,0.45873861556703394,0.2511056448063669,0.1983261754204594,0.8254381918606616,0.1994908316568895,0.3552487051419806,True
6,low_diversity,1,5,cls,query,2,0.6275,0.9212151512600073,0.5926169971308177,0.4011758252019035,0.951861048325582,0.4430683534218886,0.027642945335669952,0.37353288720954547,0.22202870155424012,0.1938896263716993,0.7581026480721764,0.2505431568080729,0.35670077036807746,True
6,low_diversity,1,5,cls,query,3,0.6275,1.014347756795171,0.5832938131197352,0.45894574357098783,0.9706894549747055,0.5249206896456581,0.026314528108659117,0.43263120542873035,0.24854491520965655,0.1887963332920547,0.7848758445403857,0.202331389893185,0.4249567673293325,True
6,low_diversity,1,5,token_mean,query,all,0.6275,0.2432036843103858,0.1039216496774371,0.06860055016423117,1.3692512620467046,0.0689227607391379,0.0031638092689470136,0.06543674116784876,0.25330228030688046,0.044548380394030786,0.14440465004547987,0.021933531303974716,0.5726970585494571,True
6,low_diversity,1,5,token_mean,query,0,0.6275,0.25601153551172334,0.11537533576524338,0.04224509169300255,0.2899856210022835,0.04122418340986758,0.0030518851126544178,0.039193207059394226,0.14295755479446273,0.027104685498167972,0.14538274616152802,0.01957134030420672,0.5493354018809044,True
6,low_diversity,1,5,token_mean,query,1,0.6275,0.2481182507546964,0.11390041978649226,0.04334384823875164,0.2737650832349201,0.04202985960268801,0.0032052306818183174,0.04013861851258711,0.15231776145540146,0.02451797389996209,0.15262590839131154,0.0206824295561422,0.5409430002023488,True
6,low_diversity,1,5,token_mean,query,2,0.6275,0.23921667027969687,0.10027889751493792,0.03283330340877553,0.2725538160978775,0.03171603011238837,0.0024065524763004346,0.03042675055224787,0.13616283097986231,0.01674812361823405,0.12593989451025558,0.025267775339836426,0.5808030544121785,True
6,low_diversity,1,5,token_mean,query,3,0.6275,0.23215018953551125,0.10758545596162049,0.041026818275349757,0.32930641622977236,0.04053047078893732,0.0028411008586937733,0.038185717199336396,0.15231527391295288,0.02189129627035395,0.13969507982656545,0.02221257993104783,0.5365695967042772,True
6,low_diversity,1,5,cls,key,all,0.6275,0.9412057465166154,0.6257233486872776,0.5740360377834777,1.5956122770937256,0.6543152693133106,0.029141113627701998,0.5448949364098635,0.2920775186378815,0.32830542730265627,0.8368812300498659,0.17436065050688657,0.3351896213946123,True
6,low_diversity,1,5,cls,key,0,0.6275,0.9498014286156498,0.6032048712781422,0.412594681156237,0.9450203640842719,0.4797859700990781,0.024122427429326555,0.38847225362604315,0.22157035016247148,0.17515671007385114,0.7617731066042271,0.17482877454974435,0.36491475680624885,True
6,low_diversity,1,5,cls,key,1,0.6275,1.0052076200219457,0.6782821359368381,0.512712784262605,0.904569171456944,0.5620355906824919,0.03242348820309748,0.48028928718783637,0.24559392410457226,0.23284145695573813,0.8727630977868918,0.16896765679121017,0.3252318004493143,True
6,low_diversity,1,5,cls,key,2,0.6275,0.9413631202068621,0.6133654203361686,0.45404067269861026,0.9320064882397585,0.48978575221946824,0.02662851627577435,0.42741215093569324,0.23839191978296237,0.23170454367457485,0.7969452754137801,0.19519816474481064,0.34842845744649187,True
6,low_diversity,1,5,cls,key,3,0.6275,0.8559271734828027,0.6124326190830643,0.4662941869864998,0.9494962838017017,0.498716269044753,0.02971075085753744,0.43658342957496643,0.24366213142541104,0.20888721595783158,0.8132178124115702,0.15844799849120053,0.28448045808494316,True
6,low_diversity,1,5,token_mean,key,all,0.6275,0.22725803730167937,0.09928088770236744,0.06969745259626597,1.3654722048959431,0.069862268638955,0.0029892181310887363,0.06670823388478973,0.2637787358075686,0.04838781863411661,0.14250080398004025,0.021607127802615814,0.5631358570144891,True
6,low_diversity,1,5,token_mean,key,0,0.6275,0.23378848105877983,0.10598954850214444,0.0424937926296005,0.29145348415691275,0.04151579402159842,0.002891863786234436,0.039601928469809616,0.15645884096502627,0.025179752839500708,0.14197435927705848,0.02035541459918022,0.546643410222182,True
6,low_diversity,1,5,token_mean,key,1,0.6275,0.22238131635781555,0.11011445220488217,0.044476452430424945,0.30589443742241446,0.043361104843028166,0.00278659321537072,0.04168985927985473,0.15424955179992303,0.024279629671447495,0.14327240347887507,0.020411589606241745,0.5048394621978672,True
6,low_diversity,1,5,token_mean,key,2,0.6275,0.2294472115425109,0.10510360433276121,0.04013933038867864,0.3298270061762697,0.03988829068857889,0.0027998989733698017,0.037339432080360974,0.1528662821831073,0.029173877972490325,0.14045412633109955,0.022462537088854748,0.5419268614066897,True
6,low_diversity,1,5,token_mean,key,3,0.6275,0.22341822828696092,0.09491482055348904,0.036506186865464724,0.3055389871364216,0.03616713570827626,0.0025238372300836172,0.03398234998299317,0.15241478284732143,0.024287499629453296,0.12573754295110237,0.0231989710168405,0.5751697554794886,True
6,low_diversity,1,5,cls,value,all,0.6275,0.9828793850528578,0.6630854363674992,0.6009643819685941,1.596853749723351,0.669659638041509,0.028195435308258642,0.5727689239111814,0.2912349375995114,0.33862108829661275,0.8654321358995123,0.1671312986449762,0.32536438707396487,True
6,low_diversity,1,5,cls,value,0,0.6275,0.9670586985701778,0.6675726422066455,0.5024779204973338,0.9268555247500836,0.5511193734132077,0.028082571881399912,0.47439535504037683,0.2437693867118293,0.23059517340634783,0.8525573375522516,0.14800780808383768,0.3096875678863449,True
6,low_diversity,1,5,cls,value,1,0.6275,1.0197316128622318,0.6577091022139155,0.5138811800251211,0.983165086743938,0.5881633822071449,0.02544656273146922,0.488434605977752,0.24946342793952556,0.27639763980230664,0.835691969585055,0.1697171926498413,0.35501744388621437,True
6,low_diversity,1,5,cls,value,2,0.6275,0.9873101702128415,0.6833052556554865,0.48181739241467797,0.9553048880205446,0.5228077706539687,0.024119976230643013,0.457697410475124,0.2322511104674174,0.2315203471464815,0.8550283782885231,0.17171349105509845,0.3079122688382907,True
6,low_diversity,1,5,cls,value,3,0.6275,0.9518129913538291,0.6507517708634483,0.46125800835675207,0.9690045156868866,0.5025477667639316,0.027231580662456425,0.43402643366293475,0.23346693969376212,0.20032540156846793,0.8122468193921212,0.17908669330857016,0.31630291162779867,True
6,low_diversity,1,5,token_mean,value,all,0.6275,0.2415489940133666,0.11078050023581489,0.07806403585529417,1.3572526801771903,0.07798705023641611,0.003820785199588334,0.074243252588944,0.2605398127139049,0.05140575612712534,0.15487321145274213,0.017958992838182232,0.5413746155792948,True
6,low_diversity,1,5,token_mean,value,0,0.6275,0.23312602937634103,0.11011679095209238,0.04158480340553598,0.29254167799536906,0.04144625040410066,0.003152628164653751,0.03843217393891378,0.14528612362201712,0.0230529831071581,0.14362159031575003,0.01783389530398629,0.5276512397749966,True
6,low_diversity,1,5,token_mean,value,1,0.6275,0.26630891274924656,0.11150557010763694,0.04868661618745371,0.31254180750738664,0.048541793353130115,0.0032135901591655884,0.04547302746637301,0.16324571408701308,0.03288444915575758,0.1503572640617395,0.017967653630132027,0.5812923835086612,True
6,low_diversity,1,5,token_mean,value,2,0.6275,0.20649849952858643,0.11976483841352836,0.0423854413846199,0.29099902690961227,0.04019661496475833,0.003917089949192648,0.03846835074099628,0.14336159971342421,0.02390469526401894,0.1488990407591155,0.019172365438531746,0.4200207813280076,True
6,low_diversity,1,5,token_mean,value,3,0.6275,0.2606825026799313,0.11954278619566684,0.04656873702159243,0.33765762624667545,0.04556591767837748,0.0033898346962153232,0.0431789035316218,0.15182122076625204,0.026537585045142628,0.1533572528314238,0.016862057234075935,0.5414238202920634,True
6,low_diversity,1,6,cls,query,all,0.6275,1.2094166534418147,0.7524320979809681,0.3922956895521905,1.6354114768453782,0.4850257390892547,0.026329051872546024,0.36596663702617993,0.21280137850996741,0.1627928278147059,0.8812957615455194,0.538919061422348,0.3778553521322354,True
6,low_diversity,1,6,cls,query,0,0.6275,1.2237750880537723,0.7745248063794826,0.31997570509709683,0.9798063449078875,0.3857803671012885,0.02821961115114391,0.2917560921473937,0.18109535650150235,0.10511623685314316,0.8481967448407454,0.5432043265212666,0.3671019994276512,True
6,low_diversity,1,6,cls,query,1,0.6275,1.22820461694762,0.7485211137976268,0.3761933880866485,1.0138361431007332,0.4820955254699832,0.02650817521763119,0.349685207686641,0.200707880303947,0.13632293417422084,0.8942382070990099,0.49409138885411347,0.39055666827089497,True
6,low_diversity,1,6,cls,query,2,0.6275,1.1832244221426287,0.7613836180179859,0.33615799148134956,1.0191000637470675,0.4009266237192104,0.026242713909596205,0.30991527844559064,0.17899000969416964,0.10038464277012075,0.8697430817311234,0.6581052609465339,0.35651799965450093,True
6,low_diversity,1,6,cls,query,3,0.6275,1.2054104540477688,0.7113163341559138,0.37063910976007985,0.9675272987422691,0.45321495823995694,0.02483637152578343,0.3458027426492084,0.19720830449149832,0.12399271676059691,0.8591222862795985,0.4602752504023639,0.4098969925411604,True
6,low_diversity,1,6,token_mean,query,all,0.6275,0.25220102552088614,0.12205526050483996,0.06304250679493294,1.3761442503237205,0.0628288354514246,0.0033596640039997346,0.05968284234404564,0.21577760479937017,0.036205809063661866,0.15348353159043424,0.032571177929639816,0.5160397930470275,True
6,low_diversity,1,6,token_mean,query,0,0.6275,0.27134703909955254,0.13738567407843255,0.03992248629617105,0.31988224482576816,0.03888456228689275,0.0030165231331590226,0.03690596365115859,0.12173500828157784,0.021314413688711096,0.15471010184673453,0.02947901612655683,0.4936901669008884,True
6,low_diversity,1,6,token_mean,query,1,0.6275,0.2547174432994297,0.1292861927317384,0.04017036945078611,0.3100931466465938,0.038670962005400794,0.0033890635981647806,0.036781305108558045,0.13208579695762301,0.020908077887487966,0.16156349322959343,0.030233086002143948,0.4924329050376117,True
6,low_diversity,1,6,token_mean,query,2,0.6275,0.23623836105835377,0.11419882699353323,0.030322222693121025,0.30464576487149014,0.02880104796708278,0.002711510571481829,0.02761071226136251,0.1173616104155525,0.013973333519135432,0.1358234085907144,0.03874976035546173,0.5165949065938333,True
6,low_diversity,1,6,token_mean,query,3,0.6275,0.25178427443016804,0.12181149653993974,0.038746526967875665,0.3512843288488278,0.0373938069110947,0.0032294557683847165,0.03551707264374603,0.13484108991849372,0.018602586692073868,0.1476533168996618,0.03182284982705658,0.5162068925248786,True
6,low_diversity,1,6,cls,key,all,0.6275,1.1165925601655862,0.7381746480589925,0.5151446231936951,1.6251120267584631,0.6288360831845435,0.027738050727004356,0.48740657893094147,0.2465696906408209,0.25682632278948603,0.8980700784167355,0.3213056393645026,0.33890420338326077,True
6,low_diversity,1,6,cls,key,0,0.6275,1.1412272659442497,0.7276085087554339,0.3820166788694456,1.000483921032165,0.4984241407696964,0.024835588071833958,0.35718108171766455,0.1986289667352527,0.12835224296832223,0.8357274670361868,0.3574256504123861,0.36243329399126145,True
6,low_diversity,1,6,cls,key,1,0.6275,1.157221485663028,0.7680729851310225,0.47392417878581217,0.9831458621330963,0.5566165180396916,0.03179613483900374,0.44212805276567285,0.22025683470839497,0.21045522322872154,0.9165734340063768,0.3165578991174698,0.3362783229945334,True
6,low_diversity,1,6,cls,key,2,0.6275,1.1076524014835145,0.7292036360281923,0.43184618760147336,0.9914791866371583,0.5244331560564081,0.026235174980353226,0.40561100569638336,0.2108738418722952,0.18541364096833635,0.8716236271428391,0.3483356007120826,0.3416674445416754,True
6,low_diversity,1,6,cls,key,3,0.6275,1.0396086669438203,0.7179243912938793,0.4476792790934285,0.9860798771156041,0.5024245942864134,0.028645483861592682,0.4190338132056323,0.21252413179021384,0.1991867030846833,0.8813355161544981,0.26290341398932715,0.30942823571835854,True
6,low_diversity,1,6,token_mean,key,all,0.6275,0.23952309644452005,0.11549674298353735,0.07396544544550197,1.3887607160047555,0.0740897961560881,0.003346541605424136,0.07061890309507196,0.24558444710699276,0.04727755145590387,0.15513689574614117,0.02766029460524971,0.5178054029111574,True
6,low_diversity,1,6,token_mean,key,0,0.6275,0.24104637790144204,0.12234274129112609,0.04494581451710016,0.31444654245218795,0.043513180055234434,0.003234392243691466,0.041711421090770855,0.1461324551219748,0.025159386942125536,0.1544907572466141,0.026751879179342228,0.49245144292875853,True
6,low_diversity,1,6,token_mean,key,1,0.6275,0.2380411502206861,0.12496212344657733,0.04838815954271487,0.3251646684589366,0.047213665041111484,0.003140525008678775,0.04524763436480002,0.1491394226646196,0.021397117407908464,0.15276658133405233,0.02594190217893232,0.4750398268084072,True
6,low_diversity,1,6,token_mean,key,2,0.6275,0.23950195993897536,0.11873497006409856,0.040911834059868486,0.33885156273895906,0.04044870432516315,0.003061542827212675,0.03785029079087756,0.13847673547448078,0.027503588034666918,0.15066345157051134,0.029436895369806072,0.5042421778328996,True
6,low_diversity,1,6,token_mean,key,3,0.6275,0.2389414428637389,0.10857205056066889,0.03998508675173049,0.3145413010963904,0.039325682481835655,0.00285073317354545,0.037134353325448254,0.14603837833139496,0.024162052014037188,0.13766743060781642,0.02851050084626133,0.5456123087756515,True
6,low_diversity,1,6,cls,value,all,0.6275,1.16085891342728,0.7693045833508172,0.5302935006362193,1.6223593902006612,0.6412037731324276,0.02677646211602471,0.5035170357335698,0.24889994817850394,0.26507740343578706,0.9366848468089591,0.30882536416704004,0.3372970871373604,True
6,low_diversity,1,6,cls,value,0,0.6275,1.1233509805446333,0.7521232695639113,0.5030024431976432,0.991893132825846,0.6046930147744424,0.026184079660610718,0.4768183705481616,0.22680060788222534,0.21867146946650987,0.9219433493264596,0.24898631193421103,0.3304645808923762,True
6,low_diversity,1,6,cls,value,1,0.6275,1.2102528888567934,0.7613092592069823,0.4826571788375189,1.0554899360649923,0.5904527313615578,0.02731112822551619,0.45534605803814804,0.22561776561188343,0.21296875634328624,0.910721118968561,0.3121536116708409,0.3709502648441384,True
6,low_diversity,1,6,cls,value,2,0.6275,1.1568813889092926,0.7740509911768799,0.4247950287194114,0.9854497523278254,0.4918327281974566,0.02439894082702019,0.40039609508080914,0.19924741283962366,0.14807674342263727,0.9076751980972286,0.33267908746545966,0.3309158582742394,True
6,low_diversity,1,6,cls,value,3,0.6275,1.144998782652259,0.7741720748886393,0.3998440656679066,1.0377576610193875,0.4533541770285698,0.027411212975328617,0.37243284014138306,0.20202121163386497,0.1484725827483888,0.8960534054182195,0.34148241037672217,0.3238664646477981,True
6,low_diversity,1,6,token_mean,value,all,0.6275,0.25706019993290724,0.12950403578979694,0.08477886222949362,1.3999894088553708,0.08421490741615453,0.004348261303014376,0.08043060180815784,0.2450042391063623,0.051120902008039724,0.16981651393147426,0.022285737097263336,0.49621125392574383,True
6,low_diversity,1,6,token_mean,value,0,0.6275,0.255538609724246,0.12756806603813606,0.047632568532359025,0.322338360431262,0.04716851742394253,0.003729715139012445,0.04390285384248604,0.1411334247722594,0.023642910924221317,0.15946576856975117,0.021058714609931816,0.5007875084872854,True
6,low_diversity,1,6,token_mean,value,1,0.6275,0.27111717275238667,0.12514348133730688,0.05226494904261632,0.3392177582201544,0.0519628264214103,0.0036143325322138316,0.048650618219240147,0.156837371356475,0.03167169848794112,0.1622753889461037,0.022376778958873314,0.5384155121313494,True
6,low_diversity,1,6,token_mean,value,2,0.6275,0.22867693482245366,0.13971549856648663,0.04690675194489331,0.34348710462720766,0.044415606105225325,0.004415485648099671,0.04249126633459872,0.1352337500091813,0.02613267954827776,0.16438498134736987,0.024133399382910946,0.3890267128385173,True
6,low_diversity,1,6,token_mean,value,3,0.6275,0.27374277965205596,0.13611561890199794,0.047383603263986565,0.35785571972260843,0.04626574259758483,0.0037555810360407286,0.04362802224403078,0.13917423729366732,0.025789966493401695,0.1652910440968,0.02157405789264224,0.5027608798485595,True
6,low_diversity,2,1,cls,query,all,0.6475,0.0,0.0,0.0,1.910294609670008,1.2524237112198653,0.0,0.0,0.0,0.0,0.0,1.1414890260923057e-11,nan,False
6,low_diversity,2,1,cls,query,0,0.6475,0.0,0.0,0.0,1.8264508832917725,1.0386261582159184,0.0,0.0,0.0,0.0,0.0,2.0138331658824494e-11,nan,False
6,low_diversity,2,1,cls,query,1,0.6475,0.0,0.0,0.0,1.8434635581067214,1.3779834279329792,0.0,0.0,0.0,0.0,0.0,1.3320131613864755e-11,nan,False
6,low_diversity,2,1,cls,query,2,0.6475,0.0,0.0,0.0,1.8452213157897985,1.109364635814475,0.0,0.0,0.0,0.0,0.0,7.92840990290971e-12,nan,False
6,low_diversity,2,1,cls,query,3,0.6475,0.0,0.0,0.0,1.611159141732464,1.0344867678004939,0.0,0.0,0.0,0.0,0.0,4.434815698734334e-12,nan,False
6,low_diversity,2,1,token_mean,query,all,0.6475,0.2044970827350738,0.04630522965251796,0.020289150609769345,1.2646232206127923,0.020690224303325153,0.000870453761308454,0.01941869651306082,0.19553277996534033,0.026645502432382215,0.07551811194320436,0.010341940744018013,0.7735653289856148,True
6,low_diversity,2,1,token_mean,query,0,0.6475,0.17328934836785798,0.0627923873952198,0.016568960331681933,0.12731569100154838,0.016550681729214353,0.0010256773517043753,0.015543283344331112,0.13179840044777483,0.015022599684179226,0.08232637508435524,0.009732484224845062,0.6376442753889041,True
6,low_diversity,2,1,token_mean,query,1,0.6475,0.25516817694671307,0.0605073172541003,0.015666954140749492,0.12688253208461472,0.016293199609100736,0.000886151448040354,0.014780802377076312,0.13209447446039546,0.01593418982168858,0.08105874763960141,0.009947892490097067,0.7628727924535195,True
6,low_diversity,2,1,token_mean,query,2,0.6475,0.1974611845699835,0.05746316523895643,0.01661390685720547,0.14349450321943474,0.016834034066686324,0.0009462288501460782,0.015667678396725518,0.13850853719713294,0.016623089923233834,0.0877886458303747,0.010035889773544941,0.7089900713191025,True
6,low_diversity,2,1,token_mean,query,3,0.6475,0.19251377457954472,0.05481449846945379,0.014079995630175994,0.13998494378442314,0.014256376349982908,0.0007808030303832228,0.013299193296750838,0.1233668684815322,0.01626273193340181,0.07495426415469393,0.011651497545906088,0.7152697328325199,True
6,low_diversity,2,1,cls,key,all,0.6475,0.0,0.0,0.0,1.943482598343702,1.2186531357277326,0.0,0.0,0.0,0.0,0.0,5.352282184251747e-12,nan,False
6,low_diversity,2,1,cls,key,0,0.6475,0.0,0.0,0.0,1.911508023089363,1.19928372480524,0.0,0.0,0.0,0.0,0.0,4.462945521227139e-12,nan,False
6,low_diversity,2,1,cls,key,1,0.6475,0.0,0.0,0.0,1.8271483234840658,1.095436813918221,0.0,0.0,0.0,0.0,0.0,6.878631226798669e-12,nan,False
6,low_diversity,2,1,cls,key,2,0.6475,0.0,0.0,0.0,1.726899812360437,1.050905384630231,0.0,0.0,0.0,0.0,0.0,4.926429018389689e-12,nan,False
6,low_diversity,2,1,cls,key,3,0.6475,0.0,0.0,0.0,1.7485430698759679,1.028653287597199,0.0,0.0,0.0,0.0,0.0,5.210456434998824e-12,nan,False
6,low_diversity,2,1,token_mean,key,all,0.6475,0.17236781955241715,0.04407186256855018,0.019821567273584383,1.2727783244724342,0.020055658733462624,0.0008003725491686386,0.019021194682202557,0.19616482689759396,0.025957526271386967,0.07366564349477224,0.010840934955260971,0.7443150195727346,True
6,low_diversity,2,1,token_mean,key,0,0.6475,0.17067813672988355,0.054565099022011856,0.014881640702786981,0.12453793182649502,0.015281802963427165,0.000832002357294021,0.014049638189714064,0.13409053472642643,0.01473982132543946,0.0716846073255376,0.009940657807006077,0.6803041088480655,True
6,low_diversity,2,1,token_mean,key,1,0.6475,0.15889231668037918,0.05752131096570317,0.0160368245708443,0.14489065684136682,0.015799022821484335,0.0010841721827587621,0.014952652336267585,0.13600273718489622,0.016116868096523077,0.08146002506229882,0.010136018676513975,0.6379855730758177,True
6,low_diversity,2,1,token_mean,key,2,0.6475,0.17476285886136134,0.05751746717388485,0.014772918032004772,0.13794111706214682,0.014758478282290023,0.0007804135708614591,0.013992504735307937,0.1261997033648212,0.014471933668867886,0.08292402669500637,0.012151496865871277,0.6708827748147951,True
6,low_diversity,2,1,token_mean,key,3,0.6475,0.18333762891054614,0.052726477477345185,0.01312225499703486,0.1222747220757674,0.013258661186799569,0.000721400531553875,0.0124008537333628,0.12929272374549708,0.012686786861171208,0.07154899246584566,0.011135567275976593,0.7124077703488167,True
6,low_diversity,2,1,cls,value,all,0.6475,0.0,0.0,0.0,1.949483835213276,1.1654387701186708,0.0,0.0,0.0,0.0,0.0,6.1488692151225064e-12,nan,False
6,low_diversity,2,1,cls,value,0,0.6475,0.0,0.0,0.0,1.750127823397368,0.9962001315790151,0.0,0.0,0.0,0.0,0.0,6.220650180132817e-12,nan,False
6,low_diversity,2,1,cls,value,1,0.6475,0.0,0.0,0.0,1.8152046930529635,1.2815305632124003,0.0,0.0,0.0,0.0,0.0,6.810135277547408e-12,nan,False
6,low_diversity,2,1,cls,value,2,0.6475,0.0,0.0,0.0,1.8571170531369987,1.2510069722016246,0.0,0.0,0.0,0.0,0.0,5.695577019800633e-12,nan,False
6,low_diversity,2,1,cls,value,3,0.6475,0.0,0.0,0.0,1.6673462394843002,1.3536048665782185,0.0,0.0,0.0,0.0,0.0,6.040593098199063e-12,nan,False
6,low_diversity,2,1,token_mean,value,all,0.6475,0.18115055389795398,0.04521970359686105,0.019357658319958917,1.2707091692077683,0.01971363665032492,0.0008015427487076853,0.01855611625466157,0.18665273388078524,0.0257141072359075,0.0735784073169131,0.009986465627496893,0.7503750188788587,True
6,low_diversity,2,1,token_mean,value,0,0.6475,0.16833362605458668,0.05561663033964636,0.014354483341735468,0.12194532884743176,0.014610014856797304,0.0008466023970289494,0.013507880873724142,0.12240853294127169,0.016562868515688042,0.07664564902355868,0.010667497842487965,0.6696047507370204,True
6,low_diversity,2,1,token_mean,value,1,0.6475,0.17554996087658806,0.06058707383879,0.014965808111659136,0.14006689858240706,0.014827046655794533,0.0009209949560251764,0.014044813832945445,0.1209135635328315,0.015708429431051753,0.0791895211820896,0.009381030220538378,0.6548727579530318,True
6,low_diversity,2,1,token_mean,value,2,0.6475,0.20601125680665372,0.05588447745476697,0.01405129001666522,0.13663814920351036,0.014005151214562995,0.0008083797894703986,0.013242910108105703,0.13073939749809918,0.013326478621684464,0.07591188873828067,0.010385146449235353,0.7287309522740506,True
6,low_diversity,2,1,token_mean,value,3,0.6475,0.1727468181598006,0.0575904141259935,0.015751623317725526,0.1356572375675574,0.01586186069531481,0.0009412041710509749,0.014810419228689914,0.12966534726601336,0.01399754729708532,0.07923479107096595,0.009512188971381296,0.6666195375435564,True
6,low_diversity,2,2,cls,query,all,0.6475,0.9813139139530365,0.7179345085670901,0.6427212248883053,1.5877968979344426,0.7251438557906885,0.024528230159458788,0.6181929924271323,0.2884932658490756,0.34710655635551535,0.9228760349099464,0.00645691175437109,0.26839465092772663,True
6,low_diversity,2,2,cls,query,0,0.6475,0.9597506830963493,0.7036567624691036,0.5324791083434964,1.0370479075726373,0.5865062195511223,0.023797418117861856,0.5086817064068534,0.24180909235414347,0.23050084850696242,0.8989161995029674,0.006871344966136597,0.26683379875389623,True
6,low_diversity,2,2,cls,query,1,0.6475,0.9366322542072819,0.7465007193686692,0.5818990706039634,1.0696131448472253,0.6233693852847856,0.024063213855366816,0.5578358633951708,0.2507802822020509,0.25787890877247716,0.8994086176817926,0.006184918086298488,0.20299486162744884,True
6,low_diversity,2,2,cls,query,2,0.6475,0.9464888091671496,0.6935886916841585,0.4964432550010463,1.0218342515214671,0.5538219181003631,0.022371241187846117,0.4740720066157254,0.23343790896639283,0.21193309477768385,0.8802994484866944,0.006618484367870472,0.2671982119952663,True
6,low_diversity,2,2,cls,query,3,0.6475,1.0771108116986083,0.7452763044373589,0.6474782575693692,1.0760560376450017,0.7455831217737724,0.02594146081669764,0.6215368035164747,0.26643862182530537,0.26950009058001306,0.9412477669538825,0.0061528993855145845,0.3080783366550234,True
6,low_diversity,2,2,token_mean,query,all,0.6475,0.20824465055821076,0.05401624838347547,0.031327936817297626,1.2565348869652888,0.03172580292159572,0.0012342137104662304,0.03009372331540693,0.25509878721969687,0.030767682183009442,0.08624715981144578,0.011376607655124231,0.7406115919968073,True
6,low_diversity,2,2,token_mean,query,0,0.6475,0.18405931337422032,0.06562154213048578,0.020121789353838824,0.1443407821032291,0.020348745664815347,0.0011724812820003453,0.018949307839978825,0.14333956955567279,0.01487011133809496,0.08808733591589911,0.010799088473008438,0.6434761114366037,True
6,low_diversity,2,2,token_mean,query,1,0.6475,0.24726129344269143,0.06583751316331544,0.01907075850462037,0.13723308268952944,0.019395569024605767,0.0012140770691489292,0.017856681211428208,0.1415339651036032,0.016242968827178916,0.08738144820836796,0.011231675871055235,0.7337330390590437,True
6,low_diversity,2,2,token_mean,query,2,0.6475,0.19700864094800455,0.06324971061339957,0.018922581067070194,0.16264229621261161,0.018979252533769947,0.0011450264481192623,0.01777755490250208,0.14285969240533672,0.01728190024963478,0.09443239941667932,0.011357908729802479,0.6789495612525304,True
6,low_diversity,2,2,token_mean,query,3,0.6475,0.20376005876381367,0.0637447856504348,0.018711864775419192,0.17550024274287768,0.01890576715021992,0.0011547623249829155,0.01755710270001807,0.1417027060372407,0.017365969839863972,0.08511728499530136,0.012117757758294994,0.6871576007723678,True
6,low_diversity,2,2,cls,key,all,0.6475,1.008126410922385,0.7483599181195651,0.7220006663469816,1.590310044704046,0.7881835340064267,0.027159078300676563,0.6948415718295358,0.30508067436545333,0.38644987907933404,0.9844536947403807,0.00560106631283733,0.2576725398604989,True
6,low_diversity,2,2,cls,key,0,0.6475,1.0128378115901149,0.7400798178872461,0.6191327967431534,1.0713285865921098,0.6755866954303328,0.02735592932863669,0.5917768708684228,0.26442349539742244,0.24066019944689276,0.9495233105570572,0.00552591526965526,0.2693007612686277,True
6,low_diversity,2,2,cls,key,1,0.6475,1.0111081684044096,0.762086380769662,0.6350325847721927,1.0597280160886409,0.6866116072098478,0.02589429406957193,0.6091382991183888,0.26106372058781746,0.29885151912425023,0.9568398484836997,0.005657936319370161,0.24628600125713485,True
6,low_diversity,2,2,cls,key,2,0.6475,0.972025867794899,0.7160104252905899,0.6113684570302705,1.0640490062572714,0.6430485878372378,0.029211298181590708,0.5821571824225512,0.26908530059168156,0.2556227549444387,0.9223358615341222,0.0056367834013971415,0.2633833635365034,True
6,low_diversity,2,2,cls,key,3,0.6475,1.0371034816565419,0.7751824909118278,0.6801350336127334,1.054723980690592,0.7477385250912397,0.03034545591270382,0.649789574471387,0.2711102203767226,0.28678828929795636,1.0060367764292175,0.005583630133928223,0.25255048833348204,True
6,low_diversity,2,2,token_mean,key,all,0.6475,0.18152892798011902,0.05442287496719614,0.031150595871747334,1.2576186112228405,0.03159498238525455,0.001167375340380452,0.02998322087594054,0.25004146186528176,0.03121307369343176,0.08570850265385167,0.011546972377056425,0.7001972326242322,True
6,low_diversity,2,2,token_mean,key,0,0.6475,0.18459847050510875,0.06307565992853506,0.020482112102916845,0.17393787360937615,0.02087265344805086,0.0012348957137543368,0.019247216553511946,0.146667768717501,0.015720036262774125,0.07853766032023796,0.010672587012364105,0.6583088702959246,True
6,low_diversity,2,2,token_mean,key,1,0.6475,0.1619941235940032,0.06581340582398298,0.020575811524221572,0.1733395584258318,0.020746816219456378,0.0012885619468182665,0.01928724915805188,0.14734098685784827,0.016074493400667574,0.09052548468208166,0.01096126555719159,0.5937296713988993,True
6,low_diversity,2,2,token_mean,key,2,0.6475,0.1870165137877737,0.06659422012545924,0.01998079744379722,0.17182398073402397,0.020100044966070613,0.0011200587892248718,0.018860739020800047,0.14435757878794125,0.01339398353771621,0.09222789530134773,0.012675518000667746,0.6439126215290787,True
6,low_diversity,2,2,token_mean,key,3,0.6475,0.19100058360975902,0.06336043260618614,0.01949634089736516,0.17051641493748673,0.019614022660271065,0.001015413860758682,0.018480927154252477,0.14218459936532002,0.01683255405984178,0.0817779038356219,0.011878518811003729,0.668270999969087,True
6,low_diversity,2,2,cls,value,all,0.6475,1.0164715339246344,0.7591956309844008,0.7615118691274109,1.5907563236868987,0.8336755370019936,0.02930850332433527,0.7322033860466697,0.3131966730486381,0.39857896952379446,0.9845340695082633,0.005672264018688689,0.2531068449569678,True
6,low_diversity,2,2,cls,value,0,0.6475,1.0070369991863204,0.7946197716778834,0.7309182809856061,1.0753904280634394,0.784085584440285,0.02900869809937748,0.7019095718860626,0.28355060503215995,0.33613723835944365,1.018881507322172,0.005650985287502408,0.2109328929126425,True
6,low_diversity,2,2,cls,value,1,0.6475,1.0068590292068509,0.7332369505850395,0.6526081692697848,1.043667955153909,0.7129200399253962,0.02941725504669276,0.6231909218159589,0.2769922200819439,0.2601600553597893,0.9210443944319002,0.005672034490006891,0.2717580820001745,True
6,low_diversity,2,2,cls,value,2,0.6475,1.0411754480956275,0.7707722127998196,0.6148189703905503,1.085344230113141,0.6436632312569096,0.027061695529317312,0.5877572988921945,0.26124732946085,0.24001882387340126,0.942879467478288,0.005950262389061126,0.2597095770846226,True
6,low_diversity,2,2,cls,value,3,0.6475,1.005166091647163,0.749405959187498,0.7000424242484211,1.1075416138442682,0.755136204050257,0.02886893752623688,0.6711734899065711,0.2825969812790076,0.2960971597027693,0.9781546196940484,0.005415773442523046,0.2544456429489693,True
6,low_diversity,2,2,token_mean,value,all,0.6475,0.17969243315676267,0.055508204779739743,0.03198345190121709,1.2548315797689673,0.032477009603541794,0.001235570443730632,0.03074788200584325,0.2542754336941223,0.030650149369370955,0.08583217015254459,0.010570888280529867,0.6910932541532525,True
6,low_diversity,2,2,token_mean,value,0,0.6475,0.18167702403114905,0.06531756919694885,0.02024600154899389,0.16748180426132797,0.02047749828934359,0.0012241108078424904,0.01902189131148837,0.14567309475203152,0.019061146260420908,0.0873912148271548,0.010799648536538536,0.6404742451871627,True
6,low_diversity,2,2,token_mean,value,1,0.6475,0.17198444483409728,0.0669287860264432,0.019201297959571276,0.16875179037559765,0.018973780380924923,0.0012060087782711807,0.017995289526879787,0.13660609649781663,0.016300593080246183,0.08646739188923384,0.010541365100917492,0.6108439568996764,True
6,low_diversity,2,2,token_mean,value,2,0.6475,0.19848901672286948,0.06475678168079178,0.020036804434733105,0.18012947188713713,0.020055748174794615,0.001255726931214502,0.018781077455390583,0.14634287130328602,0.015180994540484926,0.08426337274280843,0.010538637680424885,0.6737513100223311,True
6,low_diversity,2,2,token_mean,value,3,0.6475,0.1653502206369488,0.06560047347230637,0.020212808052340367,0.16459121518730283,0.0200420392254677,0.0011109594329768283,0.019101848910478027,0.14354398826464435,0.01470391616350121,0.08865048081052167,0.010403902058235624,0.6032634657540491,True
6,low_diversity,2,3,cls,query,all,0.6475,0.8361038211791396,0.6780163649892077,0.6040354518904731,1.5909520384471336,0.6387255601943087,0.024103607940064234,0.5799318389459089,0.2863918478213068,0.3329882563205692,0.8647851969521514,0.028063428757542915,0.18907634696249143,True
6,low_diversity,2,3,cls,query,0,0.6475,0.8075254503673688,0.6544204083630648,0.463812024419558,1.00585194487003,0.4761361492113389,0.022068107860501517,0.4417439116673036,0.23029751497923764,0.2177862734546071,0.8080392105776112,0.029685928316956215,0.18959779154285683,True
6,low_diversity,2,3,cls,query,1,0.6475,0.7982435953873289,0.689502573334355,0.48655648978427135,1.008747277460407,0.4926442261593735,0.02012236611070958,0.46643413467840716,0.23182464639919437,0.2359624600514637,0.8302635819912157,0.02829028776084835,0.1362253611320362,True
6,low_diversity,2,3,cls,query,2,0.6475,0.8188021847005102,0.6651896935266023,0.49086099834463276,1.0076657749518103,0.5044983222641499,0.02279619783671065,0.46806480667807837,0.23682175210751444,0.21593709977209063,0.8352537030876889,0.027845131825994362,0.18760635235736967,True
6,low_diversity,2,3,cls,query,3,0.6475,0.9209116373070934,0.7076679655225555,0.5696046846710261,1.0034894693927316,0.6071434441000085,0.024574379352006046,0.5450303148139607,0.257077136560821,0.2645286921435685,0.8728042289199521,0.02643236500973051,0.23155714744587186,True
6,low_diversity,2,3,token_mean,query,all,0.6475,0.21376436192732673,0.07115783898136531,0.048624210673210315,1.3056727349677117,0.049136203169297385,0.0018916294634850187,0.046732580797238785,0.27075477930993536,0.0368597624368933,0.10463840165470935,0.013830630151046948,0.6671201956219588,True
6,low_diversity,2,3,token_mean,query,0,0.6475,0.2029467127843599,0.08024588899132025,0.02808582945501541,0.20819644574570065,0.028093438551474084,0.0017250826614062216,0.02636074706573378,0.14585569166639278,0.019952691562606695,0.10541244163618085,0.01296593439341946,0.6045962613024181,True
6,low_diversity,2,3,token_mean,query,1,0.6475,0.23832204651965067,0.07954301325725338,0.026520614323841618,0.19364409278633274,0.026927615047168396,0.0017439651472324674,0.024776648433709688,0.1461763159860608,0.018888493502233653,0.099810797466321,0.014126110694963823,0.6662372851405725,True
6,low_diversity,2,3,token_mean,query,2,0.6475,0.19106287425346566,0.07765462796766513,0.02604401179279492,0.22653416338873458,0.02573658932385214,0.001624552612404593,0.02441945926032283,0.14372706285664247,0.02135433572222331,0.10957989383177506,0.014394134156067263,0.593565059297455,True
6,low_diversity,2,3,token_mean,query,3,0.6475,0.22227424264142182,0.0801821646391724,0.028274777066705167,0.21240118979125128,0.02849250654212622,0.0017910386245189743,0.026483738032931633,0.1492687432153435,0.017695826785121216,0.10112929366669217,0.01383634161373431,0.639264704329578,True
6,low_diversity,2,3,cls,key,all,0.6475,0.8656353109084054,0.7130118883227095,0.7045070476521809,1.5755254358061725,0.7315218842943966,0.027590787461535496,0.6769162741574374,0.3136992629463608,0.37961377996353,0.9349788572266586,0.024018187245184727,0.17631376708227342,True
6,low_diversity,2,3,cls,key,0,0.6475,0.8711375910011111,0.7063466977530573,0.5825258868957882,1.0145760779829722,0.6052598227250564,0.028642621145329693,0.5538832599466498,0.26439185893695316,0.24576764608353294,0.8918839375136116,0.023302134041759102,0.18916746900874315,True
6,low_diversity,2,3,cls,key,1,0.6475,0.8589748081213286,0.6981446959926135,0.5452101344717971,1.0072127468301397,0.5550877292029269,0.021183616905049843,0.5240265022624623,0.25124669153561413,0.24071065585689377,0.8648950230633088,0.024569625966250896,0.1872349580082192,True
6,low_diversity,2,3,cls,key,2,0.6475,0.8361359475152291,0.6973817322703381,0.5787968654542459,0.9998124985305534,0.5835876062948885,0.0292824574068866,0.5495144020427357,0.2647601592511854,0.258169566463441,0.881230174465634,0.024666594256731598,0.16594695594326647,True
6,low_diversity,2,3,cls,key,3,0.6475,0.8976076688825924,0.7423078469593475,0.6455240551445072,1.0541212180819781,0.6670693687280681,0.02792488783597946,0.6175991567698392,0.2705921844229709,0.2749012943163955,0.9313583211769942,0.023534397679296406,0.17301525745270585,True
6,low_diversity,2,3,token_mean,key,all,0.6475,0.20046992594752758,0.07268936026703096,0.049508972486426404,1.3175722700901913,0.05028023173310397,0.0018840820623815737,0.04762489179318601,0.27166310986692105,0.0393445061152432,0.10450841306496067,0.013824213423173536,0.6374051622782702,True
6,low_diversity,2,3,token_mean,key,0,0.6475,0.2165486366970412,0.08243936828380728,0.030000165933829245,0.21573634691680885,0.02983618404181075,0.0019620024514469233,0.028038164008070122,0.1512081942793477,0.01942092290435386,0.09726420332984619,0.012671574992551045,0.6193032219401929,True
6,low_diversity,2,3,token_mean,key,1,0.6475,0.1828413069874388,0.08086838775853517,0.027536069786327187,0.21583004772976783,0.027929810157199263,0.001719982125161385,0.025816088034348053,0.14919471180425756,0.01600164504821483,0.10399718204207258,0.013292822775176981,0.55771270129845,True
6,low_diversity,2,3,token_mean,key,2,0.6475,0.2009290598181552,0.08056538020421505,0.02915324921766037,0.206395073534738,0.029388612402799386,0.001771241101034155,0.027382008054039696,0.15589859751424714,0.01674053192846867,0.10480318012487955,0.014783458995886824,0.5990356980860393,True
6,low_diversity,2,3,token_mean,key,3,0.6475,0.20263876018305213,0.07923654852542114,0.028526141757825675,0.20660651223500362,0.02865264058284683,0.0016145022183826024,0.026911639904772692,0.152051354945664,0.01984183546542895,0.09639912347351144,0.014548996632749384,0.6089763456219164,True
6,low_diversity,2,3,cls,value,all,0.6475,0.8630699541519242,0.7130316794255095,0.7178645297808548,1.5752572965987313,0.7463348793179198,0.027354112021963705,0.6905104111541401,0.31628098900809615,0.3882435654546959,0.9155925401965067,0.024280232462016018,0.17384254196850868,True
6,low_diversity,2,3,cls,value,0,0.6475,0.8522485781336919,0.7326831218346936,0.636515240685548,1.0004799654668857,0.6530528158824748,0.02508640666068955,0.6114288351752541,0.2709009605137957,0.29714131043185227,0.9105922006746338,0.02385387611998753,0.14029411062301833,True
6,low_diversity,2,3,cls,value,1,0.6475,0.8451920529447452,0.6778537635681087,0.5802907301055195,1.042657991604878,0.6074333593108736,0.026405259035527706,0.5538854653185065,0.2687662083365711,0.25774299624946895,0.8294707566877225,0.02513768896460533,0.1979884794155493,True
6,low_diversity,2,3,cls,value,2,0.6475,0.8903250427786857,0.7367810097702784,0.5953485321617127,1.040838682586292,0.6087409309849376,0.027721617963503708,0.5676269124854695,0.2600940127606864,0.25636794091547915,0.8839468438483177,0.024784284982491623,0.17245840073104046,True
6,low_diversity,2,3,cls,value,3,0.6475,0.862717698983563,0.7029285694298223,0.6026627970782422,1.0608770321547711,0.6195110177675264,0.026142515665428204,0.5765202749859203,0.27008460985213883,0.27604351549396905,0.905832749049687,0.02334508155895905,0.1852160095266402,True
6,low_diversity,2,3,token_mean,value,all,0.6475,0.19519682153543869,0.07600639496242276,0.05166255298056295,1.3165545893608537,0.052362755856492596,0.0021178485317663713,0.049544704062017525,0.270992631123484,0.03830733334848158,0.10791088999287173,0.012575366999953985,0.6106166362518177,True
6,low_diversity,2,3,token_mean,value,0,0.6475,0.20254012521274192,0.0835268824298087,0.029918113943867265,0.21126279249020954,0.029722160343719706,0.002041347065559504,0.027876766313883392,0.15076918735316044,0.02413426942630759,0.10815196385011062,0.012329096524891529,0.587603284326626,True
6,low_diversity,2,3,token_mean,value,1,0.6475,0.18782189315169784,0.08271188421089233,0.026189834484008336,0.2015985995945577,0.025788094986200993,0.0017592135197694668,0.024430621796372263,0.13824138679580392,0.01986231004497373,0.10238137876876023,0.013382298702543432,0.5596259689274427,True
6,low_diversity,2,3,token_mean,value,2,0.6475,0.2067608718267001,0.08344323846484124,0.03208329202455276,0.24150965777409475,0.03228582076805219,0.0020170608106788927,0.030066232281652363,0.16027586374646183,0.022021285922118383,0.1032552174191624,0.011911044066602533,0.5964263560719529,True
6,low_diversity,2,3,token_mean,value,3,0.6475,0.1840569163079408,0.08342219557321363,0.03080162668529671,0.2558935265573432,0.030953163623989397,0.0015991005718454041,0.02920252728191289,0.1545700924744364,0.01943924062443933,0.10719659149502887,0.012679028197784315,0.5467587024350546,True
6,low_diversity,2,4,cls,query,all,0.6475,0.8953865184704284,0.7259687878559118,0.654801002375078,1.613608514505954,0.6925154287457809,0.026224006771702658,0.6285769939422607,0.2899529353819196,0.3548404553433256,0.9073150663851642,0.09462027895179662,0.18921183993693547,True
6,low_diversity,2,4,cls,query,0,0.6475,0.8731475722988923,0.7123720690494836,0.5073327792664282,1.0493208825969393,0.5387107137199486,0.023535594005476345,0.48379718444564124,0.2333088105715543,0.24374040618571327,0.8443318802226321,0.10212211852723901,0.18413325347295673,True
6,low_diversity,2,4,cls,query,1,0.6475,0.8507922356873793,0.7243662893347422,0.5227897452760053,1.0418535087892586,0.5475945572665296,0.024592068300328472,0.4981976815245368,0.23545377163310047,0.2567180020772148,0.8579979930292078,0.0942467220804908,0.1485979079845433,True
6,low_diversity,2,4,cls,query,2,0.6475,0.8635435297429562,0.7224248240358441,0.5633988969913004,1.0416201005408035,0.5793528986439687,0.026305126195604153,0.5370937802574851,0.2503542931082769,0.27101303564887985,0.8966199830032036,0.08778013729236343,0.16341817273428916,True
6,low_diversity,2,4,cls,query,3,0.6475,0.9897485772285726,0.7511489583392685,0.5912605473758921,1.0466918080491427,0.6295639829542544,0.028541450515728106,0.5627191012555902,0.25198203631104776,0.2894872396975459,0.9074231656161347,0.09433213993906975,0.2410709390029281,True
6,low_diversity,2,4,token_mean,query,all,0.6475,0.21866825638715753,0.08933068709762311,0.0615351249022052,1.3512535194454893,0.06226744895052507,0.0025242176118560815,0.0590109069916335,0.26318446487756036,0.040472968334418775,0.11986313484800999,0.01793622835115953,0.5914784862990771,True
6,low_diversity,2,4,token_mean,query,0,0.6475,0.21811164411298198,0.09561900322264362,0.034266151835613025,0.26989469077549505,0.03425216250508011,0.0022224077018274165,0.03204374421726574,0.14313921379934783,0.018192714101622546,0.11896964041165792,0.01741482080383734,0.5616052338172606,True
6,low_diversity,2,4,token_mean,query,1,0.6475,0.2301934734563252,0.09494817186188319,0.032322665723863615,0.24901849076046825,0.03240757625018382,0.0021931480362334037,0.030129516412588684,0.1432902449740114,0.021742448482347628,0.11119354152648848,0.018493821336464447,0.5875288276585401,True
6,low_diversity,2,4,token_mean,query,2,0.6475,0.1913974511654638,0.09259373729513815,0.03375867331619653,0.2728981848160503,0.03304299926721683,0.0022421887842938304,0.03151648466221311,0.14646811322863623,0.021650416566824062,0.11937983743529862,0.018459159034219654,0.5162227253742762,True
6,low_diversity,2,4,token_mean,query,3,0.6475,0.2353323651826006,0.09668027979093438,0.038194039230268574,0.2866673073432406,0.03893353096307414,0.0024027098155453464,0.03579133080149239,0.15333382595255765,0.02025493157605956,0.11432956862929838,0.017377113076773556,0.5891755912285266,True
6,low_diversity,2,4,cls,key,all,0.6475,0.9236283124253493,0.7659179901845864,0.7482889931775284,1.6040061409038109,0.7739941012904329,0.030236122113737194,0.7180528803305193,0.3124026391253747,0.3928548034506986,0.9834125985718245,0.07959555394270203,0.170750853042424,True
6,low_diversity,2,4,cls,key,0,0.6475,0.9400812232547778,0.7700416276306857,0.6067348115766569,1.0255358718481504,0.6176754086258217,0.03490647114813328,0.5718283463608135,0.2566543194389699,0.2392492218425889,0.9361865380320064,0.08379859206351367,0.18087755761717672,True
6,low_diversity,2,4,cls,key,1,0.6475,0.8999859852872089,0.7438979650088899,0.6104570556645591,1.0738431642468067,0.6299348128733552,0.023407663642005486,0.5870493894273584,0.2606830896314371,0.2651228151744058,0.9135508756517557,0.07750075378201225,0.1734338343374393,True
6,low_diversity,2,4,cls,key,2,0.6475,0.9057362942921621,0.7880644211641225,0.6740671221495963,1.0332207123950812,0.6729850987547145,0.03545894914052703,0.6386081630533392,0.2719309156461376,0.3171837105216891,0.9599019912285689,0.07931159809231758,0.12991846950331254,True
6,low_diversity,2,4,cls,key,3,0.6475,0.9461622406539504,0.7620372217582212,0.633923752717499,1.0472944293243627,0.6697421120479587,0.02863731531595642,0.6052864275195382,0.2623773685836976,0.29190721531412606,0.963521255244582,0.07777126878499985,0.19460195195326035,True
6,low_diversity,2,4,token_mean,key,all,0.6475,0.22372885945950216,0.0925206376180814,0.06595455261686585,1.359857604768511,0.06707481501232099,0.0027266702276061883,0.0632278827781027,0.2701939915989208,0.04547628561320583,0.12250152307162972,0.01731897924434055,0.5864608712456748,True
6,low_diversity,2,4,token_mean,key,0,0.6475,0.2515653062503776,0.10297546459126582,0.03773979626945594,0.2807938457741652,0.03699307623726307,0.0027019900682551615,0.035037805664945736,0.14858456793656652,0.02050738996743082,0.11217400909323605,0.01717937229709192,0.5906611045611492,True
6,low_diversity,2,4,token_mean,key,1,0.6475,0.2047807233186789,0.09562081087731956,0.03401388246971115,0.22939310982684324,0.03408357105301982,0.0022980258482593026,0.03171585728837685,0.14598329383301667,0.01969098238919453,0.11738854907266227,0.016920533623885025,0.5330575587013877,True
6,low_diversity,2,4,token_mean,key,2,0.6475,0.22527092895986253,0.09816460017139356,0.040037934661299394,0.2435121772410434,0.040442189569194036,0.002545155793830583,0.03749277823689309,0.1594767119788354,0.020913305474395683,0.12012795685710066,0.01743977152827111,0.5642376021413578,True
6,low_diversity,2,4,token_mean,key,3,0.6475,0.21349191654587854,0.09589049622305845,0.03793898875940733,0.27745792809308967,0.03786945586390262,0.0021640578263693237,0.035774931480938736,0.15963992852283718,0.024918822926800314,0.11426666769312033,0.017736238850788635,0.5508471806591704,True
6,low_diversity,2,4,cls,value,all,0.6475,0.9122751560189365,0.765887927540641,0.7515943126420737,1.6008349207574044,0.7725995014729574,0.03010872933505611,0.7214855795556848,0.31296515903795863,0.39438046705262636,0.9651611766504482,0.08093128454956142,0.16046389898099667,True
6,low_diversity,2,4,cls,value,0,0.6475,0.9130765208713881,0.7809508332014126,0.6135300138997153,0.9998145664008607,0.6203024184192647,0.0290984516878697,0.5844315696846355,0.2529146737460847,0.27644752317503324,0.9537794645337513,0.08182082900946791,0.14470384973198347,True
6,low_diversity,2,4,cls,value,1,0.6475,0.9002685022323622,0.7454522939726961,0.6121676895217725,1.0746039671683383,0.6224441837631849,0.03189487797631459,0.5802728181535547,0.26286434140064363,0.2954808176684945,0.8905365325982829,0.0859192626720125,0.17196670535043068,True
6,low_diversity,2,4,cls,value,2,0.6475,0.928005061062629,0.7796172171948311,0.634129715407362,1.0755319378043942,0.6672144853134255,0.02886077630418268,0.6052689389749006,0.26349687583722897,0.25689205745115967,0.9210439428193006,0.07811904122883623,0.15989982177239825,True
6,low_diversity,2,4,cls,value,3,0.6475,0.9091007767661232,0.7675628690269538,0.6102419580460062,1.0388877925837883,0.6226706433454637,0.03169706048951908,0.5785449038852345,0.2587580578013505,0.2682192075260385,0.9495662062731752,0.07786599919199944,0.15569000858480364,True
6,low_diversity,2,4,token_mean,value,all,0.6475,0.22031255427999447,0.09883565328549344,0.06755545009646237,1.3761883960716084,0.06867649621187172,0.003026849219829521,0.06452859972010959,0.26204807541828806,0.04346094453860175,0.129867132056021,0.015633694361895323,0.5513843793037616,True
6,low_diversity,2,4,token_mean,value,0,0.6475,0.23682972218614243,0.10614707750571656,0.039386792997579516,0.28663778111828614,0.03901156045268784,0.0026951005460101774,0.03669169291176579,0.14759543557636443,0.02519121211763735,0.12976935001988205,0.015026705339550972,0.5518000167973531,True
6,low_diversity,2,4,token_mean,value,1,0.6475,0.20805501225434841,0.10062091524500695,0.03231761737197037,0.25744265211877765,0.03161084479966559,0.0023715020665390925,0.029946114698594265,0.1341307100991063,0.01935252171681603,0.11793825644860396,0.01740357195111838,0.5163735102810341,True
6,low_diversity,2,4,token_mean,value,2,0.6475,0.22465655926872377,0.1051378442031858,0.042802725382472304,0.29831025724965005,0.04260737780460834,0.0028584412277930164,0.03994428484954617,0.15719866169203825,0.025463140787630012,0.1219391490306158,0.01407242003320293,0.5320063453948621,True
6,low_diversity,2,4,token_mean,value,3,0.6475,0.21304181985989573,0.10302566891317316,0.03904857191377988,0.3264957781394356,0.03908852179667717,0.00219970470326106,0.0368488673967394,0.15104774715714855,0.023470822111818616,0.1267374935066282,0.016032080589370293,0.5164063610565912,True
6,low_diversity,2,5,cls,query,all,0.6475,1.042618888717636,0.7773242516422865,0.6524982467070317,1.622825353758724,0.7317988029184456,0.02891142238778147,0.6235868388956244,0.28250846912202127,0.32683434871856,0.9728758415253368,0.28333563154393976,0.2544502501788044,True
6,low_diversity,2,5,cls,query,0,0.6475,1.0160222632434344,0.7681338191422195,0.5482973281090756,1.0754577131621836,0.6167662153630621,0.02579565786502578,0.5225016759200529,0.23853782020039238,0.24154028091673826,0.9142915318438097,0.30479397692463617,0.24397934284420497,True
6,low_diversity,2,5,cls,query,1,0.6475,0.9717041027261826,0.7542411395445799,0.5365033784603559,1.0799635567028198,0.582110670475255,0.02627617840401151,0.5102271993051876,0.24019698676486326,0.22005470645799638,0.8900447847703873,0.2791742059317502,0.22379545642700838,True
6,low_diversity,2,5,cls,query,2,0.6475,1.036790918840146,0.8017789686512805,0.5809352816549364,1.0540050221876067,0.6268137696315804,0.02744142021137205,0.553493856029077,0.24478522803109123,0.30261998096023696,0.9932752062853716,0.25081432136622345,0.22667246203484548,True
6,low_diversity,2,5,cls,query,3,0.6475,1.1384280035951084,0.7883371797961387,0.5783198744257594,1.1144678629102964,0.6621049801423979,0.03173994277180596,0.5465799393978986,0.24644978198458592,0.24182870245442079,0.9724017997137345,0.2985600097612901,0.30752126853292205,True
6,low_diversity,2,5,token_mean,query,all,0.6475,0.22678126790652808,0.10652672131213663,0.0680257416488618,1.3860027807730182,0.068468733052018,0.003086075557141819,0.06493966721675613,0.2430354266627588,0.04059004226290421,0.13195554666706025,0.0239996470680291,0.5302666648991331,True
6,low_diversity,2,5,token_mean,query,0,0.6475,0.22911829576210352,0.10709763200914203,0.035628967642538804,0.27901782987061857,0.035082226528612453,0.002557752087754621,0.033071215603161945,0.12916753091291147,0.019237324271635613,0.12638311032788704,0.024674287319860676,0.5325662158366311,True
6,low_diversity,2,5,token_mean,query,1,0.6475,0.23101495371024458,0.11146655481721585,0.03541978112879511,0.28206158373120194,0.03541103814465912,0.0027299066370522432,0.03268987355245785,0.1318652416076642,0.020532307875810177,0.1229063748785126,0.02483528225936673,0.517492036653934,True
6,low_diversity,2,5,token_mean,query,2,0.6475,0.20254890447760185,0.10938584371268772,0.04042437860524613,0.27291328050500574,0.039491885253441966,0.0027180618172596123,0.03770631636408242,0.14263245797662993,0.023136161600978034,0.12921928980851805,0.02300661201165481,0.45995341720160343,True
6,low_diversity,2,5,token_mean,query,3,0.6475,0.2422480756835377,0.1108979358445959,0.04388539080084198,0.3092379192491684,0.04448034771587016,0.0028422910148616543,0.04104310037060217,0.14804020900030868,0.02149669094333689,0.1251599268256663,0.023482404310594906,0.5422133466625836,True
6,low_diversity,2,5,cls,key,all,0.6475,1.0498829248207888,0.8197888299135297,0.7662997843977348,1.6375065246033484,0.8285416440648622,0.03422145062888211,0.7320783192461188,0.3075500140697459,0.3646720086045472,1.031226731300939,0.21947153454477136,0.2191616698085982,True
6,low_diversity,2,5,cls,key,0,0.6475,1.052122650377459,0.8211592398658701,0.6139649104571215,1.0717143583956903,0.6565425522416943,0.03394658359783617,0.580018319866874,0.2528552196765303,0.224824931332119,0.9785952281418262,0.24417452920566907,0.21952137465031152,True
6,low_diversity,2,5,cls,key,1,0.6475,1.0085602866739685,0.8022102169180869,0.6573903743441863,1.0885695191464118,0.7073010091864628,0.030462850647216492,0.626927524805069,0.26578387206913473,0.2794768518759725,0.9654014521762658,0.19708452306010507,0.20459864668713368,True
6,low_diversity,2,5,cls,key,2,0.6475,1.0512570743372036,0.8601959700167005,0.7086728916339387,1.0895093662417388,0.7250381944791197,0.03960777044465596,0.6690651259639047,0.2698044956327806,0.31497301705942976,1.0428276409668018,0.22541452266953207,0.18174536845895983,True
6,low_diversity,2,5,cls,key,3,0.6475,1.0799035119621623,0.7858074990253162,0.6512308837532793,1.0852292106032897,0.725583006826928,0.034777378578754986,0.6164535040205176,0.26486357791898496,0.26410817725907676,0.9878067396090001,0.21121257001703436,0.2723354537503816,True
6,low_diversity,2,5,token_mean,key,all,0.6475,0.23764337900989016,0.11098795895918671,0.07734489260475391,1.3869981810892082,0.07827602957804168,0.0035275027780285613,0.07381739060987126,0.2587711959040906,0.048429650050628666,0.13877415709372118,0.021920682100409813,0.5329642280731597,True
6,low_diversity,2,5,token_mean,key,0,0.6475,0.26032025497401257,0.12055653461007557,0.04184971041135137,0.3085659940798146,0.04017295679583496,0.003310519344681366,0.03853919086131183,0.13883115027512496,0.021633093213113616,0.12526618709843682,0.02367048685184934,0.5368914546349435,True
6,low_diversity,2,5,token_mean,key,1,0.6475,0.224047059986235,0.11098222945085859,0.042027932966571584,0.2575939311117645,0.04177630303471532,0.0030004552205685864,0.03902747744525021,0.14529771373145142,0.022239625365918364,0.13084110964064286,0.021031001667407425,0.5046476867061898,True
6,low_diversity,2,5,token_mean,key,2,0.6475,0.23664575103323857,0.11255099395088108,0.0474014028711015,0.283699586095771,0.046835696700180535,0.0033008833997882903,0.04410052045502446,0.155233130688952,0.02296362549654594,0.13417282285766421,0.021916863169859756,0.5243903874907414,True
6,low_diversity,2,5,token_mean,key,3,0.6475,0.2263098584615088,0.11277077546851136,0.045296175620638715,0.2927213836911543,0.044794555586557816,0.0027266386631791565,0.04256953696974299,0.15802322908749614,0.027005738959470362,0.13376965841798416,0.02106437620452859,0.501697468085812,True
6,low_diversity,2,5,cls,value,all,0.6475,1.0502031339674078,0.8177244157519369,0.753591913339627,1.646028516938366,0.8016943360118365,0.03627663486721841,0.7173152620142157,0.3037340308230383,0.3762609879747054,1.0172683027351785,0.22467329556291754,0.2213654774931244,True
6,low_diversity,2,5,cls,value,0,0.6475,1.0523736053723687,0.8240585330615403,0.5824364406400206,1.0317677267887275,0.6225288987117973,0.03228519158437848,0.5501512397419323,0.23961479523721704,0.24788309762726815,1.0018084258273525,0.23620742559432983,0.21695248830384917,True
6,low_diversity,2,5,cls,value,1,0.6475,1.0457065946641324,0.8200005117247091,0.6272028283534806,1.0764815617631212,0.6591644593379894,0.03980573643506928,0.5873971039598639,0.25354106906928076,0.33282258205287574,0.9936908869338906,0.24431720240549606,0.21584073782370783,True
6,low_diversity,2,5,cls,value,2,0.6475,1.0488007719967694,0.8040974088840845,0.6767248598731288,1.1130594165894532,0.7406792365724304,0.03230707432058724,0.6444177735935558,0.27405000653980505,0.2929728348041819,0.9497237570158394,0.19657540253617548,0.23331729881052998,True
6,low_diversity,2,5,cls,value,3,0.6475,1.0535769938244535,0.8154270894595644,0.6149754671265082,1.1030901709259764,0.6409839364214817,0.033431068655442105,0.5815444019707766,0.25330067081016744,0.25987222073720906,0.980213269891141,0.22159312868660147,0.22603939319177035,True
6,low_diversity,2,5,token_mean,value,all,0.6475,0.24080518443840082,0.12104250399040395,0.07685394986833215,1.3945495040740365,0.07762114336793995,0.0038059872352856805,0.07304796237837184,0.24253664636221134,0.04557602105931796,0.1489039692378408,0.01971359991214492,0.4973426163033162,True
6,low_diversity,2,5,token_mean,value,0,0.6475,0.2722541019315515,0.1307496560265167,0.04584918115087741,0.3315301631344621,0.04490907503088411,0.0034824572450650685,0.042366723783991554,0.13659994833579978,0.02388952880110978,0.14938899970319622,0.019213312305510044,0.5197513826278768,True
6,low_diversity,2,5,token_mean,value,1,0.6475,0.22367808527361432,0.11867619936375119,0.038747085556931696,0.34148141784466257,0.03777339930179917,0.00298959988867864,0.035757485861805355,0.1322729500853199,0.02024810001377095,0.13339339728243657,0.022304205647246403,0.4694330505441314,True
6,low_diversity,2,5,token_mean,value,2,0.6475,0.24158269732028417,0.12682012316232288,0.051224481817353625,0.33801495958070704,0.05012031268381581,0.003625032777728682,0.04759944907643578,0.15195962111723882,0.026285015990435378,0.14071967710184158,0.01667474244128574,0.47504467592648825,True
6,low_diversity,2,5,token_mean,value,3,0.6475,0.22745283144430023,0.12102387333655477,0.04192390943502399,0.36581793429174686,0.04166364222123926,0.0024407943287356334,0.03948311507701874,0.13972014610801578,0.021571763891564507,0.14121395012817892,0.020662142217836597,0.46791661124609174,True
6,low_diversity,2,6,cls,query,all,0.6475,1.3359917507479542,0.9204041992438292,0.5288812222011232,1.6717658613044235,0.6216659836587589,0.03872851227325472,0.4901527003808455,0.2560448634521139,0.19427024508168075,1.1472022312979762,0.6579894586042925,0.3110704473073719,True
6,low_diversity,2,6,cls,query,0,0.6475,1.3279489705706586,0.911609776142289,0.48818856079751927,1.129812995171593,0.5656825548916257,0.03664348405701193,0.4515450759367509,0.23452321582362046,0.14272836904540379,1.127829489137788,0.7108854163776744,0.313520476806768,True
6,low_diversity,2,6,cls,query,1,0.6475,1.2604888409725383,0.8961410022699753,0.5165800972741778,1.1580504998272267,0.6043905229376035,0.03693213072520765,0.47964796694842254,0.24199140725873153,0.1602115487909301,1.0786688728728293,0.5439431315118616,0.2890528078149808,True
6,low_diversity,2,6,cls,query,2,0.6475,1.3492830406176473,0.9440209268649543,0.47896791663831306,1.1228189210720119,0.5413423965694864,0.037987418388101185,0.4409804953770204,0.22889818716710278,0.17956044558831805,1.168097261701409,0.6163224361159585,0.300353670470193,True
6,low_diversity,2,6,cls,query,3,0.6475,1.3864877494340322,0.923127672372695,0.4589756432222289,1.1315131351849441,0.5672183556269309,0.041944368107413706,0.41703126444057986,0.23231720958088548,0.1439422881906559,1.1441789099301662,0.7608068206093528,0.3341970221161218,True
6,low_diversity,2,6,token_mean,query,all,0.6475,0.23809836502841175,0.13541923494443456,0.06491195568714218,1.4137350522661052,0.0645797520615585,0.0035451284757899966,0.061366828327829186,0.19922781573448842,0.03482432098781091,0.14664644861176754,0.03402727283537388,0.4312466827385594,True
6,low_diversity,2,6,token_mean,query,0,0.6475,0.24184986398594113,0.13199974979408322,0.035392889694730596,0.3014617882091786,0.034017693233668,0.003012490178331394,0.03238040039485151,0.11066355970200809,0.017641129763192123,0.13998838500717448,0.0355437733232975,0.4542078807960114,True
6,low_diversity,2,6,token_mean,query,1,0.6475,0.2384269386487736,0.137785263074106,0.03636137710184333,0.32321647857290836,0.035256833122718656,0.003363048303237354,0.03299832885915583,0.11425682649941155,0.020182107246334572,0.13938192048446998,0.03335155140269886,0.42210698231093224,True
6,low_diversity,2,6,token_mean,query,2,0.6475,0.22013379748895898,0.1392780748470143,0.04047595377203316,0.2903429597300053,0.039223295836789615,0.003215107341847298,0.037260846912183544,0.12010322836688844,0.02043218236559972,0.14285150398613697,0.03204596211964434,0.3673026294201829,True
6,low_diversity,2,6,token_mean,query,3,0.6475,0.2492569443593032,0.13739417830570308,0.04038056584210479,0.33148454359769686,0.0395166610670254,0.0031649268824945798,0.037215639244426384,0.12013395616150152,0.018604235102929367,0.1400212013332315,0.03516780432652344,0.44878495297747956,True
6,low_diversity,2,6,cls,key,all,0.6475,1.2640855859296032,0.9286474706651346,0.7016187221050122,1.6817513935235893,0.7878568431705447,0.04080736992711371,0.6608113836158406,0.2893200269604941,0.2786452942120802,1.1416540916787623,0.36507448283108795,0.2653602880993131,True
6,low_diversity,2,6,cls,key,0,0.6475,1.2524867957128387,0.934120208103137,0.6178724737066805,1.1314375508898167,0.6977649027087741,0.03748416384174065,0.5803883089260622,0.25843566442518634,0.20708238607110319,1.1117176323171465,0.3950575996528972,0.25418758002036024,True
6,low_diversity,2,6,cls,key,1,0.6475,1.2006485439916847,0.9152238807037069,0.6619554957884282,1.1573173488846693,0.7509903072974392,0.0400310085917061,0.6219244788993489,0.26656411347760184,0.24059252227682526,1.0885541000462922,0.28715515407648956,0.2377254065865545,True
6,low_diversity,2,6,cls,key,2,0.6475,1.2734843888920635,0.9539785884965511,0.646196183142356,1.1678250075353642,0.6876370025686253,0.04431406941942193,0.6018821095878427,0.2602514422119317,0.215701773091052,1.1593041496570604,0.3912416290153157,0.25089102244392936,True
6,low_diversity,2,6,cls,key,3,0.6475,1.3087863191751554,0.8973753309224253,0.573596741077844,1.1745748099729447,0.6560455450254954,0.04232163147323511,0.5312751030380075,0.2551819988151572,0.17563077567238372,1.102873762518788,0.3868435702540658,0.3143454223390846,True
6,low_diversity,2,6,token_mean,key,all,0.6475,0.25375287507766475,0.1339393015933464,0.08541096278598324,1.403251616851836,0.0856268958980224,0.0043477535946294665,0.0810632085935636,0.23833155228030878,0.04982397273783657,0.15662316251015732,0.026183741082522003,0.4721663683520735,True
6,low_diversity,2,6,token_mean,key,0,0.6475,0.2696208118551763,0.1393274156065787,0.04429409450046295,0.32982751519514,0.04218273673974321,0.003932432292706587,0.04036166264929555,0.1267873355512046,0.021283047247171977,0.14136624933958325,0.029620225287296555,0.48324680632807826,True
6,low_diversity,2,6,token_mean,key,1,0.6475,0.24619315788580093,0.1326756495187058,0.050208701527310516,0.3198209347202678,0.050057693650714684,0.0037533634881996973,0.046455336903983895,0.14449790249973984,0.024838990044775303,0.14732601070990067,0.02411764580756426,0.4610912396669907,True
6,low_diversity,2,6,token_mean,key,2,0.6475,0.24903220276991841,0.13328455746340487,0.053651017147936964,0.3083282391328646,0.052543979237089845,0.0038670223121615973,0.049783994697711685,0.14685460865265626,0.025972473497570276,0.15000543484929305,0.025896814143793148,0.46478987062349175,True
6,low_diversity,2,6,token_mean,key,3,0.6475,0.24647430992403202,0.13740828672471522,0.050965684837338945,0.3192773532341652,0.049801469486281814,0.00355294900840487,0.047412734986706215,0.1449850989497252,0.026603169780004033,0.1533983128487064,0.025100279176099735,0.442504629520752,True
6,low_diversity,2,6,cls,value,all,0.6475,1.2847627980862057,0.9219018676223417,0.6515393756504021,1.6912912740337658,0.7331068167606223,0.04243936334651979,0.6091000112620267,0.2808554734559167,0.27605928046625605,1.1330925478891636,0.3952894698489796,0.28243418240657725,True
6,low_diversity,2,6,cls,value,0,0.6475,1.274538123219724,0.9103983272638495,0.4979670461692397,1.1580225739588306,0.5472707134740042,0.039693197976289826,0.4582738551226529,0.2278827785034448,0.16819491437980785,1.100555000814555,0.45382178913463245,0.2857033377989421,True
6,low_diversity,2,6,cls,value,1,0.6475,1.2972876227022423,0.9328340931249816,0.5692985275696334,1.151491166956687,0.6183454847207801,0.043135054324838246,0.52616347507997,0.2483218184134134,0.22919673505200863,1.1250698675653374,0.4389370869506489,0.28093502412218063,True
6,low_diversity,2,6,cls,value,2,0.6475,1.2460921491147727,0.9027454661225515,0.6764527203332615,1.1564445693543637,0.7624959006243244,0.038226006933572615,0.6382266960360787,0.27287795719205693,0.2600659466711791,1.0775481992900093,0.28284418853846466,0.2755387578969466,True
6,low_diversity,2,6,cls,value,3,0.6475,1.3085029812194884,0.9280928545633877,0.5659304905858421,1.1917681602927712,0.6381918953302624,0.04247093175283887,0.523459567265077,0.25117570560118224,0.19708196308306725,1.1146388872437538,0.40555480122566223,0.2907216354230764,True
6,low_diversity,2,6,token_mean,value,all,0.6475,0.2575906940403328,0.14717830783702934,0.07941176687315404,1.4111602081415446,0.07920735605857797,0.004492831993213093,0.07491893592205914,0.21447158149265552,0.04364430237712538,0.1651157512704656,0.02490554970096458,0.4286349963637095,True
6,low_diversity,2,6,token_mean,value,0,0.6475,0.284065518086099,0.15669264761969576,0.04645323196612084,0.3606999121756626,0.044749483304094034,0.004132354007610543,0.042320877144282516,0.12132818975883276,0.02132002948819935,0.16336044389838225,0.026251205835830082,0.4483925797280227,True
6,low_diversity,2,6,token_mean,value,1,0.6475,0.24554068311190963,0.14479916078371374,0.04315611472481616,0.36238934919782545,0.04147166710193018,0.003648773174394261,0.0395073416558179,0.12206367187655508,0.021837791567316175,0.15269406003843056,0.02719549716196277,0.4102844426896096,True
6,low_diversity,2,6,token_mean,value,2,0.6475,0.25950938958997904,0.1490686322935303,0.05840587129348154,0.37886145929429377,0.05697279159477509,0.0044411270328882065,0.05396474389867349,0.14619584880188544,0.02661134885599316,0.16056245045917072,0.019185940904373474,0.4255751881307397,True
6,low_diversity,2,6,token_mean,value,3,0.6475,0.24106940635843366,0.1435107721250952,0.04223262334673223,0.3964664190581669,0.041853555485733766,0.0030310142478397624,0.03920160928233103,0.12457123667213175,0.02096902078537284,0.15221571129600833,0.026989553631706673,0.4046910626572149,True
