architecture_layers,condition,seed,ood_accuracy_mean,baseline,family,diagram_count,vertices_per_diagram,edges_per_diagram,loops_per_diagram,path_pairs_per_diagram,mean_loop_length,semantic_accuracy,prediction_consistency,identity_error,transport_error,holonomy_error,holonomy_systematic_error,holonomy_dispersion_error,holonomy_rotation_error,holonomy_linear_action_error,holonomy_edge_accumulation_ratio,path_agreement_error,path_endpoint_error,edge_cka,activation_variance
2,higher_diversity,0,0.664,fitted,associativity_pentagon,96,5,8,1,1,5.0,0.5979166666666667,0.6354166666666666,0.5110397091845367,0.5582996995222005,0.4868278414958454,0.024091530591249466,0.4627363681793213,1.6662015979824243,0.4702818132093944,0.2926168992352787,0.12320482109340289,1.0621467663803927,0.5901512503623962,0.6971271634101868
2,higher_diversity,0,0.664,fitted,commutativity_cube,96,8,24,6,5,4.0,0.5833333333333334,0.3541666666666667,0.6087520100366032,0.6824382478395867,0.45781875623190443,0.010436773300170898,0.44738200306892395,1.653529899929028,0.438588900690528,0.25761767672720703,0.1920099723547646,1.4940095004750025,0.4885057806968689,0.7618271708488464
2,higher_diversity,0,0.664,fitted,commutativity_involution,96,2,2,1,0,2.0,0.6614583333333334,0.6979166666666666,1.1309818007210202,1.1796019478147732,0.544807161416555,0.011290530674159527,0.5335166454315186,1.715123977154165,0.534617026757904,0.3359399805081191,nan,nan,0.27168840169906616,0.8151443004608154
2,higher_diversity,0,0.664,fitted,demorgan_and_square,96,4,4,1,0,4.0,0.546875,0.4791666666666667,1.647021485892588,0.756410540840163,0.2875068813033191,0.01769949309527874,0.2698073983192444,1.8831469646682006,1.130118658343541,0.10945591498919145,nan,nan,0.023536477237939835,0.39346227049827576
2,higher_diversity,0,0.664,fitted,demorgan_or_square,96,4,4,1,0,4.0,0.5598958333333334,0.40625,1.6041800680900327,0.9991028777212366,0.7855344673985063,0.41634348034858704,0.3691909611225128,1.9114905177967108,0.9432798526882998,0.21818327183339428,nan,nan,0.04135240614414215,0.3700424134731293
2,higher_diversity,0,0.664,fitted,distributivity_diamond,96,4,5,2,1,3.0,0.5651041666666666,0.3854166666666667,1.2381024391265898,1.0367991433608195,0.5678332627343506,0.03398780897259712,0.5338454246520996,1.796294610077916,0.5788460748168262,0.22993160549511926,0.7700383381098812,1.1814194905784805,0.20731154084205627,0.8367007374763489
2,higher_diversity,0,0.664,fitted,double_negation,96,2,2,1,0,2.0,0.5364583333333334,0.40625,2.5001001258335673,1.2684553127123808,0.9616677781881802,0.019811108708381653,0.9418567419052124,1.6085824530125132,1.1314222868989432,0.39512610668350295,nan,nan,0.19883251190185547,0.644559383392334
2,higher_diversity,0,0.664,fitted,exact1_hexagon,96,6,6,1,0,6.0,0.5416666666666666,0.2604166666666667,0.9678607590845846,1.1112504719882628,1.3289353556881118,0.08039917796850204,1.2485361099243164,1.8578422397846948,1.2579956752693935,0.21462356938475816,nan,nan,0.3108918368816376,0.1480865478515625
2,higher_diversity,0,0.664,fitted,ite_expansion,96,2,2,1,0,2.0,0.578125,0.6145833333333334,1.6588283112346363,1.2327251783580202,0.8415808635045211,0.01725165732204914,0.8243292570114136,1.784467695225093,0.931564026585385,0.3966963103010577,nan,nan,0.19712528586387634,0.8574292063713074
2,higher_diversity,0,0.664,fitted,majority_duality,96,2,2,1,0,2.0,0.5677083333333334,0.5729166666666666,2.580780508917523,0.9357959924047982,0.14773766912784703,0.01550968550145626,0.13222798705101013,1.6508965398819695,0.7587114745300015,0.08574927522418392,nan,nan,0.6336597204208374,0.38426709175109863
2,higher_diversity,0,0.664,fitted,nary_and_hexagon,96,6,6,1,0,6.0,0.5833333333333334,0.6666666666666666,0.842210713460168,0.9584797959800126,1.1631296215374192,0.03404877707362175,1.129080891609192,1.8956579194913272,1.1349484781643673,0.2465557553714234,nan,nan,0.4005148410797119,0.48204293847084045
2,higher_diversity,0,0.664,shuffled,associativity_pentagon,96,5,8,1,1,5.0,0.5979166666666667,0.6354166666666666,0.5110397091845367,1.6566219211327153,1.967415082401429,0.139828160405159,1.8275868892669678,1.9800479047930013,1.842297373538571,0.22467681974539744,1.4856051061431774,2.048299039732288,0.5901512503623962,0.6971271634101868
2,higher_diversity,0,0.664,shuffled,commutativity_cube,96,8,24,6,5,4.0,0.5833333333333334,0.3541666666666667,0.6087520100366032,2.3402456812544683,1.9948236631838807,0.019798412919044495,1.9750251770019531,1.9675036797939949,1.9475687339371728,0.21893648022474563,2.125723276300185,2.1005096760760615,0.4885057806968689,0.7618271708488464
2,higher_diversity,0,0.664,shuffled,commutativity_involution,96,2,2,1,0,2.0,0.6614583333333334,0.6979166666666666,1.1309818007210202,2.2196772114271197,2.074001369043284,0.03787601366639137,2.036125421524048,1.9367528841119677,2.044571839931991,0.47137621180252687,nan,nan,0.27168840169906616,0.8151443004608154
2,higher_diversity,0,0.664,shuffled,demorgan_and_square,96,4,4,1,0,4.0,0.546875,0.4791666666666667,1.647021485892588,1.1683759088035433,0.6689256526231436,0.01822362095117569,0.6507020592689514,2.0653768797424346,1.627310223088645,0.14987128875280517,nan,nan,0.023536477237939835,0.39346227049827576
2,higher_diversity,0,0.664,shuffled,demorgan_or_square,96,4,4,1,0,4.0,0.5598958333333334,0.40625,1.6041800680900327,2.445525244671548,4.927676490131233,4.281628131866455,0.6460487842559814,1.9837760043115358,1.5628041674391209,0.5277618753479872,nan,nan,0.04135240614414215,0.3700424134731293
2,higher_diversity,0,0.664,shuffled,distributivity_diamond,96,4,5,2,1,3.0,0.5651041666666666,0.3854166666666667,1.2381024391265898,1.9363882749781316,1.9551507674753168,0.0851035937666893,1.8700473308563232,1.9945368728436328,2.0438451374225104,0.38254104136134526,2.0719145917674333,1.900028687203335,0.20731154084205627,0.8367007374763489
2,higher_diversity,0,0.664,shuffled,double_negation,96,2,2,1,0,2.0,0.5364583333333334,0.40625,2.5001001258335673,1.578346048686328,2.7355315021520425,0.03761138394474983,2.697920322418213,2.0004268089699155,3.3286397113126855,0.9158421024742291,nan,nan,0.19883251190185547,0.644559383392334
2,higher_diversity,0,0.664,shuffled,exact1_hexagon,96,6,6,1,0,6.0,0.5416666666666666,0.2604166666666667,0.9678607590845846,2.0173047909896864,2.0494639340819476,0.09097983688116074,1.9584840536117554,1.9573751430510287,1.9760480545982724,0.1765967929719072,nan,nan,0.3108918368816376,0.1480865478515625
2,higher_diversity,0,0.664,shuffled,ite_expansion,96,2,2,1,0,2.0,0.578125,0.6145833333333334,1.6588283112346363,1.7559518859128518,2.1182418523455406,0.03183583915233612,2.0864062309265137,1.965248387608067,2.284328595999746,0.6246556053821534,nan,nan,0.19712528586387634,0.8574292063713074
2,higher_diversity,0,0.664,shuffled,majority_duality,96,2,2,1,0,2.0,0.5677083333333334,0.5729166666666666,2.580780508917523,1.2003352464300072,0.4576988972921862,0.016454871743917465,0.441243976354599,2.011611203316781,1.2624246987023438,0.20176057831550143,nan,nan,0.6336597204208374,0.38426709175109863
2,higher_diversity,0,0.664,shuffled,nary_and_hexagon,96,6,6,1,0,6.0,0.5833333333333334,0.6666666666666666,0.842210713460168,2.1541591522842567,2.232163342942387,0.14946019649505615,2.082703113555908,2.0176308617955496,2.0920248652789235,0.18144069121726134,nan,nan,0.4005148410797119,0.48204293847084045
2,higher_diversity,0,0.664,identity,associativity_pentagon,96,5,8,1,1,5.0,0.5979166666666667,0.6354166666666666,0.5110397091845367,0.5110397082931291,0.0,0.0,0.0,0.0,0.0,0.0,0.0,0.9612311472102208,0.5901512503623962,0.6971271634101868
2,higher_diversity,0,0.664,identity,commutativity_cube,96,8,24,6,5,4.0,0.5833333333333334,0.3541666666666667,0.6087520100366032,0.6087520098258803,0.0,0.0,0.0,0.0,0.0,0.0,0.0,1.4499107316894346,0.4885057806968689,0.7618271708488464
2,higher_diversity,0,0.664,identity,commutativity_involution,96,2,2,1,0,2.0,0.6614583333333334,0.6979166666666666,1.1309818007210202,1.1309817977933971,0.0,0.0,0.0,0.0,0.0,0.0,nan,nan,0.27168840169906616,0.8151443004608154
2,higher_diversity,0,0.664,identity,demorgan_and_square,96,4,4,1,0,4.0,0.546875,0.4791666666666667,1.647021485892588,1.6470214780350039,0.0,0.0,0.0,0.0,0.0,0.0,nan,nan,0.023536477237939835,0.39346227049827576
2,higher_diversity,0,0.664,identity,demorgan_or_square,96,4,4,1,0,4.0,0.5598958333333334,0.40625,1.6041800680900327,1.6041800627520597,0.0,0.0,0.0,0.0,0.0,0.0,nan,nan,0.04135240614414215,0.3700424134731293
2,higher_diversity,0,0.664,identity,distributivity_diamond,96,4,5,2,1,3.0,0.5651041666666666,0.3854166666666667,1.2381024391265898,1.238102436770128,0.0,0.0,0.0,0.0,0.0,0.0,0.0,1.4720065197334977,0.20731154084205627,0.8367007374763489
2,higher_diversity,0,0.664,identity,double_negation,96,2,2,1,0,2.0,0.5364583333333334,0.40625,2.5001001258335673,2.500100124058302,0.0,0.0,0.0,0.0,0.0,0.0,nan,nan,0.19883251190185547,0.644559383392334
2,higher_diversity,0,0.664,identity,exact1_hexagon,96,6,6,1,0,6.0,0.5416666666666666,0.2604166666666667,0.9678607590845846,0.9678607573916661,0.0,0.0,0.0,0.0,0.0,0.0,nan,nan,0.3108918368816376,0.1480865478515625
2,higher_diversity,0,0.664,identity,ite_expansion,96,2,2,1,0,2.0,0.578125,0.6145833333333334,1.6588283112346363,1.6588283123098868,0.0,0.0,0.0,0.0,0.0,0.0,nan,nan,0.19712528586387634,0.8574292063713074
2,higher_diversity,0,0.664,identity,majority_duality,96,2,2,1,0,2.0,0.5677083333333334,0.5729166666666666,2.580780508917523,2.5807805119167675,0.0,0.0,0.0,0.0,0.0,0.0,nan,nan,0.6336597204208374,0.38426709175109863
2,higher_diversity,0,0.664,identity,nary_and_hexagon,96,6,6,1,0,6.0,0.5833333333333334,0.6666666666666666,0.842210713460168,0.8422107128027723,0.0,0.0,0.0,0.0,0.0,0.0,nan,nan,0.4005148410797119,0.48204293847084045
2,higher_diversity,1,0.6705000000000001,fitted,associativity_pentagon,96,5,8,1,1,5.0,0.58125,0.59375,0.46733263051869206,0.5233772280562753,0.4940369486510046,0.06721895188093185,0.42681798338890076,1.6739462579867006,0.43290870308101326,0.30618004498786866,0.09856220040191209,1.0998717206085586,0.5972118377685547,0.8221036195755005
2,higher_diversity,1,0.6705000000000001,fitted,commutativity_cube,96,8,24,6,5,4.0,0.5885416666666666,0.375,0.5816812315572009,0.6510717905372042,0.47192570935322825,0.03737986087799072,0.4345458745956421,1.6105026673033376,0.4244933191801508,0.26914759710710684,0.1761297961359472,1.444388547854923,0.4971105754375458,0.8328781127929688
2,higher_diversity,1,0.6705000000000001,fitted,commutativity_involution,96,2,2,1,0,2.0,0.7291666666666666,0.6875,1.1320125522661117,1.2033044047032595,0.5976921725459938,0.01887979730963707,0.5788123607635498,1.72887522521885,0.5802862936819517,0.4088124952317096,nan,nan,0.2399233877658844,0.8709508776664734
2,higher_diversity,1,0.6705000000000001,fitted,demorgan_and_square,96,4,4,1,0,4.0,0.5286458333333334,0.4895833333333333,1.4742904050490195,0.867636607508611,0.242488595296512,0.015310906805098057,0.2271776795387268,1.8839935565329793,0.8128348815733433,0.08317198370025039,nan,nan,0.05830497294664383,0.43472322821617126
2,higher_diversity,1,0.6705000000000001,fitted,demorgan_or_square,96,4,4,1,0,4.0,0.4739583333333333,0.1875,1.473795595596507,1.067672153023603,0.8543756706290837,0.5209545493125916,0.33342114090919495,1.9454077057233656,0.871981320542121,0.2169249757870267,nan,nan,0.06398860365152359,0.5310502648353577
2,higher_diversity,1,0.6705000000000001,fitted,distributivity_diamond,96,4,5,2,1,3.0,0.6119791666666666,0.4166666666666667,1.0555290105874393,1.0239016176379816,0.5054952154455961,0.029506366699934006,0.47598883509635925,1.7236620731917647,0.48640254974407404,0.21722284962949642,0.6594189637677345,1.0729983813809263,0.2670125663280487,0.9091486930847168
2,higher_diversity,1,0.6705000000000001,fitted,double_negation,96,2,2,1,0,2.0,0.578125,0.4895833333333333,2.339349563142859,1.2789474387872801,1.121539778041989,0.015146331861615181,1.1063934564590454,1.7051562340493656,1.2762900267788544,0.44863066670669066,nan,nan,0.17253972589969635,0.6715205311775208
2,higher_diversity,1,0.6705000000000001,fitted,exact1_hexagon,96,6,6,1,0,6.0,0.5625,0.3854166666666667,0.6775419113771314,0.7643146345568148,1.3414863850389236,0.06913365423679352,1.2723528146743774,1.8813928016288333,1.2759451113350746,0.27420667078934996,nan,nan,0.6319129467010498,0.1786515861749649
2,higher_diversity,1,0.6705000000000001,fitted,ite_expansion,96,2,2,1,0,2.0,0.5625,0.5833333333333334,1.6322874790715562,1.3543769502134577,0.6337149737988916,0.012415115721523762,0.6212998628616333,1.7830836467248092,0.6760166941116096,0.29316461991768983,nan,nan,0.08999225497245789,0.8956432342529297
2,higher_diversity,1,0.6705000000000001,fitted,majority_duality,96,2,2,1,0,2.0,0.5208333333333334,0.4791666666666667,2.0827682454407577,0.9705166063679946,0.1585447128293152,0.012403937987983227,0.14614076912403107,1.7110097930878714,0.5500387763244917,0.08513563217132451,nan,nan,0.3551546335220337,0.45031699538230896
2,higher_diversity,1,0.6705000000000001,fitted,nary_and_hexagon,96,6,6,1,0,6.0,0.5677083333333334,0.4791666666666667,0.9777105965714533,1.0724298432833457,1.2394800323105506,0.3242684602737427,0.9152116179466248,1.9417859074472015,0.9208053472924639,0.2773147713085709,nan,nan,0.2566870450973511,0.6116766333580017
2,higher_diversity,1,0.6705000000000001,shuffled,associativity_pentagon,96,5,8,1,1,5.0,0.58125,0.59375,0.46733263051869206,2.0245360547223448,2.10371914893797,0.09277798980474472,2.01094126701355,2.0072004700824673,2.0313946480311595,0.23108722505680798,2.5216687716586392,2.1072784693065105,0.5972118377685547,0.8221036195755005
2,higher_diversity,1,0.6705000000000001,shuffled,commutativity_cube,96,8,24,6,5,4.0,0.5885416666666666,0.375,0.5816812315572009,2.224152448485636,1.971384409323408,0.015574811026453972,1.9558095932006836,1.9594992305711274,1.9388298207580916,0.22527915353487377,2.1263685815200755,1.976139122535599,0.4971105754375458,0.8328781127929688
2,higher_diversity,1,0.6705000000000001,shuffled,commutativity_involution,96,2,2,1,0,2.0,0.7291666666666666,0.6875,1.1320125522661117,2.197509778718564,1.582656127752117,0.03982735425233841,1.5428287982940674,1.9471220986718147,1.545309566907968,0.37563773947512386,nan,nan,0.2399233877658844,0.8709508776664734
2,higher_diversity,1,0.6705000000000001,shuffled,demorgan_and_square,96,4,4,1,0,4.0,0.5286458333333334,0.4895833333333333,1.4742904050490195,1.320955075830158,0.5585652415083401,0.04540257528424263,0.5131626725196838,2.0010131547589194,1.0580109864307465,0.11621677352295263,nan,nan,0.05830497294664383,0.43472322821617126
2,higher_diversity,1,0.6705000000000001,shuffled,demorgan_or_square,96,4,4,1,0,4.0,0.4739583333333333,0.1875,1.473795595596507,2.08154248575983,3.0849944380811065,2.476736307144165,0.6082581877708435,2.0145005331253247,1.1901914618563156,0.3855352155298882,nan,nan,0.06398860365152359,0.5310502648353577
2,higher_diversity,1,0.6705000000000001,shuffled,distributivity_diamond,96,4,5,2,1,3.0,0.6119791666666666,0.4166666666666667,1.0555290105874393,2.153652346812925,2.087862827502037,0.06634315103292465,2.021519660949707,1.9667301836862376,2.06033353564217,0.3768617980616824,2.3018025918185363,2.1011032650643964,0.2670125663280487,0.9091486930847168
2,higher_diversity,1,0.6705000000000001,shuffled,double_negation,96,2,2,1,0,2.0,0.578125,0.4895833333333333,2.339349563142859,1.568019283857813,3.1834098302791514,0.02998322620987892,3.1534266471862793,2.0134944865251696,3.5759594761704956,1.0232749242298576,nan,nan,0.17253972589969635,0.6715205311775208
2,higher_diversity,1,0.6705000000000001,shuffled,exact1_hexagon,96,6,6,1,0,6.0,0.5625,0.3854166666666667,0.6775419113771314,1.8588974448919806,2.1789490063756496,0.07640523463487625,2.102543592453003,1.9602771162563644,2.1058500844815624,0.19630571751581694,nan,nan,0.6319129467010498,0.1786515861749649
2,higher_diversity,1,0.6705000000000001,shuffled,ite_expansion,96,2,2,1,0,2.0,0.5625,0.5833333333333334,1.6322874790715562,1.8572174750217396,2.1066333087100038,0.025896543636918068,2.0807368755340576,1.978002840380764,2.2051979832138495,0.5765989410464759,nan,nan,0.08999225497245789,0.8956432342529297
2,higher_diversity,1,0.6705000000000001,shuffled,majority_duality,96,2,2,1,0,2.0,0.5208333333333334,0.4791666666666667,2.0827682454407577,1.4655510087349122,0.540269215388779,0.013879098929464817,0.5263901352882385,2.046329605661125,1.0839720752184012,0.18332418128251726,nan,nan,0.3551546335220337,0.45031699538230896
2,higher_diversity,1,0.6705000000000001,shuffled,nary_and_hexagon,96,6,6,1,0,6.0,0.5677083333333334,0.4791666666666667,0.9777105965714533,2.068454776890809,2.4358969261086276,0.16625604033470154,2.2696406841278076,2.0264374029237824,2.280734135357594,0.2053454352296595,nan,nan,0.2566870450973511,0.6116766333580017
2,higher_diversity,1,0.6705000000000001,identity,associativity_pentagon,96,5,8,1,1,5.0,0.58125,0.59375,0.46733263051869206,0.46733263062086705,0.0,0.0,0.0,0.0,0.0,0.0,0.0,0.9299599833419966,0.5972118377685547,0.8221036195755005
2,higher_diversity,1,0.6705000000000001,identity,commutativity_cube,96,8,24,6,5,4.0,0.5885416666666666,0.375,0.5816812315572009,0.5816812301742679,0.0,0.0,0.0,0.0,0.0,0.0,0.0,1.374450780505602,0.4971105754375458,0.8328781127929688
2,higher_diversity,1,0.6705000000000001,identity,commutativity_involution,96,2,2,1,0,2.0,0.7291666666666666,0.6875,1.1320125522661117,1.1320125518226758,0.0,0.0,0.0,0.0,0.0,0.0,nan,nan,0.2399233877658844,0.8709508776664734
2,higher_diversity,1,0.6705000000000001,identity,demorgan_and_square,96,4,4,1,0,4.0,0.5286458333333334,0.4895833333333333,1.4742904050490195,1.4742904062849025,0.0,0.0,0.0,0.0,0.0,0.0,nan,nan,0.05830497294664383,0.43472322821617126
2,higher_diversity,1,0.6705000000000001,identity,demorgan_or_square,96,4,4,1,0,4.0,0.4739583333333333,0.1875,1.473795595596507,1.4737955943256642,0.0,0.0,0.0,0.0,0.0,0.0,nan,nan,0.06398860365152359,0.5310502648353577
2,higher_diversity,1,0.6705000000000001,identity,distributivity_diamond,96,4,5,2,1,3.0,0.6119791666666666,0.4166666666666667,1.0555290105874393,1.0555290195992224,0.0,0.0,0.0,0.0,0.0,0.0,0.0,1.1137740321390797,0.2670125663280487,0.9091486930847168
2,higher_diversity,1,0.6705000000000001,identity,double_negation,96,2,2,1,0,2.0,0.578125,0.4895833333333333,2.339349563142859,2.3393495407646774,0.0,0.0,0.0,0.0,0.0,0.0,nan,nan,0.17253972589969635,0.6715205311775208
2,higher_diversity,1,0.6705000000000001,identity,exact1_hexagon,96,6,6,1,0,6.0,0.5625,0.3854166666666667,0.6775419113771314,0.6775419076616758,0.0,0.0,0.0,0.0,0.0,0.0,nan,nan,0.6319129467010498,0.1786515861749649
2,higher_diversity,1,0.6705000000000001,identity,ite_expansion,96,2,2,1,0,2.0,0.5625,0.5833333333333334,1.6322874790715562,1.6322874866537098,0.0,0.0,0.0,0.0,0.0,0.0,nan,nan,0.08999225497245789,0.8956432342529297
2,higher_diversity,1,0.6705000000000001,identity,majority_duality,96,2,2,1,0,2.0,0.5208333333333334,0.4791666666666667,2.0827682454407577,2.082768235377016,0.0,0.0,0.0,0.0,0.0,0.0,nan,nan,0.3551546335220337,0.45031699538230896
2,higher_diversity,1,0.6705000000000001,identity,nary_and_hexagon,96,6,6,1,0,6.0,0.5677083333333334,0.4791666666666667,0.9777105965714533,0.9777105969253638,0.0,0.0,0.0,0.0,0.0,0.0,nan,nan,0.2566870450973511,0.6116766333580017
2,higher_diversity,2,0.652,fitted,associativity_pentagon,96,5,8,1,1,5.0,0.66875,0.6145833333333334,0.4393296286760666,0.49479250821577575,0.4432651185453534,0.02557879127562046,0.4176863729953766,1.6022302491113327,0.42141614507321135,0.29931248984047953,0.10100958175375431,0.9814570967135621,0.6296263337135315,0.8209103941917419
2,higher_diversity,2,0.652,fitted,commutativity_cube,96,8,24,6,5,4.0,0.5221354166666666,0.3541666666666667,0.592670928715858,0.6501025857808821,0.38895345598911485,0.012049430049955845,0.3769040107727051,1.544341707562483,0.36950276530958914,0.2538569702765169,0.11603950711904894,1.4198572346587672,0.4902031123638153,0.7799415588378906
2,higher_diversity,2,0.652,fitted,commutativity_involution,96,2,2,1,0,2.0,0.6770833333333334,0.625,1.1477949668306062,1.2070681423276999,0.6444911682899963,0.02907208539545536,0.6154190897941589,1.7577670643948762,0.6167721939266332,0.4380571944351348,nan,nan,0.2374630570411682,0.8517241477966309
2,higher_diversity,2,0.652,fitted,demorgan_and_square,96,4,4,1,0,4.0,0.53125,0.3541666666666667,1.5025530151234212,0.9021803316720352,0.5924671211319505,0.022228222340345383,0.5702389478683472,1.8384099505371265,1.1360066791940138,0.15426138304437734,nan,nan,0.052781932055950165,0.3185522258281708
2,higher_diversity,2,0.652,fitted,demorgan_or_square,96,4,4,1,0,4.0,0.4973958333333333,0.2708333333333333,1.398622581920839,1.1004673418468418,0.48651170131777005,0.14778625965118408,0.33872541785240173,1.8969144561372804,0.6101594035273464,0.11787178493030515,nan,nan,0.08815564215183258,0.47295883297920227
2,higher_diversity,2,0.652,fitted,distributivity_diamond,96,4,5,2,1,3.0,0.6458333333333334,0.3854166666666667,1.2952494673904662,1.012518927060212,0.5570236825766589,0.020232627168297768,0.5367910861968994,1.7716289380022314,0.674769578745969,0.24283174634403126,0.7216794099083516,1.0054789238974984,0.1856539398431778,0.8480485081672668
2,higher_diversity,2,0.652,fitted,double_negation,96,2,2,1,0,2.0,0.5989583333333334,0.4270833333333333,2.355940628096147,1.2370781086590972,0.970951106162373,0.013244549743831158,0.9577065706253052,1.6052460447661911,1.1356815751624831,0.41086109841406526,nan,nan,0.168288454413414,0.6821152567863464
2,higher_diversity,2,0.652,fitted,exact1_hexagon,96,6,6,1,0,6.0,0.5538194444444444,0.4166666666666667,0.8376652410251464,0.9345551699413632,0.8969364905501539,0.05821792781352997,0.8387185335159302,1.9156023092267216,0.8450083142509669,0.2082535993032535,nan,nan,0.3912559747695923,0.15232808887958527
2,higher_diversity,2,0.652,fitted,ite_expansion,96,2,2,1,0,2.0,0.5364583333333334,0.59375,1.9091307929269807,1.3225176228138469,0.8395933624212115,0.01609605737030506,0.8234972357749939,1.756617876893529,1.0306420500458364,0.37430786216766326,nan,nan,0.23270326852798462,0.6837377548217773
2,higher_diversity,2,0.652,fitted,majority_duality,96,2,2,1,0,2.0,0.5677083333333334,0.4479166666666667,1.9921400542230738,1.1406149369749712,0.37325941404612534,0.024144073948264122,0.3491153419017792,1.7082801618018582,0.7097624449431853,0.1616777978964825,nan,nan,0.3655529320240021,0.4280621111392975
2,higher_diversity,2,0.652,fitted,nary_and_hexagon,96,6,6,1,0,6.0,0.5763888888888888,0.6666666666666666,0.9500734590093254,1.0693012800547277,1.1498356669828385,0.11557529121637344,1.0342603921890259,1.8984974341599214,1.0403960941364805,0.2456652919275406,nan,nan,0.30491340160369873,0.48914629220962524
2,higher_diversity,2,0.652,shuffled,associativity_pentagon,96,5,8,1,1,5.0,0.66875,0.6145833333333334,0.4393296286760666,2.2216537640170007,2.1098544308644125,0.14073355495929718,1.969120979309082,2.017318956550184,1.9791831432806999,0.19997345760199944,2.290312764588014,2.0412933277829373,0.6296263337135315,0.8209103941917419
2,higher_diversity,2,0.652,shuffled,commutativity_cube,96,8,24,6,5,4.0,0.5221354166666666,0.3541666666666667,0.592670928715858,1.7700833365522095,1.9048666735136477,0.0123622827231884,1.8925044536590576,1.973983429012498,1.8738604072402314,0.2761450562627033,2.0529802659261787,2.006655586663954,0.4902031123638153,0.7799415588378906
2,higher_diversity,2,0.652,shuffled,commutativity_involution,96,2,2,1,0,2.0,0.6770833333333334,0.625,1.1477949668306062,2.354961062190392,1.7739481809621849,0.020803064107894897,1.7531452178955078,1.959921495453487,1.7557116319665274,0.4284704563006782,nan,nan,0.2374630570411682,0.8517241477966309
2,higher_diversity,2,0.652,shuffled,demorgan_and_square,96,4,4,1,0,4.0,0.53125,0.3541666666666667,1.5025530151234212,1.326592078567595,0.9593351860066763,0.040729012340307236,0.9186061024665833,1.997919065376436,1.4786674670616076,0.17081747689398438,nan,nan,0.052781932055950165,0.3185522258281708
2,higher_diversity,2,0.652,shuffled,demorgan_or_square,96,4,4,1,0,4.0,0.4973958333333333,0.2708333333333333,1.398622581920839,2.026739979693497,1.8395608398370118,1.1609479188919067,0.6786129474639893,1.9978655717849703,1.0324079975019391,0.23123795915800524,nan,nan,0.08815564215183258,0.47295883297920227
2,higher_diversity,2,0.652,shuffled,distributivity_diamond,96,4,5,2,1,3.0,0.6458333333333334,0.3854166666666667,1.2952494673904662,1.764460928013609,2.1723598779553424,0.08008543401956558,2.0922744274139404,1.997084730680496,2.2509341904286955,0.504569471218816,2.398260811234196,1.774816183253557,0.1856539398431778,0.8480485081672668
2,higher_diversity,2,0.652,shuffled,double_negation,96,2,2,1,0,2.0,0.5989583333333334,0.4270833333333333,2.355940628096147,1.596855613468024,3.396205207767625,0.02660576067864895,3.3695995807647705,2.0483442559968235,3.8823311656816273,1.0792346661159424,nan,nan,0.168288454413414,0.6821152567863464
2,higher_diversity,2,0.652,shuffled,exact1_hexagon,96,6,6,1,0,6.0,0.5538194444444444,0.4166666666666667,0.8376652410251464,2.158484504215266,1.6985067644063239,0.099620521068573,1.598886251449585,1.9911014533367524,1.6129808179350713,0.14717902777969308,nan,nan,0.3912559747695923,0.15232808887958527
2,higher_diversity,2,0.652,shuffled,ite_expansion,96,2,2,1,0,2.0,0.5364583333333334,0.59375,1.9091307929269807,1.693926903742521,1.7271229780333082,0.02512010745704174,1.702002763748169,2.0061736687870133,2.083031502220613,0.5638975133331571,nan,nan,0.23270326852798462,0.6837377548217773
2,higher_diversity,2,0.652,shuffled,majority_duality,96,2,2,1,0,2.0,0.5677083333333334,0.4479166666666667,1.9921400542230738,1.5489987071260125,0.9013908256959138,0.017495734617114067,0.8838951587677002,2.0081704668495974,1.3546159826786868,0.27251373235503157,nan,nan,0.3655529320240021,0.4280621111392975
2,higher_diversity,2,0.652,shuffled,nary_and_hexagon,96,6,6,1,0,6.0,0.5763888888888888,0.6666666666666666,0.9500734590093254,1.8193105886704628,1.8689541332140704,0.054277073591947556,1.814677119255066,2.0013819267416966,1.8255722877863496,0.18164414267131027,nan,nan,0.30491340160369873,0.48914629220962524
2,higher_diversity,2,0.652,identity,associativity_pentagon,96,5,8,1,1,5.0,0.66875,0.6145833333333334,0.4393296286760666,0.43932962746059256,0.0,0.0,0.0,0.0,0.0,0.0,0.0,0.7859432498656791,0.6296263337135315,0.8209103941917419
2,higher_diversity,2,0.652,identity,commutativity_cube,96,8,24,6,5,4.0,0.5221354166666666,0.3541666666666667,0.592670928715858,0.5926709290790926,0.0,0.0,0.0,0.0,0.0,0.0,0.0,1.360239606554214,0.4902031123638153,0.7799415588378906
2,higher_diversity,2,0.652,identity,commutativity_involution,96,2,2,1,0,2.0,0.6770833333333334,0.625,1.1477949668306062,1.1477949621647012,0.0,0.0,0.0,0.0,0.0,0.0,nan,nan,0.2374630570411682,0.8517241477966309
2,higher_diversity,2,0.652,identity,demorgan_and_square,96,4,4,1,0,4.0,0.53125,0.3541666666666667,1.5025530151234212,1.5025530118761334,0.0,0.0,0.0,0.0,0.0,0.0,nan,nan,0.052781932055950165,0.3185522258281708
2,higher_diversity,2,0.652,identity,demorgan_or_square,96,4,4,1,0,4.0,0.4973958333333333,0.2708333333333333,1.398622581920839,1.398622583650176,0.0,0.0,0.0,0.0,0.0,0.0,nan,nan,0.08815564215183258,0.47295883297920227
2,higher_diversity,2,0.652,identity,distributivity_diamond,96,4,5,2,1,3.0,0.6458333333333334,0.3854166666666667,1.2952494673904662,1.2952494679276851,0.0,0.0,0.0,0.0,0.0,0.0,0.0,1.4782607766771731,0.1856539398431778,0.8480485081672668
2,higher_diversity,2,0.652,identity,double_negation,96,2,2,1,0,2.0,0.5989583333333334,0.4270833333333333,2.355940628096147,2.3559406162564818,0.0,0.0,0.0,0.0,0.0,0.0,nan,nan,0.168288454413414,0.6821152567863464
2,higher_diversity,2,0.652,identity,exact1_hexagon,96,6,6,1,0,6.0,0.5538194444444444,0.4166666666666667,0.8376652410251464,0.8376652403967942,0.0,0.0,0.0,0.0,0.0,0.0,nan,nan,0.3912559747695923,0.15232808887958527
2,higher_diversity,2,0.652,identity,ite_expansion,96,2,2,1,0,2.0,0.5364583333333334,0.59375,1.9091307929269807,1.9091307973077332,0.0,0.0,0.0,0.0,0.0,0.0,nan,nan,0.23270326852798462,0.6837377548217773
2,higher_diversity,2,0.652,identity,majority_duality,96,2,2,1,0,2.0,0.5677083333333334,0.4479166666666667,1.9921400542230738,1.9921400585434783,0.0,0.0,0.0,0.0,0.0,0.0,nan,nan,0.3655529320240021,0.4280621111392975
2,higher_diversity,2,0.652,identity,nary_and_hexagon,96,6,6,1,0,6.0,0.5763888888888888,0.6666666666666666,0.9500734590093254,0.9500734579593824,0.0,0.0,0.0,0.0,0.0,0.0,nan,nan,0.30491340160369873,0.48914629220962524
2,low_diversity,0,0.6395,fitted,associativity_pentagon,96,5,8,1,1,5.0,0.5645833333333333,0.5729166666666666,0.5983960634661181,0.6149654025414246,0.15139646549093086,0.011267884634435177,0.14012858271598816,1.6946972542625527,0.1422723864273641,0.2658635030302919,0.03505301475870191,1.0703314418656529,0.5246650576591492,0.9507154822349548
2,low_diversity,0,0.6395,fitted,commutativity_cube,96,8,24,6,5,4.0,0.5390625,0.6979166666666666,0.8228197179195482,0.8649616311039612,0.3239835874266975,0.006999816745519638,0.31698375940322876,1.6552383623128974,0.3029088902533398,0.35286446847012193,0.08672219342492923,1.6038873280298567,0.3485023081302643,0.3521299362182617
2,low_diversity,0,0.6395,fitted,commutativity_involution,96,2,2,1,0,2.0,0.5885416666666666,0.6979166666666666,1.1467555861274321,1.1859808402685676,0.2661392456337084,0.027973152697086334,0.23816609382629395,1.7381089893797925,0.23930554738358276,0.4318695796149456,nan,nan,0.19661684334278107,0.9460843205451965
2,low_diversity,0,0.6395,fitted,demorgan_and_square,96,4,4,1,0,4.0,0.4661458333333333,0.10416666666666667,1.7514474120624812,0.8061436161329543,0.48607576019212106,0.06755439192056656,0.4185214042663574,1.8787372446336372,0.923587420084379,0.18954341851345458,nan,nan,0.012914163060486317,0.9827319979667664
2,low_diversity,0,0.6395,fitted,demorgan_or_square,96,4,4,1,0,4.0,0.4401041666666667,0.22916666666666666,1.701365033977556,1.3894790213172576,0.8381982708311879,0.10288853943347931,0.7353097200393677,1.904216239843379,0.9909116584395306,0.13859197529799103,nan,nan,0.01909015141427517,0.8890156745910645
2,low_diversity,0,0.6395,fitted,distributivity_diamond,96,4,5,2,1,3.0,0.5885416666666666,0.3541666666666667,1.4487870650337444,1.1587332442386589,0.3227370482307568,0.014157168567180634,0.3085798919200897,1.8238846443989711,0.37560264074992217,0.14148351283846627,0.451190217327978,1.2523962955507768,0.09889001399278641,0.9173577427864075
2,low_diversity,0,0.6395,fitted,double_negation,96,2,2,1,0,2.0,0.5260416666666666,0.3854166666666667,2.502396501508032,1.3810827753593742,0.5471282970843624,0.0151675408706069,0.5319607853889465,1.7088296927972568,0.5919974014774877,0.27951174339271523,nan,nan,0.12568208575248718,0.9427338242530823
2,low_diversity,0,0.6395,fitted,exact1_hexagon,96,6,6,1,0,6.0,0.4600694444444444,0.17708333333333334,1.419669970125611,1.450302197462328,0.41608475076474805,0.12210802733898163,0.29397672414779663,1.9172313659667413,0.3018780302322254,0.1166483091828918,nan,nan,0.08105400204658508,0.8948838710784912
2,low_diversity,0,0.6395,fitted,ite_expansion,96,2,2,1,0,2.0,0.5,0.4791666666666667,2.152190975830287,1.506064481604246,0.5937205118263602,0.05818825960159302,0.5355322360992432,1.7677012295582204,0.6335017383323974,0.28499220928168456,nan,nan,0.02128985896706581,0.9716590046882629
2,low_diversity,0,0.6395,fitted,majority_duality,96,2,2,1,0,2.0,0.4427083333333333,0.65625,1.9876266533495446,1.4338863098290684,0.2795727574620872,0.012072696350514889,0.26750004291534424,1.6807457121116987,0.41341415147733784,0.08966980484374874,nan,nan,0.023265060037374496,0.6934029459953308
2,low_diversity,0,0.6395,fitted,nary_and_hexagon,96,6,6,1,0,6.0,0.5486111111111112,0.6875,1.2630046850379535,1.5053263630133,1.3803466325657192,0.025943180546164513,1.3544034957885742,1.8949819581143108,1.3604326167204892,0.2273717693111014,nan,nan,0.13398724794387817,0.3670627176761627
2,low_diversity,0,0.6395,shuffled,associativity_pentagon,96,5,8,1,1,5.0,0.5645833333333333,0.5729166666666666,0.5983960634661181,1.1743573668798706,1.878095656551262,0.13493391871452332,1.7431617975234985,1.9934176095263103,1.7616814343645861,0.3549636116232244,0.8184284376190739,1.4247101837044338,0.5246650576591492,0.9507154822349548
2,low_diversity,0,0.6395,shuffled,commutativity_cube,96,8,24,6,5,4.0,0.5390625,0.6979166666666666,0.8228197179195482,2.0993239574499616,1.405233503265197,0.013251038268208504,1.3919824361801147,1.9672480305576145,1.3762461088684481,0.18903177341912317,1.363455236514841,1.7573694402353501,0.3485023081302643,0.3521299362182617
2,low_diversity,0,0.6395,shuffled,commutativity_involution,96,2,2,1,0,2.0,0.5885416666666666,0.6979166666666666,1.1467555861274321,2.3116520942308707,1.6350255992048215,0.07359080016613007,1.5614346265792847,1.9569285497976983,1.565256555182101,0.37413800677927306,nan,nan,0.19661684334278107,0.9460843205451965
2,low_diversity,0,0.6395,shuffled,demorgan_and_square,96,4,4,1,0,4.0,0.4661458333333333,0.10416666666666667,1.7514474120624812,1.077684377536548,1.0374977415349493,0.03987893834710121,0.9976187944412231,2.0005719531288624,2.0266991243778074,0.2969152221518984,nan,nan,0.012914163060486317,0.9827319979667664
2,low_diversity,0,0.6395,shuffled,demorgan_or_square,96,4,4,1,0,4.0,0.4401041666666667,0.22916666666666666,1.701365033977556,1.768810595904585,1.5273112091084033,0.2669129967689514,1.260398268699646,2.0211075526880125,1.5576191440261582,0.18419021556106077,nan,nan,0.01909015141427517,0.8890156745910645
2,low_diversity,0,0.6395,shuffled,distributivity_diamond,96,4,5,2,1,3.0,0.5885416666666666,0.3541666666666667,1.4487870650337444,1.6417622474309554,1.7720033949675957,0.05638572946190834,1.7156175374984741,1.9994256859271609,1.9076593138361793,0.48289509169147027,1.8115741106371384,1.5544364399489328,0.09889001399278641,0.9173577427864075
2,low_diversity,0,0.6395,shuffled,double_negation,96,2,2,1,0,2.0,0.5260416666666666,0.3854166666666667,2.502396501508032,1.7913408708896459,2.9086733243136096,0.015082165598869324,2.8935911655426025,2.0007842418746553,3.1178896603129718,0.8646030270344195,nan,nan,0.12568208575248718,0.9427338242530823
2,low_diversity,0,0.6395,shuffled,exact1_hexagon,96,6,6,1,0,6.0,0.4600694444444444,0.17708333333333334,1.419669970125611,2.0881976927594605,2.313852675108312,0.05601607263088226,2.25783634185791,2.0443359889019264,2.297782653315976,0.1853456944588834,nan,nan,0.08105400204658508,0.8948838710784912
2,low_diversity,0,0.6395,shuffled,ite_expansion,96,2,2,1,0,2.0,0.5,0.4791666666666667,2.152190975830287,1.6822263492885492,2.0543277758158185,0.04648647457361221,2.007841110229492,1.9720147716690297,2.366645535040321,0.7024586686804998,nan,nan,0.02128985896706581,0.9716590046882629
2,low_diversity,0,0.6395,shuffled,majority_duality,96,2,2,1,0,2.0,0.4427083333333333,0.65625,1.9876266533495446,1.7265341772048848,1.1853444843923213,0.02201254293322563,1.1633319854736328,2.0305095018587345,1.5287784062575,0.18463640306978665,nan,nan,0.023265060037374496,0.6934029459953308
2,low_diversity,0,0.6395,shuffled,nary_and_hexagon,96,6,6,1,0,6.0,0.5486111111111112,0.6875,1.2630046850379535,1.49064962794461,0.9913941401813336,0.016723865643143654,0.9746702313423157,2.0238189373957023,0.9782028199296016,0.1625903913724804,nan,nan,0.13398724794387817,0.3670627176761627
2,low_diversity,0,0.6395,identity,associativity_pentagon,96,5,8,1,1,5.0,0.5645833333333333,0.5729166666666666,0.5983960634661181,0.5983960639164626,0.0,0.0,0.0,0.0,0.0,0.0,0.0,1.0386765197887955,0.5246650576591492,0.9507154822349548
2,low_diversity,0,0.6395,identity,commutativity_cube,96,8,24,6,5,4.0,0.5390625,0.6979166666666666,0.8228197179195482,0.8228197224516696,0.0,0.0,0.0,0.0,0.0,0.0,0.0,1.5764928955166986,0.3485023081302643,0.3521299362182617
2,low_diversity,0,0.6395,identity,commutativity_involution,96,2,2,1,0,2.0,0.5885416666666666,0.6979166666666666,1.1467555861274321,1.146755596113392,0.0,0.0,0.0,0.0,0.0,0.0,nan,nan,0.19661684334278107,0.9460843205451965
2,low_diversity,0,0.6395,identity,demorgan_and_square,96,4,4,1,0,4.0,0.4661458333333333,0.10416666666666667,1.7514474120624812,1.7514474055384284,0.0,0.0,0.0,0.0,0.0,0.0,nan,nan,0.012914163060486317,0.9827319979667664
2,low_diversity,0,0.6395,identity,demorgan_or_square,96,4,4,1,0,4.0,0.4401041666666667,0.22916666666666666,1.701365033977556,1.701365026788663,0.0,0.0,0.0,0.0,0.0,0.0,nan,nan,0.01909015141427517,0.8890156745910645
2,low_diversity,0,0.6395,identity,distributivity_diamond,96,4,5,2,1,3.0,0.5885416666666666,0.3541666666666667,1.4487870650337444,1.4487870599239976,0.0,0.0,0.0,0.0,0.0,0.0,0.0,1.777699480648006,0.09889001399278641,0.9173577427864075
2,low_diversity,0,0.6395,identity,double_negation,96,2,2,1,0,2.0,0.5260416666666666,0.3854166666666667,2.502396501508032,2.502396502977191,0.0,0.0,0.0,0.0,0.0,0.0,nan,nan,0.12568208575248718,0.9427338242530823
2,low_diversity,0,0.6395,identity,exact1_hexagon,96,6,6,1,0,6.0,0.4600694444444444,0.17708333333333334,1.419669970125611,1.4196699749511448,0.0,0.0,0.0,0.0,0.0,0.0,nan,nan,0.08105400204658508,0.8948838710784912
2,low_diversity,0,0.6395,identity,ite_expansion,96,2,2,1,0,2.0,0.5,0.4791666666666667,2.152190975830287,2.1521909739295686,0.0,0.0,0.0,0.0,0.0,0.0,nan,nan,0.02128985896706581,0.9716590046882629
2,low_diversity,0,0.6395,identity,majority_duality,96,2,2,1,0,2.0,0.4427083333333333,0.65625,1.9876266533495446,1.987626655517883,0.0,0.0,0.0,0.0,0.0,0.0,nan,nan,0.023265060037374496,0.6934029459953308
2,low_diversity,0,0.6395,identity,nary_and_hexagon,96,6,6,1,0,6.0,0.5486111111111112,0.6875,1.2630046850379535,1.2630046817542944,0.0,0.0,0.0,0.0,0.0,0.0,nan,nan,0.13398724794387817,0.3670627176761627
2,low_diversity,1,0.6355,fitted,associativity_pentagon,96,5,8,1,1,5.0,0.5604166666666667,0.5833333333333334,0.6355147272216788,0.6670870072397276,0.3926470849895035,0.1012241318821907,0.29142293334007263,1.616891251277617,0.2930073327749716,0.47851742107802436,0.08132814696899722,1.2118788474309286,0.4722653031349182,0.8928231596946716
2,low_diversity,1,0.6355,fitted,commutativity_cube,96,8,24,6,5,4.0,0.5690104166666666,0.34375,0.7110939127530291,0.7568043355153778,0.34996757081104996,0.03969111666083336,0.31027644872665405,1.6631496900248601,0.30633569798643273,0.32085070665608906,0.13201429164630943,1.5897700314604548,0.4184134006500244,0.9056465029716492
2,low_diversity,1,0.6355,fitted,commutativity_involution,96,2,2,1,0,2.0,0.5729166666666666,0.6041666666666666,1.6214496306243373,1.6391791223239318,0.3460666493389106,0.016281720250844955,0.32978492975234985,1.7574232056284094,0.3313019078081127,0.3068597549500814,nan,nan,0.028314756229519844,0.8782547116279602
2,low_diversity,1,0.6355,fitted,demorgan_and_square,96,4,4,1,0,4.0,0.5182291666666666,0.041666666666666664,1.9052899043673148,0.4028433522588093,0.28463373616462967,0.007796000223606825,0.27683770656585693,1.9435829589924518,0.9488128354222077,0.25913810988802805,nan,nan,0.001735973870381713,0.9794392585754395
2,low_diversity,1,0.6355,fitted,demorgan_or_square,96,4,4,1,0,4.0,0.5052083333333334,0.2708333333333333,1.729298775016677,1.1955325811791702,0.3896743075577826,0.09662358462810516,0.29305073618888855,1.886499380251841,0.6464726686564508,0.08324139098195439,nan,nan,0.01832253485918045,0.7964494228363037
2,low_diversity,1,0.6355,fitted,distributivity_diamond,96,4,5,2,1,3.0,0.5703125,0.19791666666666666,1.716928608462637,1.1644081667207127,0.457827263453449,0.007927902042865753,0.4498993754386902,1.7676620069103157,0.5672412031734247,0.16526422708233915,0.5745518661618451,1.079104566807004,0.019597023725509644,0.9188340306282043
2,low_diversity,1,0.6355,fitted,double_negation,96,2,2,1,0,2.0,0.5208333333333334,0.4583333333333333,2.2526942355844195,1.5938008378367763,0.7266949851715435,0.033115923404693604,0.6935790777206421,1.6409060909911612,0.7760794841088481,0.3111159287889517,nan,nan,0.048490602523088455,0.9355848431587219
2,low_diversity,1,0.6355,fitted,exact1_hexagon,96,6,6,1,0,6.0,0.5590277777777778,0.2604166666666667,1.153679957175719,1.183926449147911,0.39848733644199774,0.02938561700284481,0.36910170316696167,1.8811534970579762,0.37248524201700906,0.11750665123744065,nan,nan,0.16749557852745056,0.8431992530822754
2,low_diversity,1,0.6355,fitted,ite_expansion,96,2,2,1,0,2.0,0.5520833333333334,0.4166666666666667,2.5314286192805,1.2172602337475582,0.6488046268889663,0.009580940008163452,0.6392236351966858,1.7388360879210791,0.9289026709844384,0.29985869870425336,nan,nan,0.18413366377353668,0.9183099865913391
2,low_diversity,1,0.6355,fitted,majority_duality,96,2,2,1,0,2.0,0.4791666666666667,0.5625,2.2532160650400113,1.3001750990190857,0.8999293878966814,0.043832872062921524,0.8560965061187744,1.6723417169393702,1.5606397505484206,0.2203199777284962,nan,nan,0.09304898977279663,0.7696822285652161
2,low_diversity,1,0.6355,fitted,nary_and_hexagon,96,6,6,1,0,6.0,0.4982638888888889,0.9270833333333334,1.307364452159862,1.39458243350133,1.445530640929998,0.16800056397914886,1.2775300741195679,1.88209212599201,1.2802369694832691,0.23118997696608354,nan,nan,0.08444259315729141,0.11513713002204895
2,low_diversity,1,0.6355,shuffled,associativity_pentagon,96,5,8,1,1,5.0,0.5604166666666667,0.5833333333333334,0.6355147272216788,1.4799368145387746,2.658898192109439,0.1547844409942627,2.5041139125823975,2.0503605269396634,2.5106579506044717,0.4201298748576874,1.5889485773843672,2.175426813048864,0.4722653031349182,0.8928231596946716
2,low_diversity,1,0.6355,shuffled,commutativity_cube,96,8,24,6,5,4.0,0.5690104166666666,0.34375,0.7110939127530291,2.6372851418106653,1.791078225773037,0.028428858146071434,1.7626492977142334,1.937621860484037,1.7302541314065072,0.18199873055964982,1.9473018203448804,2.1319559020124332,0.4184134006500244,0.9056465029716492
2,low_diversity,1,0.6355,shuffled,commutativity_involution,96,2,2,1,0,2.0,0.5729166666666666,0.6041666666666666,1.6214496306243373,2.205555805155854,1.1701415231004964,0.02676570415496826,1.1433757543563843,1.9887147352051249,1.145571100093706,0.3249191214527696,nan,nan,0.028314756229519844,0.8782547116279602
2,low_diversity,1,0.6355,shuffled,demorgan_and_square,96,4,4,1,0,4.0,0.5182291666666666,0.041666666666666664,1.9052899043673148,0.5295839282764903,0.6560921376105974,0.014432321302592754,0.6416597962379456,1.9904110784379403,2.023375063800107,0.3291096720721854,nan,nan,0.001735973870381713,0.9794392585754395
2,low_diversity,1,0.6355,shuffled,demorgan_or_square,96,4,4,1,0,4.0,0.5052083333333334,0.2708333333333333,1.729298775016677,1.736228107973118,1.363835493646233,0.7566635012626648,0.607171893119812,1.9639809995139867,1.122337710683603,0.176350943779246,nan,nan,0.01832253485918045,0.7964494228363037
2,low_diversity,1,0.6355,shuffled,distributivity_diamond,96,4,5,2,1,3.0,0.5703125,0.19791666666666666,1.716928608462637,1.5781815196993254,2.2096600488884213,0.03151075541973114,2.178149461746216,2.0074993642220034,2.654973244183497,0.6439413275029452,2.4014394389158378,1.4995799415715994,0.019597023725509644,0.9188340306282043
2,low_diversity,1,0.6355,shuffled,double_negation,96,2,2,1,0,2.0,0.5208333333333334,0.4583333333333333,2.2526942355844195,1.6806588578403536,1.7553357020872178,0.07471952587366104,1.6806162595748901,2.024297712453428,1.9419666443261774,0.6973120614990553,nan,nan,0.048490602523088455,0.9355848431587219
2,low_diversity,1,0.6355,shuffled,exact1_hexagon,96,6,6,1,0,6.0,0.5590277777777778,0.2604166666666667,1.153679957175719,1.914465295376069,3.0138022098366224,0.06860314309597015,2.9451990127563477,1.996498324616,3.000323327376816,0.2869406344975349,nan,nan,0.16749557852745056,0.8431992530822754
2,low_diversity,1,0.6355,shuffled,ite_expansion,96,2,2,1,0,2.0,0.5520833333333334,0.4166666666666667,2.5314286192805,1.3189140964485007,1.2455305122689708,0.013177784159779549,1.2323527336120605,1.9906267504029982,1.6821862835316723,0.5532519191616637,nan,nan,0.18413366377353668,0.9183099865913391
2,low_diversity,1,0.6355,shuffled,majority_duality,96,2,2,1,0,2.0,0.4791666666666667,0.5625,2.2532160650400113,1.4830712683316394,0.7397966084450576,0.05975918844342232,0.6800373792648315,2.021024073344144,1.107665058622874,0.15657693633761274,nan,nan,0.09304898977279663,0.7696822285652161
2,low_diversity,1,0.6355,shuffled,nary_and_hexagon,96,6,6,1,0,6.0,0.4982638888888889,0.9270833333333334,1.307364452159862,2.0202557589738035,1.9510799441373716,0.030894864350557327,1.9201850891113281,1.922967711342345,1.923221281475149,0.14389969457167243,nan,nan,0.08444259315729141,0.11513713002204895
2,low_diversity,1,0.6355,identity,associativity_pentagon,96,5,8,1,1,5.0,0.5604166666666667,0.5833333333333334,0.6355147272216788,0.6355147308477208,0.0,0.0,0.0,0.0,0.0,0.0,0.0,1.1536610562375096,0.4722653031349182,0.8928231596946716
2,low_diversity,1,0.6355,identity,commutativity_cube,96,8,24,6,5,4.0,0.5690104166666666,0.34375,0.7110939127530291,0.7110939153515968,0.0,0.0,0.0,0.0,0.0,0.0,0.0,1.5691015574362592,0.4184134006500244,0.9056465029716492
2,low_diversity,1,0.6355,identity,commutativity_involution,96,2,2,1,0,2.0,0.5729166666666666,0.6041666666666666,1.6214496306243373,1.621449632649943,0.0,0.0,0.0,0.0,0.0,0.0,nan,nan,0.028314756229519844,0.8782547116279602
2,low_diversity,1,0.6355,identity,demorgan_and_square,96,4,4,1,0,4.0,0.5182291666666666,0.041666666666666664,1.9052899043673148,1.9052899133434396,0.0,0.0,0.0,0.0,0.0,0.0,nan,nan,0.001735973870381713,0.9794392585754395
2,low_diversity,1,0.6355,identity,demorgan_or_square,96,4,4,1,0,4.0,0.5052083333333334,0.2708333333333333,1.729298775016677,1.7292987804324587,0.0,0.0,0.0,0.0,0.0,0.0,nan,nan,0.01832253485918045,0.7964494228363037
2,low_diversity,1,0.6355,identity,distributivity_diamond,96,4,5,2,1,3.0,0.5703125,0.19791666666666666,1.716928608462637,1.7169286123633765,0.0,0.0,0.0,0.0,0.0,0.0,0.0,1.9869050417506817,0.019597023725509644,0.9188340306282043
2,low_diversity,1,0.6355,identity,double_negation,96,2,2,1,0,2.0,0.5208333333333334,0.4583333333333333,2.2526942355844195,2.252694253254148,0.0,0.0,0.0,0.0,0.0,0.0,nan,nan,0.048490602523088455,0.9355848431587219
2,low_diversity,1,0.6355,identity,exact1_hexagon,96,6,6,1,0,6.0,0.5590277777777778,0.2604166666666667,1.153679957175719,1.1536799590240447,0.0,0.0,0.0,0.0,0.0,0.0,nan,nan,0.16749557852745056,0.8431992530822754
2,low_diversity,1,0.6355,identity,ite_expansion,96,2,2,1,0,2.0,0.5520833333333334,0.4166666666666667,2.5314286192805,2.5314286055909263,0.0,0.0,0.0,0.0,0.0,0.0,nan,nan,0.18413366377353668,0.9183099865913391
2,low_diversity,1,0.6355,identity,majority_duality,96,2,2,1,0,2.0,0.4791666666666667,0.5625,2.2532160650400113,2.253216065343729,0.0,0.0,0.0,0.0,0.0,0.0,nan,nan,0.09304898977279663,0.7696822285652161
2,low_diversity,1,0.6355,identity,nary_and_hexagon,96,6,6,1,0,6.0,0.4982638888888889,0.9270833333333334,1.307364452159862,1.3073644598728476,0.0,0.0,0.0,0.0,0.0,0.0,nan,nan,0.08444259315729141,0.11513713002204895
2,low_diversity,2,0.6285000000000001,fitted,associativity_pentagon,96,5,8,1,1,5.0,0.5041666666666667,0.4791666666666667,0.8422028800982819,0.8826473381155003,0.39981730643947666,0.04347432032227516,0.35634297132492065,1.6903504873389392,0.35964075702738596,0.30793250516492127,0.10441164260554223,1.7608731769244967,0.30972787737846375,0.8755044937133789
2,low_diversity,2,0.6285000000000001,fitted,commutativity_cube,96,8,24,6,5,4.0,0.5260416666666666,0.3333333333333333,0.8612291639099963,0.910826228621875,0.37264365466851584,0.00938322488218546,0.363260418176651,1.6612510072092945,0.3548480200586925,0.258876261607577,0.16565466791806507,1.8491619177827963,0.3177073895931244,0.8269783854484558
2,low_diversity,2,0.6285000000000001,fitted,commutativity_involution,96,2,2,1,0,2.0,0.5885416666666666,0.65625,1.4758951811502585,1.503611690716159,0.3285954627754177,0.007913664914667606,0.32068178057670593,1.810130654557277,0.32142392602280107,0.3739098188815584,nan,nan,0.07810083031654358,0.8694879412651062
2,low_diversity,2,0.6285000000000001,fitted,demorgan_and_square,96,4,4,1,0,4.0,0.4609375,0.13541666666666666,1.7016183065705799,1.0105291105963594,1.6199337498568505,0.034994788467884064,1.584938883781433,1.8924412094297052,2.293309794643209,0.4095467004977436,nan,nan,0.020716728642582893,0.9548988342285156
2,low_diversity,2,0.6285000000000001,fitted,demorgan_or_square,96,4,4,1,0,4.0,0.4791666666666667,0.4895833333333333,1.5256857265183013,1.5312233001408992,1.0665540728453158,0.05901703983545303,1.0075371265411377,1.9306798730945507,1.0397531228950683,0.2620083071589649,nan,nan,0.0507173053920269,0.7147567868232727
2,low_diversity,2,0.6285000000000001,fitted,distributivity_diamond,96,4,5,2,1,3.0,0.5520833333333334,0.09375,1.9083137179422258,1.1119457674375004,0.44873584274464595,0.012148848734796047,0.43658697605133057,1.8242852269202026,0.5977744485254686,0.16837392152546668,0.6407010694472524,1.1444266475408473,0.005749250762164593,0.9493613243103027
2,low_diversity,2,0.6285000000000001,fitted,double_negation,96,2,2,1,0,2.0,0.5572916666666666,0.46875,2.336526171466552,1.4610108568193623,0.8225138410132024,0.011220554821193218,0.8112932443618774,1.5869583724671905,0.8949660547646909,0.3740336919347014,nan,nan,0.07394832372665405,0.9223976135253906
2,low_diversity,2,0.6285000000000001,fitted,exact1_hexagon,96,6,6,1,0,6.0,0.4930555555555556,0.16666666666666666,1.4094524791064817,1.4704661179503726,0.5592180312389858,0.0494510792195797,0.5097669363021851,1.8890998605558875,0.5128157424804617,0.09513865717171187,nan,nan,0.07768448442220688,0.9380245208740234
2,low_diversity,2,0.6285000000000001,fitted,ite_expansion,96,2,2,1,0,2.0,0.4322916666666667,0.5104166666666666,2.31186681276829,1.42123732416172,1.4910174030219563,0.0211138054728508,1.469903588294983,1.8067306527162554,1.8088674598739671,0.6281852256231758,nan,nan,0.06501299142837524,0.8852213025093079
2,low_diversity,2,0.6285000000000001,fitted,majority_duality,96,2,2,1,0,2.0,0.4791666666666667,0.7083333333333334,1.4642238066327198,1.4659566156465014,0.4084709712824044,0.029474705457687378,0.3789962828159332,1.648160772863213,0.39704148777574927,0.27800333334879446,nan,nan,0.07685170322656631,0.770434558391571
2,low_diversity,2,0.6285000000000001,fitted,nary_and_hexagon,96,6,6,1,0,6.0,0.5972222222222222,0.3541666666666667,1.343857854854234,1.413189015814964,0.8000012123742926,0.025691600516438484,0.7743096351623535,1.9168386538123403,0.7787682163570196,0.15305966946714913,nan,nan,0.1069687232375145,0.7134990692138672
2,low_diversity,2,0.6285000000000001,shuffled,associativity_pentagon,96,5,8,1,1,5.0,0.5041666666666667,0.4791666666666667,0.8422028800982819,2.2404012264423865,2.200727169246185,0.06886426359415054,2.1318628787994385,1.9797669819091617,2.1899674196328025,0.2578985894553878,3.9206496907257598,2.1505216507583897,0.30972787737846375,0.8755044937133789
2,low_diversity,2,0.6285000000000001,shuffled,commutativity_cube,96,8,24,6,5,4.0,0.5260416666666666,0.3333333333333333,0.8612291639099963,1.9132696960130338,1.9447737435878587,0.0151910912245512,1.9295827150344849,1.9726453371554524,1.9120963988677466,0.28022907267685165,1.8848493112972973,1.9824783049098718,0.3177073895931244,0.8269783854484558
2,low_diversity,2,0.6285000000000001,shuffled,commutativity_involution,96,2,2,1,0,2.0,0.5885416666666666,0.65625,1.4758951811502585,2.2578664737212306,1.6215562141263207,0.029539892449975014,1.5920164585113525,1.9822118813358596,1.5930841898199533,0.36669059812460586,nan,nan,0.07810083031654358,0.8694879412651062
2,low_diversity,2,0.6285000000000001,shuffled,demorgan_and_square,96,4,4,1,0,4.0,0.4609375,0.13541666666666666,1.7016183065705799,1.3589365503147735,1.4871658800516805,0.03281589597463608,1.4543499946594238,2.0337776487945765,2.0722622454928237,0.3082422159258188,nan,nan,0.020716728642582893,0.9548988342285156
2,low_diversity,2,0.6285000000000001,shuffled,demorgan_or_square,96,4,4,1,0,4.0,0.4791666666666667,0.4895833333333333,1.5256857265183013,1.7987400006189995,1.9736508319331203,0.04055492952466011,1.9330958127975464,1.9824032426847067,1.9649346457142143,0.3057334348338083,nan,nan,0.0507173053920269,0.7147567868232727
2,low_diversity,2,0.6285000000000001,shuffled,distributivity_diamond,96,4,5,2,1,3.0,0.5520833333333334,0.09375,1.9083137179422258,1.335291690589964,1.710863178202588,0.023245910182595253,1.687617301940918,1.9662333755333965,2.4375454365139717,0.5093910312915872,2.0225368689533836,1.3423976251771814,0.005749250762164593,0.9493613243103027
2,low_diversity,2,0.6285000000000001,shuffled,double_negation,96,2,2,1,0,2.0,0.5572916666666666,0.46875,2.336526171466552,1.7019377565222797,2.477185647689112,0.00995486881583929,2.467230796813965,1.988692648776141,2.6891625329236843,0.8206794379632933,nan,nan,0.07394832372665405,0.9223976135253906
2,low_diversity,2,0.6285000000000001,shuffled,exact1_hexagon,96,6,6,1,0,6.0,0.4930555555555556,0.16666666666666666,1.4094524791064817,1.6827028315803834,1.3415616993615225,0.054298460483551025,1.28726327419281,2.0149206919950156,1.2937777007843791,0.15035398647522963,nan,nan,0.07768448442220688,0.9380245208740234
2,low_diversity,2,0.6285000000000001,shuffled,ite_expansion,96,2,2,1,0,2.0,0.4322916666666667,0.5104166666666666,2.31186681276829,1.6335797623141308,1.3781462213414013,0.026591530069708824,1.3515546321868896,1.9683760062017692,1.6303594006763507,0.5925197890195545,nan,nan,0.06501299142837524,0.8852213025093079
2,low_diversity,2,0.6285000000000001,shuffled,majority_duality,96,2,2,1,0,2.0,0.4791666666666667,0.7083333333333334,1.4642238066327198,1.9105856593175363,2.155708259872073,0.03354572504758835,2.1221625804901123,1.9907757260323866,2.1622924557388017,0.5033512141745482,nan,nan,0.07685170322656631,0.770434558391571
2,low_diversity,2,0.6285000000000001,shuffled,nary_and_hexagon,96,6,6,1,0,6.0,0.5972222222222222,0.3541666666666667,1.343857854854234,1.9377367937417171,2.211693677919498,0.02378603257238865,2.1879076957702637,2.015611604387021,2.1998159365474086,0.1989355443490446,nan,nan,0.1069687232375145,0.7134990692138672
2,low_diversity,2,0.6285000000000001,identity,associativity_pentagon,96,5,8,1,1,5.0,0.5041666666666667,0.4791666666666667,0.8422028800982819,0.8422028833623753,0.0,0.0,0.0,0.0,0.0,0.0,0.0,1.7188412438251812,0.30972787737846375,0.8755044937133789
2,low_diversity,2,0.6285000000000001,identity,commutativity_cube,96,8,24,6,5,4.0,0.5260416666666666,0.3333333333333333,0.8612291639099963,0.8612291627179978,0.0,0.0,0.0,0.0,0.0,0.0,0.0,1.8330142061909445,0.3177073895931244,0.8269783854484558
2,low_diversity,2,0.6285000000000001,identity,commutativity_involution,96,2,2,1,0,2.0,0.5885416666666666,0.65625,1.4758951811502585,1.4758951839481789,0.0,0.0,0.0,0.0,0.0,0.0,nan,nan,0.07810083031654358,0.8694879412651062
2,low_diversity,2,0.6285000000000001,identity,demorgan_and_square,96,4,4,1,0,4.0,0.4609375,0.13541666666666666,1.7016183065705799,1.7016183188859877,0.0,0.0,0.0,0.0,0.0,0.0,nan,nan,0.020716728642582893,0.9548988342285156
2,low_diversity,2,0.6285000000000001,identity,demorgan_or_square,96,4,4,1,0,4.0,0.4791666666666667,0.4895833333333333,1.5256857265183013,1.5256857203957237,0.0,0.0,0.0,0.0,0.0,0.0,nan,nan,0.0507173053920269,0.7147567868232727
2,low_diversity,2,0.6285000000000001,identity,distributivity_diamond,96,4,5,2,1,3.0,0.5520833333333334,0.09375,1.9083137179422258,1.908313711567436,0.0,0.0,0.0,0.0,0.0,0.0,0.0,2.433362982947797,0.005749250762164593,0.9493613243103027
2,low_diversity,2,0.6285000000000001,identity,double_negation,96,2,2,1,0,2.0,0.5572916666666666,0.46875,2.336526171466552,2.336526178366863,0.0,0.0,0.0,0.0,0.0,0.0,nan,nan,0.07394832372665405,0.9223976135253906
2,low_diversity,2,0.6285000000000001,identity,exact1_hexagon,96,6,6,1,0,6.0,0.4930555555555556,0.16666666666666666,1.4094524791064817,1.4094524761956877,0.0,0.0,0.0,0.0,0.0,0.0,nan,nan,0.07768448442220688,0.9380245208740234
2,low_diversity,2,0.6285000000000001,identity,ite_expansion,96,2,2,1,0,2.0,0.4322916666666667,0.5104166666666666,2.31186681276829,2.3118668075732507,0.0,0.0,0.0,0.0,0.0,0.0,nan,nan,0.06501299142837524,0.8852213025093079
2,low_diversity,2,0.6285000000000001,identity,majority_duality,96,2,2,1,0,2.0,0.4791666666666667,0.7083333333333334,1.4642238066327198,1.4642238066251192,0.0,0.0,0.0,0.0,0.0,0.0,nan,nan,0.07685170322656631,0.770434558391571
2,low_diversity,2,0.6285000000000001,identity,nary_and_hexagon,96,6,6,1,0,6.0,0.5972222222222222,0.3541666666666667,1.343857854854234,1.3438578542348256,0.0,0.0,0.0,0.0,0.0,0.0,nan,nan,0.1069687232375145,0.7134990692138672
4,higher_diversity,0,0.6625000000000001,fitted,associativity_pentagon,96,5,8,1,1,5.0,0.59375,0.5729166666666666,0.4380396743193277,0.5159703471453926,0.5946035675851779,0.025452371686697006,0.5691512227058411,1.6937622307931335,0.5734250266438086,0.3283399920240238,0.1346080855724814,1.0251689866443818,0.6495629549026489,0.8272636532783508
4,higher_diversity,0,0.6625000000000001,fitted,commutativity_cube,96,8,24,6,5,4.0,0.5377604166666666,0.3958333333333333,0.540221304894367,0.6140400542076814,0.46193831668609486,0.009310821071267128,0.4526275098323822,1.5697251596588677,0.44648301680996494,0.3051331512936613,0.1704869535168937,1.38620453477517,0.5487802028656006,0.7763087153434753
4,higher_diversity,0,0.6625000000000001,fitted,commutativity_involution,96,2,2,1,0,2.0,0.703125,0.7604166666666666,0.9647834356748772,1.0805667466759157,0.677249282720086,0.017002815380692482,0.6602465510368347,1.7226042409756597,0.6620956032348847,0.4273348684889721,nan,nan,0.4163559377193451,0.831071674823761
4,higher_diversity,0,0.6625000000000001,fitted,demorgan_and_square,96,4,4,1,0,4.0,0.6302083333333334,0.4270833333333333,1.3781146676044966,1.102625198477738,0.776856705393608,0.03451348468661308,0.7423432469367981,1.8525862121076235,0.9460126416402084,0.18832221250165015,nan,nan,0.10928291827440262,0.6973752975463867
4,higher_diversity,0,0.6625000000000001,fitted,demorgan_or_square,96,4,4,1,0,4.0,0.5572916666666666,0.3125,1.3484350377641614,1.178090048458537,1.1518457251763246,0.25563639402389526,0.8962093591690063,1.8682247254908804,1.0918419521543938,0.2682011776522822,nan,nan,0.11644258350133896,0.7831385731697083
4,higher_diversity,0,0.6625000000000001,fitted,distributivity_diamond,96,4,5,2,1,3.0,0.6510416666666666,0.4166666666666667,1.212336345927482,1.1332737371867359,0.6819472135591405,0.0170427355915308,0.6649044752120972,1.7874173866430834,0.7108936407181581,0.2647492720119298,0.8612458357199065,1.154733050935265,0.2226472795009613,0.8477969169616699
4,higher_diversity,0,0.6625000000000001,fitted,double_negation,96,2,2,1,0,2.0,0.6354166666666666,0.5208333333333334,2.132545722292688,1.2631368889091408,0.8492519147177408,0.010313810780644417,0.8389380574226379,1.605820295798375,0.9610214586460545,0.3537823930902295,nan,nan,0.12362238019704819,0.8603881001472473
4,higher_diversity,0,0.6625000000000001,fitted,exact1_hexagon,96,6,6,1,0,6.0,0.5451388888888888,0.1875,1.0732222708200603,1.205463561263544,1.2838675116901646,0.20918621122837067,1.074681282043457,1.8673963117270846,1.0795933464881418,0.1960582748205956,nan,nan,0.17793595790863037,0.6934019923210144
4,higher_diversity,0,0.6625000000000001,fitted,ite_expansion,96,2,2,1,0,2.0,0.5833333333333334,0.625,1.5945609535428062,1.3875396079244753,1.0008976823983884,0.03238644078373909,0.9685112237930298,1.8060549717443914,1.0611996901995728,0.4133016338445465,nan,nan,0.11771861463785172,0.8357351422309875
4,higher_diversity,0,0.6625000000000001,fitted,majority_duality,96,2,2,1,0,2.0,0.5572916666666666,0.4895833333333333,1.8355487298986717,1.3832098423238628,0.7495560395494818,0.02444281056523323,0.7251132726669312,1.6914527341388645,0.8889939761295138,0.2918786247695988,nan,nan,0.08119075745344162,0.7334210276603699
4,higher_diversity,0,0.6625000000000001,fitted,nary_and_hexagon,96,6,6,1,0,6.0,0.6336805555555556,0.4895833333333333,0.8245285946886306,0.9476638683510813,0.966279807714079,0.040362004190683365,0.9259178042411804,1.9178986860433733,0.9299675275866004,0.20706637136674197,nan,nan,0.4383006989955902,0.6923378705978394
4,higher_diversity,0,0.6625000000000001,shuffled,associativity_pentagon,96,5,8,1,1,5.0,0.59375,0.5729166666666666,0.4380396743193277,2.32759876283331,1.9921247289375361,0.1499142348766327,1.8422105312347412,2.0261567027598066,1.850768230405199,0.16829937905257075,2.0527010743645464,2.182993627064522,0.6495629549026489,0.8272636532783508
4,higher_diversity,0,0.6625000000000001,shuffled,commutativity_cube,96,8,24,6,5,4.0,0.5377604166666666,0.3958333333333333,0.540221304894367,2.136227641215086,2.041030258188517,0.03995201736688614,2.0010783672332764,1.9793417156903292,1.9673733120163146,0.2434449480909624,2.119163857686314,2.128123273099637,0.5487802028656006,0.7763087153434753
4,higher_diversity,0,0.6625000000000001,shuffled,commutativity_involution,96,2,2,1,0,2.0,0.703125,0.7604166666666666,0.9647834356748772,2.2671090912325926,2.1263676695149876,0.06830238550901413,2.058065176010132,1.9972472342807104,2.0681503283879756,0.4700981556211545,nan,nan,0.4163559377193451,0.831071674823761
4,higher_diversity,0,0.6625000000000001,shuffled,demorgan_and_square,96,4,4,1,0,4.0,0.6302083333333334,0.4270833333333333,1.3781146676044966,1.73179186417619,2.0488967030757337,0.10137250274419785,1.9475241899490356,2.0440330550870867,2.270772320031594,0.2977305838217116,nan,nan,0.10928291827440262,0.6973752975463867
4,higher_diversity,0,0.6625000000000001,shuffled,demorgan_or_square,96,4,4,1,0,4.0,0.5572916666666666,0.3125,1.3484350377641614,1.8365029113724263,2.0299493473951555,0.6085284948348999,1.421420931816101,2.0040305203633726,1.7623160605530235,0.2900436163524007,nan,nan,0.11644258350133896,0.7831385731697083
4,higher_diversity,0,0.6625000000000001,shuffled,distributivity_diamond,96,4,5,2,1,3.0,0.6510416666666666,0.4166666666666667,1.212336345927482,2.130814307889927,2.2756644686670926,0.1367468684911728,2.1389176845550537,2.008368270966237,2.2363433707004154,0.4117497841749079,2.5643505806435454,2.1644363445816475,0.2226472795009613,0.8477969169616699
4,higher_diversity,0,0.6625000000000001,shuffled,double_negation,96,2,2,1,0,2.0,0.6354166666666666,0.5208333333333334,2.132545722292688,1.7117034009155254,2.5675282415894736,0.01667645201086998,2.550851583480835,2.0212088720487746,2.87360750603128,0.7797303136286061,nan,nan,0.12362238019704819,0.8603881001472473
4,higher_diversity,0,0.6625000000000001,shuffled,exact1_hexagon,96,6,6,1,0,6.0,0.5451388888888888,0.1875,1.0732222708200603,1.955420464773251,2.0611678901959065,0.11110173910856247,1.9500659704208374,1.992869751562394,1.956358203153347,0.17880523943484042,nan,nan,0.17793595790863037,0.6934019923210144
4,higher_diversity,0,0.6625000000000001,shuffled,ite_expansion,96,2,2,1,0,2.0,0.5833333333333334,0.625,1.5945609535428062,1.7484360530580039,2.0302377557378324,0.048138584941625595,1.9820990562438965,2.024704895701643,2.1198529543939157,0.6123741669393187,nan,nan,0.11771861463785172,0.8357351422309875
4,higher_diversity,0,0.6625000000000001,shuffled,majority_duality,96,2,2,1,0,2.0,0.5572916666666666,0.4895833333333333,1.8355487298986717,1.8450441901542516,1.5573621496204355,0.04257852956652641,1.5147836208343506,2.016235718759748,1.7918249453619568,0.4466479681775754,nan,nan,0.08119075745344162,0.7334210276603699
4,higher_diversity,0,0.6625000000000001,shuffled,nary_and_hexagon,96,6,6,1,0,6.0,0.6336805555555556,0.4895833333333333,0.8245285946886306,2.1239347645996176,2.1717031566414433,0.11511222273111343,2.056591033935547,1.9718568347892782,2.0622109610510804,0.17346629755443851,nan,nan,0.4383006989955902,0.6923378705978394
4,higher_diversity,0,0.6625000000000001,identity,associativity_pentagon,96,5,8,1,1,5.0,0.59375,0.5729166666666666,0.4380396743193277,0.43803967562541396,0.0,0.0,0.0,0.0,0.0,0.0,0.0,0.8370668183429253,0.6495629549026489,0.8272636532783508
4,higher_diversity,0,0.6625000000000001,identity,commutativity_cube,96,8,24,6,5,4.0,0.5377604166666666,0.3958333333333333,0.540221304894367,0.5402213044529949,0.0,0.0,0.0,0.0,0.0,0.0,0.0,1.3213239413550153,0.5487802028656006,0.7763087153434753
4,higher_diversity,0,0.6625000000000001,identity,commutativity_involution,96,2,2,1,0,2.0,0.703125,0.7604166666666666,0.9647834356748772,0.9647834352472467,0.0,0.0,0.0,0.0,0.0,0.0,nan,nan,0.4163559377193451,0.831071674823761
4,higher_diversity,0,0.6625000000000001,identity,demorgan_and_square,96,4,4,1,0,4.0,0.6302083333333334,0.4270833333333333,1.3781146676044966,1.3781146686326342,0.0,0.0,0.0,0.0,0.0,0.0,nan,nan,0.10928291827440262,0.6973752975463867
4,higher_diversity,0,0.6625000000000001,identity,demorgan_or_square,96,4,4,1,0,4.0,0.5572916666666666,0.3125,1.3484350377641614,1.348435031761941,0.0,0.0,0.0,0.0,0.0,0.0,nan,nan,0.11644258350133896,0.7831385731697083
4,higher_diversity,0,0.6625000000000001,identity,distributivity_diamond,96,4,5,2,1,3.0,0.6510416666666666,0.4166666666666667,1.212336345927482,1.2123363496369564,0.0,0.0,0.0,0.0,0.0,0.0,0.0,1.2672932181843874,0.2226472795009613,0.8477969169616699
4,higher_diversity,0,0.6625000000000001,identity,double_negation,96,2,2,1,0,2.0,0.6354166666666666,0.5208333333333334,2.132545722292688,2.1325457088832915,0.0,0.0,0.0,0.0,0.0,0.0,nan,nan,0.12362238019704819,0.8603881001472473
4,higher_diversity,0,0.6625000000000001,identity,exact1_hexagon,96,6,6,1,0,6.0,0.5451388888888888,0.1875,1.0732222708200603,1.0732222680544905,0.0,0.0,0.0,0.0,0.0,0.0,nan,nan,0.17793595790863037,0.6934019923210144
4,higher_diversity,0,0.6625000000000001,identity,ite_expansion,96,2,2,1,0,2.0,0.5833333333333334,0.625,1.5945609535428062,1.5945609494292048,0.0,0.0,0.0,0.0,0.0,0.0,nan,nan,0.11771861463785172,0.8357351422309875
4,higher_diversity,0,0.6625000000000001,identity,majority_duality,96,2,2,1,0,2.0,0.5572916666666666,0.4895833333333333,1.8355487298986717,1.8355487202286846,0.0,0.0,0.0,0.0,0.0,0.0,nan,nan,0.08119075745344162,0.7334210276603699
4,higher_diversity,0,0.6625000000000001,identity,nary_and_hexagon,96,6,6,1,0,6.0,0.6336805555555556,0.4895833333333333,0.8245285946886306,0.8245285959991756,0.0,0.0,0.0,0.0,0.0,0.0,nan,nan,0.4383006989955902,0.6923378705978394
4,higher_diversity,1,0.658,fitted,associativity_pentagon,96,5,8,1,1,5.0,0.5708333333333333,0.5833333333333334,0.5808523613528043,0.641993537558066,0.5140816570162665,0.03908199071884155,0.47499966621398926,1.6685043303927112,0.4840100139310742,0.23550968742931633,0.12892258269717297,1.2107997503894894,0.47862508893013,0.6589720249176025
4,higher_diversity,1,0.658,fitted,commutativity_cube,96,8,24,6,5,4.0,0.5859375,0.4791666666666667,0.5156190384997438,0.5784422872927646,0.4086206200251371,0.008195115253329277,0.4004254639148712,1.5835007287800515,0.3949778351230508,0.30506679597417524,0.14568539152099902,1.1728244783823232,0.5659539699554443,0.7615926265716553
4,higher_diversity,1,0.658,fitted,commutativity_involution,96,2,2,1,0,2.0,0.6822916666666666,0.8020833333333334,1.1043953537515658,1.1741060357368402,0.6621355582130486,0.03473883122205734,0.6273967623710632,1.6829478539067393,0.6297794041408227,0.39078272808795916,nan,nan,0.30142098665237427,0.768632173538208
4,higher_diversity,1,0.658,fitted,demorgan_and_square,96,4,4,1,0,4.0,0.5729166666666666,0.22916666666666666,1.458097392116181,1.0291229235848764,0.942250392948988,0.04681781306862831,0.8954324722290039,1.8682797885644753,1.0957490337012787,0.2513905799004912,nan,nan,0.07004494965076447,0.6114440560340881
4,higher_diversity,1,0.658,fitted,demorgan_or_square,96,4,4,1,0,4.0,0.5755208333333334,0.3541666666666667,1.335996391872128,1.3251592513922168,1.3769186468242716,0.453739196062088,0.9231794476509094,1.9071993804070526,1.0728698454171017,0.29712762442504687,nan,nan,0.11641323566436768,0.6055008769035339
4,higher_diversity,1,0.658,fitted,distributivity_diamond,96,4,5,2,1,3.0,0.6302083333333334,0.3541666666666667,1.2312271811500277,1.1569018550964356,0.8860654927385431,0.09808790683746338,0.7879775762557983,1.7622285595222988,0.8350960796015591,0.3088384823447903,1.0254975805905018,1.2462080475912372,0.19930002093315125,0.8454089760780334
4,higher_diversity,1,0.658,fitted,double_negation,96,2,2,1,0,2.0,0.640625,0.5104166666666666,1.945791837356839,1.385025509451849,0.6375433679202822,0.01257252600044012,0.6249708533287048,1.630646600454077,0.7315401660887183,0.2589551585044743,nan,nan,0.09507367014884949,0.8464410901069641
4,higher_diversity,1,0.658,fitted,exact1_hexagon,96,6,6,1,0,6.0,0.5520833333333334,0.3020833333333333,0.9420367694041286,1.0438075635705821,1.1161923760770824,0.11134976148605347,1.0048426389694214,1.9196066069419107,1.010641728096018,0.1941244189936385,nan,nan,0.27248746156692505,0.5247842073440552
4,higher_diversity,1,0.658,fitted,ite_expansion,96,2,2,1,0,2.0,0.5260416666666666,0.59375,1.6843560941080986,1.3719853627124339,0.7977670830520235,0.010018112137913704,0.7877489328384399,1.73297051511037,0.9201507916420946,0.38816263625559483,nan,nan,0.1045316830277443,0.8821375370025635
4,higher_diversity,1,0.658,fitted,majority_duality,96,2,2,1,0,2.0,0.578125,0.5520833333333334,1.6931053182974158,1.4617888639382024,0.641179431055595,0.011842189356684685,0.6293372511863708,1.7276171264982525,0.7058558595532713,0.29956043918180897,nan,nan,0.04067527875304222,0.6415667533874512
4,higher_diversity,1,0.658,fitted,nary_and_hexagon,96,6,6,1,0,6.0,0.578125,0.6458333333333334,0.8618473604213575,0.9787644186111232,1.033757867766521,0.14639917016029358,0.8873586654663086,1.9568245462016263,0.8920331433098142,0.2506559294927041,nan,nan,0.3746669292449951,0.4966917037963867
4,higher_diversity,1,0.658,shuffled,associativity_pentagon,96,5,8,1,1,5.0,0.5708333333333333,0.5833333333333334,0.5808523613528043,1.9675663496408968,1.9209642607045985,0.10491423308849335,1.8160500526428223,2.0037679087743427,1.8367198234956643,0.1895318921868537,1.5871832743201193,2.2409247859131574,0.47862508893013,0.6589720249176025
4,higher_diversity,1,0.658,shuffled,commutativity_cube,96,8,24,6,5,4.0,0.5859375,0.4791666666666667,0.5156190384997438,2.1452254948665956,2.0528646396121535,0.06649212539196014,1.9863723516464233,1.976151564146348,1.9380348449939861,0.24419110268613092,2.141380847979762,2.0353721623213397,0.5659539699554443,0.7615926265716553
4,higher_diversity,1,0.658,shuffled,commutativity_involution,96,2,2,1,0,2.0,0.6822916666666666,0.8020833333333334,1.1043953537515658,1.6597450746431108,1.5401450236747813,0.04782332479953766,1.4923218488693237,1.9473112286708425,1.4967209174492653,0.4976794289699209,nan,nan,0.30142098665237427,0.768632173538208
4,higher_diversity,1,0.658,shuffled,demorgan_and_square,96,4,4,1,0,4.0,0.5729166666666666,0.22916666666666666,1.458097392116181,1.5277816002560374,2.129997641225649,0.08255651593208313,2.047441244125366,2.036370499754394,2.359986478718373,0.3528659646361653,nan,nan,0.07004494965076447,0.6114440560340881
4,higher_diversity,1,0.658,shuffled,demorgan_or_square,96,4,4,1,0,4.0,0.5755208333333334,0.3541666666666667,1.335996391872128,2.0395837582214056,3.025866720294363,1.1296851634979248,1.896181583404541,1.996927024295174,2.0726810951709087,0.39064398771903047,nan,nan,0.11641323566436768,0.6055008769035339
4,higher_diversity,1,0.658,shuffled,distributivity_diamond,96,4,5,2,1,3.0,0.6302083333333334,0.3541666666666667,1.2312271811500277,1.7981368476839474,2.2648364235964205,0.15890254080295563,2.105933904647827,1.957451746575509,2.2118923659341423,0.4533986909162473,2.3478224553661438,2.016539083658703,0.19930002093315125,0.8454089760780334
4,higher_diversity,1,0.658,shuffled,double_negation,96,2,2,1,0,2.0,0.640625,0.5104166666666666,1.945791837356839,1.8632250312626348,2.008121963592747,0.02233179286122322,1.9857902526855469,1.9895750189697192,2.263537073562878,0.5826441633902152,nan,nan,0.09507367014884949,0.8464410901069641
4,higher_diversity,1,0.658,shuffled,exact1_hexagon,96,6,6,1,0,6.0,0.5520833333333334,0.3020833333333333,0.9420367694041286,2.0972612996285247,2.251591586131341,0.03963882103562355,2.2119529247283936,2.0026089271107184,2.220943240078615,0.18339141094200118,nan,nan,0.27248746156692505,0.5247842073440552
4,higher_diversity,1,0.658,shuffled,ite_expansion,96,2,2,1,0,2.0,0.5260416666666666,0.59375,1.6843560941080986,1.6882492694417335,1.6045971415886904,0.021851912140846252,1.58274507522583,2.0194938933479123,1.7476823548346632,0.5413667743348043,nan,nan,0.1045316830277443,0.8821375370025635
4,higher_diversity,1,0.658,shuffled,majority_duality,96,2,2,1,0,2.0,0.578125,0.5520833333333334,1.6931053182974158,1.8734922391821782,1.911011903890922,0.030423978343605995,1.8805879354476929,1.9851975664034438,1.9881942568449844,0.5143200909743573,nan,nan,0.04067527875304222,0.6415667533874512
4,higher_diversity,1,0.658,shuffled,nary_and_hexagon,96,6,6,1,0,6.0,0.578125,0.6458333333333334,0.8618473604213575,2.1104948945694986,2.2333437953712485,0.14586710929870605,2.0874764919281006,2.0009443002186913,2.093857129065509,0.18952847321672972,nan,nan,0.3746669292449951,0.4966917037963867
4,higher_diversity,1,0.658,identity,associativity_pentagon,96,5,8,1,1,5.0,0.5708333333333333,0.5833333333333334,0.5808523613528043,0.5808523609715869,0.0,0.0,0.0,0.0,0.0,0.0,0.0,1.0505818300058805,0.47862508893013,0.6589720249176025
4,higher_diversity,1,0.658,identity,commutativity_cube,96,8,24,6,5,4.0,0.5859375,0.4791666666666667,0.5156190384997438,0.5156190390607951,0.0,0.0,0.0,0.0,0.0,0.0,0.0,1.0946499697608811,0.5659539699554443,0.7615926265716553
4,higher_diversity,1,0.658,identity,commutativity_involution,96,2,2,1,0,2.0,0.6822916666666666,0.8020833333333334,1.1043953537515658,1.1043953440880951,0.0,0.0,0.0,0.0,0.0,0.0,nan,nan,0.30142098665237427,0.768632173538208
4,higher_diversity,1,0.658,identity,demorgan_and_square,96,4,4,1,0,4.0,0.5729166666666666,0.22916666666666666,1.458097392116181,1.4580973879009897,0.0,0.0,0.0,0.0,0.0,0.0,nan,nan,0.07004494965076447,0.6114440560340881
4,higher_diversity,1,0.658,identity,demorgan_or_square,96,4,4,1,0,4.0,0.5755208333333334,0.3541666666666667,1.335996391872128,1.3359963930497825,0.0,0.0,0.0,0.0,0.0,0.0,nan,nan,0.11641323566436768,0.6055008769035339
4,higher_diversity,1,0.658,identity,distributivity_diamond,96,4,5,2,1,3.0,0.6302083333333334,0.3541666666666667,1.2312271811500277,1.2312271816637006,0.0,0.0,0.0,0.0,0.0,0.0,0.0,1.34728073895397,0.19930002093315125,0.8454089760780334
4,higher_diversity,1,0.658,identity,double_negation,96,2,2,1,0,2.0,0.640625,0.5104166666666666,1.945791837356839,1.9457918432668593,0.0,0.0,0.0,0.0,0.0,0.0,nan,nan,0.09507367014884949,0.8464410901069641
4,higher_diversity,1,0.658,identity,exact1_hexagon,96,6,6,1,0,6.0,0.5520833333333334,0.3020833333333333,0.9420367694041286,0.9420367680325262,0.0,0.0,0.0,0.0,0.0,0.0,nan,nan,0.27248746156692505,0.5247842073440552
4,higher_diversity,1,0.658,identity,ite_expansion,96,2,2,1,0,2.0,0.5260416666666666,0.59375,1.6843560941080986,1.6843560939029418,0.0,0.0,0.0,0.0,0.0,0.0,nan,nan,0.1045316830277443,0.8821375370025635
4,higher_diversity,1,0.658,identity,majority_duality,96,2,2,1,0,2.0,0.578125,0.5520833333333334,1.6931053182974158,1.6931053284278295,0.0,0.0,0.0,0.0,0.0,0.0,nan,nan,0.04067527875304222,0.6415667533874512
4,higher_diversity,1,0.658,identity,nary_and_hexagon,96,6,6,1,0,6.0,0.578125,0.6458333333333334,0.8618473604213575,0.8618473636209422,0.0,0.0,0.0,0.0,0.0,0.0,nan,nan,0.3746669292449951,0.4966917037963867
4,higher_diversity,2,0.652,fitted,associativity_pentagon,96,5,8,1,1,5.0,0.6833333333333333,0.5208333333333334,0.6020998043024924,0.6593608582181469,0.5025363048041602,0.046676356345415115,0.4558599293231964,1.6098786933140659,0.46058611642455155,0.26284928703826566,0.11026976427097789,1.0237730735947326,0.4711582362651825,0.7975540161132812
4,higher_diversity,2,0.652,fitted,commutativity_cube,96,8,24,6,5,4.0,0.61328125,0.4479166666666667,0.525952781617283,0.5765746469572148,0.324531987148721,0.005230579059571028,0.31930139660835266,1.58320245083785,0.3147954041649334,0.2812448852623015,0.10170195130099284,1.3600852331323106,0.5570029616355896,0.7843451499938965
4,higher_diversity,2,0.652,fitted,commutativity_involution,96,2,2,1,0,2.0,0.7239583333333334,0.7395833333333334,0.9875024676053028,1.036411568199002,0.4840267972925379,0.017120132222771645,0.46690666675567627,1.7052377465477877,0.46876149798774996,0.3790498372005808,nan,nan,0.35237917304039,0.8694269061088562
4,higher_diversity,2,0.652,fitted,demorgan_and_square,96,4,4,1,0,4.0,0.5885416666666666,0.4583333333333333,1.4071852786551715,1.1007347419018634,1.4736567501843052,0.1142483726143837,1.3594083786010742,1.8593796935823763,1.6730708463660717,0.3466322435924334,nan,nan,0.08664959669113159,0.6423571705818176
4,higher_diversity,2,0.652,fitted,demorgan_or_square,96,4,4,1,0,4.0,0.6041666666666666,0.28125,1.3124331412106511,1.2468217778585962,0.9422900659560131,0.09074606001377106,0.8515439629554749,1.8682841409489324,0.9616283052644627,0.21101654124942762,nan,nan,0.12595337629318237,0.8017532229423523
4,higher_diversity,2,0.652,fitted,distributivity_diamond,96,4,5,2,1,3.0,0.6458333333333334,0.4166666666666667,1.1687281330459305,0.9785763831766169,0.5319652397922155,0.03411216288805008,0.49785304069519043,1.7257058003182362,0.5691852151028096,0.23562249398632087,0.5824682762263451,1.0613862485132557,0.22461166977882385,0.8898301124572754
4,higher_diversity,2,0.652,fitted,double_negation,96,2,2,1,0,2.0,0.578125,0.4895833333333333,2.1514387721927393,1.3372286234487667,0.7669926601492795,0.009508912451565266,0.7574836611747742,1.5989976168698765,0.8848427609110026,0.36609921042143645,nan,nan,0.07925023883581161,0.865872859954834
4,higher_diversity,2,0.652,fitted,exact1_hexagon,96,6,6,1,0,6.0,0.5243055555555556,0.25,1.0183229086618473,1.1265495811267052,1.2277758858705035,0.21581970155239105,1.0119562149047852,1.8479991254675392,1.0198900489969023,0.2118218987153392,nan,nan,0.2355630248785019,0.7810190916061401
4,higher_diversity,2,0.652,fitted,ite_expansion,96,2,2,1,0,2.0,0.5833333333333334,0.6666666666666666,1.6233458747733425,1.3661705020156352,0.8013800231308063,0.02150711975991726,0.7798728942871094,1.7674052632348987,0.9047426167365594,0.39642059168839894,nan,nan,0.12061707675457001,0.8038079142570496
4,higher_diversity,2,0.652,fitted,majority_duality,96,2,2,1,0,2.0,0.5364583333333334,0.5520833333333334,1.8240580729267235,1.4670428279839236,0.6649397955445272,0.019856657832860947,0.6450830698013306,1.6739596647046435,0.8395627199427255,0.2582305335374754,nan,nan,0.06302110105752945,0.7362115979194641
4,higher_diversity,2,0.652,fitted,nary_and_hexagon,96,6,6,1,0,6.0,0.6128472222222222,0.625,0.8703186513004904,0.9905798163624862,0.9882604875278446,0.060472480952739716,0.9277879595756531,1.9324892533323992,0.9310275274131256,0.21527052667889238,nan,nan,0.36390843987464905,0.5659077167510986
4,higher_diversity,2,0.652,shuffled,associativity_pentagon,96,5,8,1,1,5.0,0.6833333333333333,0.5208333333333334,0.6020998043024924,2.2065037468148705,2.3468608255492573,0.24739420413970947,2.0994668006896973,1.9858994387694093,2.109028368134057,0.20231828782698527,1.5522054651459383,2.0354265131837668,0.4711582362651825,0.7975540161132812
4,higher_diversity,2,0.652,shuffled,commutativity_cube,96,8,24,6,5,4.0,0.61328125,0.4479166666666667,0.525952781617283,1.777833154453752,1.95898673157079,0.013327469117939472,1.9456591606140137,1.9848742383602473,1.9256300704853735,0.2791597588234774,2.0890251889220925,2.059270353295826,0.5570029616355896,0.7843451499938965
4,higher_diversity,2,0.652,shuffled,commutativity_involution,96,2,2,1,0,2.0,0.7239583333333334,0.7395833333333334,0.9875024676053028,1.5534683203601494,1.726369247619653,0.07116838544607162,1.655200719833374,1.9612602303287971,1.6624441294499899,0.6116414634849474,nan,nan,0.35237917304039,0.8694269061088562
4,higher_diversity,2,0.652,shuffled,demorgan_and_square,96,4,4,1,0,4.0,0.5885416666666666,0.4583333333333333,1.4071852786551715,1.6635836186061352,2.350504949484077,0.12243206799030304,2.2280726432800293,1.983118584753819,2.6549292278875725,0.35989677073331655,nan,nan,0.08664959669113159,0.6423571705818176
4,higher_diversity,2,0.652,shuffled,demorgan_or_square,96,4,4,1,0,4.0,0.6041666666666666,0.28125,1.3124331412106511,1.8082513290114286,2.129146469564359,0.4466566741466522,1.6824896335601807,2.017009802067768,1.8332026366098144,0.3016238311606609,nan,nan,0.12595337629318237,0.8017532229423523
4,higher_diversity,2,0.652,shuffled,distributivity_diamond,96,4,5,2,1,3.0,0.6458333333333334,0.4166666666666667,1.1687281330459305,1.8932799325305132,2.0935589614819303,0.09516416490077972,1.9983946084976196,1.9899665586597468,2.181865056551238,0.4346232410660502,2.196996054022032,1.9919929803917313,0.22461166977882385,0.8898301124572754
4,higher_diversity,2,0.652,shuffled,double_negation,96,2,2,1,0,2.0,0.578125,0.4895833333333333,2.1514387721927393,1.8118286558902257,1.696921561923542,0.023486780002713203,1.6734347343444824,2.00554631492805,1.927363453956082,0.5260078802209934,nan,nan,0.07925023883581161,0.865872859954834
4,higher_diversity,2,0.652,shuffled,exact1_hexagon,96,6,6,1,0,6.0,0.5243055555555556,0.25,1.0183229086618473,1.826244529336377,2.0207953181759604,0.12058588117361069,1.900209665298462,1.967329849412476,1.9178931926282161,0.18479136191526546,nan,nan,0.2355630248785019,0.7810190916061401
4,higher_diversity,2,0.652,shuffled,ite_expansion,96,2,2,1,0,2.0,0.5833333333333334,0.6666666666666666,1.6233458747733425,2.0326557429297054,1.9151494955678472,0.024723820388317108,1.8904258012771606,2.0174025790553616,2.0768439851210974,0.5152221150260361,nan,nan,0.12061707675457001,0.8038079142570496
4,higher_diversity,2,0.652,shuffled,majority_duality,96,2,2,1,0,2.0,0.5364583333333334,0.5520833333333334,1.8240580729267235,1.8019284244361107,1.4161361348869697,0.029540257528424263,1.3865959644317627,1.9867451738233728,1.5778009436946456,0.43440946682643805,nan,nan,0.06302110105752945,0.7362115979194641
4,higher_diversity,2,0.652,shuffled,nary_and_hexagon,96,6,6,1,0,6.0,0.6128472222222222,0.625,0.8703186513004904,1.981622379776279,2.0154934498058634,0.05441766604781151,1.961075782775879,1.9787085271079559,1.9643430158784065,0.17547480753102515,nan,nan,0.36390843987464905,0.5659077167510986
4,higher_diversity,2,0.652,identity,associativity_pentagon,96,5,8,1,1,5.0,0.6833333333333333,0.5208333333333334,0.6020998043024924,0.6020998031351353,0.0,0.0,0.0,0.0,0.0,0.0,0.0,0.8343351745647283,0.4711582362651825,0.7975540161132812
4,higher_diversity,2,0.652,identity,commutativity_cube,96,8,24,6,5,4.0,0.61328125,0.4479166666666667,0.525952781617283,0.5259527814567314,0.0,0.0,0.0,0.0,0.0,0.0,0.0,1.3218015050906398,0.5570029616355896,0.7843451499938965
4,higher_diversity,2,0.652,identity,commutativity_involution,96,2,2,1,0,2.0,0.7239583333333334,0.7395833333333334,0.9875024676053028,0.9875024701548405,0.0,0.0,0.0,0.0,0.0,0.0,nan,nan,0.35237917304039,0.8694269061088562
4,higher_diversity,2,0.652,identity,demorgan_and_square,96,4,4,1,0,4.0,0.5885416666666666,0.4583333333333333,1.4071852786551715,1.4071852845344088,0.0,0.0,0.0,0.0,0.0,0.0,nan,nan,0.08664959669113159,0.6423571705818176
4,higher_diversity,2,0.652,identity,demorgan_or_square,96,4,4,1,0,4.0,0.6041666666666666,0.28125,1.3124331412106511,1.3124331442928636,0.0,0.0,0.0,0.0,0.0,0.0,nan,nan,0.12595337629318237,0.8017532229423523
4,higher_diversity,2,0.652,identity,distributivity_diamond,96,4,5,2,1,3.0,0.6458333333333334,0.4166666666666667,1.1687281330459305,1.1687281325892591,0.0,0.0,0.0,0.0,0.0,0.0,0.0,1.3871009154663327,0.22461166977882385,0.8898301124572754
4,higher_diversity,2,0.652,identity,double_negation,96,2,2,1,0,2.0,0.578125,0.4895833333333333,2.1514387721927393,2.1514387755436184,0.0,0.0,0.0,0.0,0.0,0.0,nan,nan,0.07925023883581161,0.865872859954834
4,higher_diversity,2,0.652,identity,exact1_hexagon,96,6,6,1,0,6.0,0.5243055555555556,0.25,1.0183229086618473,1.0183229141965686,0.0,0.0,0.0,0.0,0.0,0.0,nan,nan,0.2355630248785019,0.7810190916061401
4,higher_diversity,2,0.652,identity,ite_expansion,96,2,2,1,0,2.0,0.5833333333333334,0.6666666666666666,1.6233458747733425,1.623345874598574,0.0,0.0,0.0,0.0,0.0,0.0,nan,nan,0.12061707675457001,0.8038079142570496
4,higher_diversity,2,0.652,identity,majority_duality,96,2,2,1,0,2.0,0.5364583333333334,0.5520833333333334,1.8240580729267235,1.8240580661415158,0.0,0.0,0.0,0.0,0.0,0.0,nan,nan,0.06302110105752945,0.7362115979194641
4,higher_diversity,2,0.652,identity,nary_and_hexagon,96,6,6,1,0,6.0,0.6128472222222222,0.625,0.8703186513004904,0.8703186468663002,0.0,0.0,0.0,0.0,0.0,0.0,nan,nan,0.36390843987464905,0.5659077167510986
4,low_diversity,0,0.6465000000000001,fitted,associativity_pentagon,96,5,8,1,1,5.0,0.5729166666666666,0.75,0.4872598744800118,0.49953150829326826,0.1623550524164725,0.011158623732626438,0.1511964201927185,1.5302844987186963,0.15257532903517507,0.4406182550882007,0.02290420159390248,0.7946172008187894,0.5867392420768738,0.7397706508636475
4,low_diversity,0,0.6465000000000001,fitted,commutativity_cube,96,8,24,6,5,4.0,0.51171875,0.4583333333333333,0.8269788528352006,0.8495960321423927,0.1613825861341623,0.007895859889686108,0.1534867286682129,1.6155556334228853,0.1489067217690358,0.3173946379109904,0.05148315638575518,1.6041094035160879,0.33791622519493103,0.6452601552009583
4,low_diversity,0,0.6465000000000001,fitted,commutativity_involution,96,2,2,1,0,2.0,0.6302083333333334,0.6770833333333334,1.3611281040416494,1.3736334435891149,0.16669235736263363,0.007372919470071793,0.1593194454908371,1.6557466730271424,0.1598833180503635,0.3596160173290479,nan,nan,0.10035069286823273,0.8524634838104248
4,low_diversity,0,0.6465000000000001,fitted,demorgan_and_square,96,4,4,1,0,4.0,0.4739583333333333,0.07291666666666667,1.8066019676291494,0.5758031459094128,0.42251283652852406,0.015593117102980614,0.4069197475910187,1.8670419679397054,1.0150470569683903,0.24978032021106608,nan,nan,0.005462372209876776,0.9766883254051208
4,low_diversity,0,0.6465000000000001,fitted,demorgan_or_square,96,4,4,1,0,4.0,0.4244791666666667,0.40625,1.3904613204143363,1.1719184335073203,0.25155217380066264,0.01872841827571392,0.23282374441623688,1.8123700944788903,0.3237066004990655,0.06391721865424461,nan,nan,0.08842849731445312,0.8390008807182312
4,low_diversity,0,0.6465000000000001,fitted,distributivity_diamond,96,4,5,2,1,3.0,0.5625,0.3020833333333333,1.5198218677907214,0.9420969236368534,0.15741747896933378,0.0036639345344156027,0.15375354886054993,1.727565318403558,0.17686118259140823,0.07127003853177102,0.2466817903100835,1.0720782708794134,0.065080925822258,0.9777777194976807
4,low_diversity,0,0.6465000000000001,fitted,double_negation,96,2,2,1,0,2.0,0.5,0.375,2.374298081355276,1.7260382642480145,2.0098679323533504,0.02221335656940937,1.9876548051834106,1.5187650888710884,2.0822010341132735,0.613219905746901,nan,nan,0.07320917397737503,0.9797391891479492
4,low_diversity,0,0.6465000000000001,fitted,exact1_hexagon,96,6,6,1,0,6.0,0.4982638888888889,0.25,1.1955267618428038,1.2272397528937498,0.429422845882589,0.03669149801135063,0.39273133873939514,1.8724435624682438,0.39426797327111684,0.15350407017114734,nan,nan,0.15210792422294617,0.8973548412322998
4,low_diversity,0,0.6465000000000001,fitted,ite_expansion,96,2,2,1,0,2.0,0.5625,0.4791666666666667,1.9786446636681025,1.3652672122907445,0.4778298590030236,0.009698792360723019,0.46813106536865234,1.6986090740529818,0.5465027225752244,0.2427422618494857,nan,nan,0.01459344569593668,0.9360944628715515
4,low_diversity,0,0.6465000000000001,fitted,majority_duality,96,2,2,1,0,2.0,0.4895833333333333,0.4166666666666667,2.392920706341977,1.0706548344507627,0.17191538332500395,0.06915945559740067,0.10275593400001526,1.5443766752182453,0.21421269220312564,0.09492621757971664,nan,nan,0.08829911053180695,0.8935394287109375
4,low_diversity,0,0.6465000000000001,fitted,nary_and_hexagon,96,6,6,1,0,6.0,0.5347222222222222,0.7916666666666666,1.3555118961502448,1.4296373546218422,1.1463169555793442,0.07203508168458939,1.0742816925048828,1.933808268438199,1.083174730196392,0.2951911744448679,nan,nan,0.07434593141078949,0.25227150321006775
4,low_diversity,0,0.6465000000000001,shuffled,associativity_pentagon,96,5,8,1,1,5.0,0.5729166666666666,0.75,0.4872598744800118,2.295054298249714,2.3018987232218318,0.11636822670698166,2.185530662536621,2.0112909041465263,2.1879604206457604,0.19549800491709793,2.0895318402387115,2.187564908759096,0.5867392420768738,0.7397706508636475
4,low_diversity,0,0.6465000000000001,shuffled,commutativity_cube,96,8,24,6,5,4.0,0.51171875,0.4583333333333333,0.8269788528352006,2.521661092972605,1.7868977603235576,0.023262981325387955,1.7636348009109497,1.9377470549682567,1.7509935673197987,0.18149485702388252,1.9204351449896537,2.0543815779422037,0.33791622519493103,0.6452601552009583
4,low_diversity,0,0.6465000000000001,shuffled,commutativity_involution,96,2,2,1,0,2.0,0.6302083333333334,0.6770833333333334,1.3611281040416494,2.2474336413691156,1.9069450458575712,0.06348393112421036,1.843461036682129,1.9365413332307886,1.8467642113939031,0.4313535592257844,nan,nan,0.10035069286823273,0.8524634838104248
4,low_diversity,0,0.6465000000000001,shuffled,demorgan_and_square,96,4,4,1,0,4.0,0.4739583333333333,0.07291666666666667,1.8066019676291494,0.7431444096257037,0.8843079545893064,0.03180624544620514,0.8525016903877258,1.9992185198212615,2.1539230681631896,0.3519549893823413,nan,nan,0.005462372209876776,0.9766883254051208
4,low_diversity,0,0.6465000000000001,shuffled,demorgan_or_square,96,4,4,1,0,4.0,0.4244791666666667,0.40625,1.3904613204143363,2.0789743983663223,1.8919286841001426,0.6065375208854675,1.2853912115097046,1.9924705737077952,1.4887572907030504,0.22405096157406565,nan,nan,0.08842849731445312,0.8390008807182312
4,low_diversity,0,0.6465000000000001,shuffled,distributivity_diamond,96,4,5,2,1,3.0,0.5625,0.3020833333333333,1.5198218677907214,1.7246264008847054,1.355404373646094,0.028900839388370514,1.3265035152435303,1.993745077174354,1.7452141708685183,0.36271124539021266,1.2429259996878073,1.6635838777430567,0.065080925822258,0.9777777194976807
4,low_diversity,0,0.6465000000000001,shuffled,double_negation,96,2,2,1,0,2.0,0.5,0.375,2.374298081355276,1.9700415917582592,2.9623773961970388,0.023470545187592506,2.938906669616699,2.029745847396701,3.070281650510614,0.8010167079238952,nan,nan,0.07320917397737503,0.9797391891479492
4,low_diversity,0,0.6465000000000001,shuffled,exact1_hexagon,96,6,6,1,0,6.0,0.4982638888888889,0.25,1.1955267618428038,1.6901684612386634,2.1854622029592243,0.06819641590118408,2.1172657012939453,1.9864817585454946,2.122474119141795,0.23669662102845904,nan,nan,0.15210792422294617,0.8973548412322998
4,low_diversity,0,0.6465000000000001,shuffled,ite_expansion,96,2,2,1,0,2.0,0.5625,0.4791666666666667,1.9786446636681025,1.6526764238702745,2.942639101727242,0.012899366207420826,2.929739475250244,2.035807061611492,3.36065762432731,1.019429923770941,nan,nan,0.01459344569593668,0.9360944628715515
4,low_diversity,0,0.6465000000000001,shuffled,majority_duality,96,2,2,1,0,2.0,0.4895833333333333,0.4166666666666667,2.392920706341977,1.3516758001806717,0.8784961787622235,0.03317982703447342,0.8453163504600525,1.9735631755362892,1.7933215464030718,0.20005030225470563,nan,nan,0.08829911053180695,0.8935394287109375
4,low_diversity,0,0.6465000000000001,shuffled,nary_and_hexagon,96,6,6,1,0,6.0,0.5347222222222222,0.7916666666666666,1.3555118961502448,2.2019467332604385,1.5404635386129766,0.032941702753305435,1.5075217485427856,2.000805987293365,1.5193515247643492,0.16479664337320762,nan,nan,0.07434593141078949,0.25227150321006775
4,low_diversity,0,0.6465000000000001,identity,associativity_pentagon,96,5,8,1,1,5.0,0.5729166666666666,0.75,0.4872598744800118,0.48725987305437857,0.0,0.0,0.0,0.0,0.0,0.0,0.0,0.7628788364106889,0.5867392420768738,0.7397706508636475
4,low_diversity,0,0.6465000000000001,identity,commutativity_cube,96,8,24,6,5,4.0,0.51171875,0.4583333333333333,0.8269788528352006,0.8269788522291298,0.0,0.0,0.0,0.0,0.0,0.0,0.0,1.589180604946493,0.33791622519493103,0.6452601552009583
4,low_diversity,0,0.6465000000000001,identity,commutativity_involution,96,2,2,1,0,2.0,0.6302083333333334,0.6770833333333334,1.3611281040416494,1.361128092406867,0.0,0.0,0.0,0.0,0.0,0.0,nan,nan,0.10035069286823273,0.8524634838104248
4,low_diversity,0,0.6465000000000001,identity,demorgan_and_square,96,4,4,1,0,4.0,0.4739583333333333,0.07291666666666667,1.8066019676291494,1.8066019647400624,0.0,0.0,0.0,0.0,0.0,0.0,nan,nan,0.005462372209876776,0.9766883254051208
4,low_diversity,0,0.6465000000000001,identity,demorgan_or_square,96,4,4,1,0,4.0,0.4244791666666667,0.40625,1.3904613204143363,1.3904613220092026,0.0,0.0,0.0,0.0,0.0,0.0,nan,nan,0.08842849731445312,0.8390008807182312
4,low_diversity,0,0.6465000000000001,identity,distributivity_diamond,96,4,5,2,1,3.0,0.5625,0.3020833333333333,1.5198218677907214,1.5198218688643663,0.0,0.0,0.0,0.0,0.0,0.0,0.0,2.0039896739129035,0.065080925822258,0.9777777194976807
4,low_diversity,0,0.6465000000000001,identity,double_negation,96,2,2,1,0,2.0,0.5,0.375,2.374298081355276,2.3742980897059422,0.0,0.0,0.0,0.0,0.0,0.0,nan,nan,0.07320917397737503,0.9797391891479492
4,low_diversity,0,0.6465000000000001,identity,exact1_hexagon,96,6,6,1,0,6.0,0.4982638888888889,0.25,1.1955267618428038,1.1955267595154058,0.0,0.0,0.0,0.0,0.0,0.0,nan,nan,0.15210792422294617,0.8973548412322998
4,low_diversity,0,0.6465000000000001,identity,ite_expansion,96,2,2,1,0,2.0,0.5625,0.4791666666666667,1.9786446636681025,1.9786446636886852,0.0,0.0,0.0,0.0,0.0,0.0,nan,nan,0.01459344569593668,0.9360944628715515
4,low_diversity,0,0.6465000000000001,identity,majority_duality,96,2,2,1,0,2.0,0.4895833333333333,0.4166666666666667,2.392920706341977,2.3929207170754316,0.0,0.0,0.0,0.0,0.0,0.0,nan,nan,0.08829911053180695,0.8935394287109375
4,low_diversity,0,0.6465000000000001,identity,nary_and_hexagon,96,6,6,1,0,6.0,0.5347222222222222,0.7916666666666666,1.3555118961502448,1.3555118936074941,0.0,0.0,0.0,0.0,0.0,0.0,nan,nan,0.07434593141078949,0.25227150321006775
4,low_diversity,1,0.639,fitted,associativity_pentagon,96,5,8,1,1,5.0,0.5791666666666667,0.6354166666666666,0.4745276708097357,0.49840983320944354,0.3998403707218298,0.1538688987493515,0.24597148597240448,1.590597632730734,0.2486342596293436,0.6559236542907806,0.057949422960733965,0.8275860829880265,0.5989127159118652,0.9147908687591553
4,low_diversity,1,0.639,fitted,commutativity_cube,96,8,24,6,5,4.0,0.59375,0.4479166666666667,0.616087691130183,0.655151804281579,0.29410894493739415,0.029319139197468758,0.2647898197174072,1.6019101383784324,0.2590313689417355,0.35173209895505475,0.09583633922299645,1.4311076817093469,0.4759412109851837,0.7885103821754456
4,low_diversity,1,0.639,fitted,commutativity_involution,96,2,2,1,0,2.0,0.609375,0.59375,1.3654508691340599,1.386650704587979,0.26789592277137736,0.012545018456876278,0.25535091757774353,1.7088091067251232,0.2577127071453409,0.31582769771794966,nan,nan,0.09826578944921494,0.9498608112335205
4,low_diversity,1,0.639,fitted,demorgan_and_square,96,4,4,1,0,4.0,0.5286458333333334,0.041666666666666664,1.8726243008687469,0.33955678092463154,0.1875345956005247,0.011741737835109234,0.1757928729057312,1.8324928648211543,0.5884777219119163,0.2544352638738138,nan,nan,0.002021414926275611,0.9725112318992615
4,low_diversity,1,0.639,fitted,demorgan_or_square,96,4,4,1,0,4.0,0.4765625,0.09375,1.7455831275039915,0.8625080274620913,0.32950306523280126,0.03552704304456711,0.2939760088920593,1.8652190721037567,0.6811163378793108,0.11128311458062838,nan,nan,0.010872764512896538,0.9410284161567688
4,low_diversity,1,0.639,fitted,distributivity_diamond,96,4,5,2,1,3.0,0.5625,0.3229166666666667,1.441587729802079,1.1236451412831816,0.32438121151120647,0.010304024443030357,0.3140771985054016,1.739698650715846,0.35345819376805054,0.14290845984299463,0.34451928232114865,1.152555457811448,0.07905951887369156,0.8891646862030029
4,low_diversity,1,0.639,fitted,double_negation,96,2,2,1,0,2.0,0.5729166666666666,0.4791666666666667,2.1717269047727776,1.637300315243543,0.8864256125794953,0.025748061016201973,0.8606775403022766,1.5299763624528209,0.8839636302751807,0.42376830274084715,nan,nan,0.026599619537591934,0.9700787663459778
4,low_diversity,1,0.639,fitted,exact1_hexagon,96,6,6,1,0,6.0,0.5399305555555556,0.28125,1.0242438911247604,1.0707684138150335,0.5425558055744212,0.021271687000989914,0.5212841033935547,1.8576401072249735,0.5246425388514421,0.17516087897647406,nan,nan,0.23157508671283722,0.8807775974273682
4,low_diversity,1,0.639,fitted,ite_expansion,96,2,2,1,0,2.0,0.5677083333333334,0.46875,2.0967188721220817,1.5833355168545902,1.029582515628869,0.015620077028870583,1.0139623880386353,1.686705402237646,1.156714419035808,0.44712993600707657,nan,nan,0.03238324448466301,0.9186599850654602
4,low_diversity,1,0.639,fitted,majority_duality,96,2,2,1,0,2.0,0.484375,0.5104166666666666,2.407173394175346,0.9584680537666338,0.345925312528715,0.08675302565097809,0.259172260761261,1.5595985782979902,0.6557634732711907,0.16647369155711556,nan,nan,0.1742251068353653,0.7492092251777649
4,low_diversity,1,0.639,fitted,nary_and_hexagon,96,6,6,1,0,6.0,0.5104166666666666,0.8541666666666666,1.3766829751846017,1.46450856059449,1.4794949742466807,0.17951755225658417,1.2999775409698486,1.8886409196899334,1.3052885444243882,0.26314080216498664,nan,nan,0.05142701417207718,0.15840592980384827
4,low_diversity,1,0.639,shuffled,associativity_pentagon,96,5,8,1,1,5.0,0.5791666666666667,0.6354166666666666,0.4745276708097357,2.703677257673338,1.994573594379263,0.04986366257071495,1.9447097778320312,2.011891227948617,1.9700495049668294,0.15304854145500368,2.6971006212202124,1.989246047580115,0.5989127159118652,0.9147908687591553
4,low_diversity,1,0.639,shuffled,commutativity_cube,96,8,24,6,5,4.0,0.59375,0.4479166666666667,0.616087691130183,2.216086056636656,1.8092966451553971,0.0116670997813344,1.7976295948028564,1.9631022408144068,1.7746393969923813,0.21811707101566988,1.9160740105482077,1.95754879563667,0.4759412109851837,0.7885103821754456
4,low_diversity,1,0.639,shuffled,commutativity_involution,96,2,2,1,0,2.0,0.609375,0.59375,1.3654508691340599,2.418536444874567,1.596354596771967,0.16883893311023712,1.4275156259536743,1.921700198412643,1.444597072179081,0.3936564754631446,nan,nan,0.09826578944921494,0.9498608112335205
4,low_diversity,1,0.639,shuffled,demorgan_and_square,96,4,4,1,0,4.0,0.5286458333333334,0.041666666666666664,1.8726243008687469,0.48439962141155485,0.5467539189294872,0.016609102487564087,0.5301448106765747,1.9881773126809488,2.034848797931082,0.3115031831922411,nan,nan,0.002021414926275611,0.9725112318992615
4,low_diversity,1,0.639,shuffled,demorgan_or_square,96,4,4,1,0,4.0,0.4765625,0.09375,1.7455831275039915,1.6594388670056577,2.7296720108545163,1.9300510883331299,0.7996211051940918,2.004546586813926,1.8005858589799986,0.3999485085595105,nan,nan,0.010872764512896538,0.9410284161567688
4,low_diversity,1,0.639,shuffled,distributivity_diamond,96,4,5,2,1,3.0,0.5625,0.3229166666666667,1.441587729802079,1.7033216563831388,2.236402811650646,0.08552297204732895,2.1508798599243164,1.969447061724172,2.242487109038491,0.5987033933402531,2.1957853783011885,1.6540919383639006,0.07905951887369156,0.8891646862030029
4,low_diversity,1,0.639,shuffled,double_negation,96,2,2,1,0,2.0,0.5729166666666666,0.4791666666666667,2.1717269047727776,1.8832838439259902,2.4034689669754203,0.10164991766214371,2.30181884765625,1.9888777871599916,2.465532244414334,0.6663484284768653,nan,nan,0.026599619537591934,0.9700787663459778
4,low_diversity,1,0.639,shuffled,exact1_hexagon,96,6,6,1,0,6.0,0.5399305555555556,0.28125,1.0242438911247604,1.631648376678878,1.8457958911269923,0.031400080770254135,1.814395785331726,1.9616289749772913,1.8280274458803394,0.2005632095192287,nan,nan,0.23157508671283722,0.8807775974273682
4,low_diversity,1,0.639,shuffled,ite_expansion,96,2,2,1,0,2.0,0.5677083333333334,0.46875,2.0967188721220817,1.7483218793475779,0.9759477376412405,0.016981950029730797,0.9589657783508301,1.9388628236064267,1.044726190072585,0.40980696397513583,nan,nan,0.03238324448466301,0.9186599850654602
4,low_diversity,1,0.639,shuffled,majority_duality,96,2,2,1,0,2.0,0.484375,0.5104166666666666,2.407173394175346,1.187831109357769,0.552496074744951,0.08550090342760086,0.4669952094554901,1.9771494861941779,1.0417808127360855,0.198375415299711,nan,nan,0.1742251068353653,0.7492092251777649
4,low_diversity,1,0.639,shuffled,nary_and_hexagon,96,6,6,1,0,6.0,0.5104166666666666,0.8541666666666666,1.3766829751846017,2.053542468007863,2.374425508708465,0.05390634387731552,2.320519208908081,1.9781392130450426,2.3271762506645093,0.17749620546168274,nan,nan,0.05142701417207718,0.15840592980384827
4,low_diversity,1,0.639,identity,associativity_pentagon,96,5,8,1,1,5.0,0.5791666666666667,0.6354166666666666,0.4745276708097357,0.47452767092582304,0.0,0.0,0.0,0.0,0.0,0.0,0.0,0.7658358319319832,0.5989127159118652,0.9147908687591553
4,low_diversity,1,0.639,identity,commutativity_cube,96,8,24,6,5,4.0,0.59375,0.4479166666666667,0.616087691130183,0.6160876883247415,0.0,0.0,0.0,0.0,0.0,0.0,0.0,1.3921660487982912,0.4759412109851837,0.7885103821754456
4,low_diversity,1,0.639,identity,commutativity_involution,96,2,2,1,0,2.0,0.609375,0.59375,1.3654508691340599,1.3654508699186676,0.0,0.0,0.0,0.0,0.0,0.0,nan,nan,0.09826578944921494,0.9498608112335205
4,low_diversity,1,0.639,identity,demorgan_and_square,96,4,4,1,0,4.0,0.5286458333333334,0.041666666666666664,1.8726243008687469,1.8726242995653508,0.0,0.0,0.0,0.0,0.0,0.0,nan,nan,0.002021414926275611,0.9725112318992615
4,low_diversity,1,0.639,identity,demorgan_or_square,96,4,4,1,0,4.0,0.4765625,0.09375,1.7455831275039915,1.7455831311587917,0.0,0.0,0.0,0.0,0.0,0.0,nan,nan,0.010872764512896538,0.9410284161567688
4,low_diversity,1,0.639,identity,distributivity_diamond,96,4,5,2,1,3.0,0.5625,0.3229166666666667,1.441587729802079,1.4415877280948677,0.0,0.0,0.0,0.0,0.0,0.0,0.0,1.569163179456663,0.07905951887369156,0.8891646862030029
4,low_diversity,1,0.639,identity,double_negation,96,2,2,1,0,2.0,0.5729166666666666,0.4791666666666667,2.1717269047727776,2.1717268913312715,0.0,0.0,0.0,0.0,0.0,0.0,nan,nan,0.026599619537591934,0.9700787663459778
4,low_diversity,1,0.639,identity,exact1_hexagon,96,6,6,1,0,6.0,0.5399305555555556,0.28125,1.0242438911247604,1.024243891792816,0.0,0.0,0.0,0.0,0.0,0.0,nan,nan,0.23157508671283722,0.8807775974273682
4,low_diversity,1,0.639,identity,ite_expansion,96,2,2,1,0,2.0,0.5677083333333334,0.46875,2.0967188721220817,2.096718872596531,0.0,0.0,0.0,0.0,0.0,0.0,nan,nan,0.03238324448466301,0.9186599850654602
4,low_diversity,1,0.639,identity,majority_duality,96,2,2,1,0,2.0,0.484375,0.5104166666666666,2.407173394175346,2.407173380378191,0.0,0.0,0.0,0.0,0.0,0.0,nan,nan,0.1742251068353653,0.7492092251777649
4,low_diversity,1,0.639,identity,nary_and_hexagon,96,6,6,1,0,6.0,0.5104166666666666,0.8541666666666666,1.3766829751846017,1.3766829642238518,0.0,0.0,0.0,0.0,0.0,0.0,nan,nan,0.05142701417207718,0.15840592980384827
4,low_diversity,2,0.6305000000000001,fitted,associativity_pentagon,96,5,8,1,1,5.0,0.55625,0.6041666666666666,0.8160731759611597,0.846879988126109,0.3397480455806715,0.05434790626168251,0.2854001522064209,1.7242082261205904,0.2878803348739973,0.4658850028740249,0.07770418325477227,1.3849732148884288,0.3338853418827057,0.7685598731040955
4,low_diversity,2,0.6305000000000001,fitted,commutativity_cube,96,8,24,6,5,4.0,0.5703125,0.3958333333333333,0.7848835633251005,0.81914930726472,0.28399361966919107,0.023763559758663177,0.26023003458976746,1.6372727435879737,0.24447004776507777,0.37489114353725794,0.09819788836041422,1.8839672667982803,0.370760053396225,0.8161996006965637
4,low_diversity,2,0.6305000000000001,fitted,commutativity_involution,96,2,2,1,0,2.0,0.5729166666666666,0.6875,1.3204251897736266,1.3511548675632625,0.2727494819852062,0.01831989549100399,0.25442957878112793,1.6871505654859706,0.2551516290023325,0.4196757350595431,nan,nan,0.11932191997766495,0.8819546699523926
4,low_diversity,2,0.6305000000000001,fitted,demorgan_and_square,96,4,4,1,0,4.0,0.46875,0.052083333333333336,1.8920213102862409,0.5357923786663897,0.9005764825815431,0.01892646960914135,0.8816499710083008,1.8538578382675868,1.7806608847828207,0.4189102676399912,nan,nan,0.0015506811905652285,0.9792675375938416
4,low_diversity,2,0.6305000000000001,fitted,demorgan_or_square,96,4,4,1,0,4.0,0.4296875,0.4375,1.3563862218711171,1.3813620422083523,1.1436738040655035,0.2342139184474945,0.9094598889350891,1.8362992654483452,0.946184867386244,0.28013988533550865,nan,nan,0.10092896968126297,0.7883972525596619
4,low_diversity,2,0.6305000000000001,fitted,distributivity_diamond,96,4,5,2,1,3.0,0.546875,0.19791666666666666,1.7475722819566053,1.0468442320440812,0.2344187829393103,0.00566692091524601,0.22875186800956726,1.7548505591829648,0.29165977165457985,0.08911969812264386,0.3013649015140342,1.0710133877202646,0.01882397010922432,0.9622435569763184
4,low_diversity,2,0.6305000000000001,fitted,double_negation,96,2,2,1,0,2.0,0.59375,0.4583333333333333,2.1253223875788363,1.6311921141057657,0.9691132127145051,0.006613018456846476,0.9625001549720764,1.5951109646168786,1.0517107057883859,0.3485895893967494,nan,nan,0.02046985737979412,0.9374455809593201
4,low_diversity,2,0.6305000000000001,fitted,exact1_hexagon,96,6,6,1,0,6.0,0.4895833333333333,0.20833333333333334,1.3120759463469511,1.361694973184059,0.506338918014833,0.055447764694690704,0.4508911371231079,1.8729660421179053,0.45266969613973745,0.14885122983944488,nan,nan,0.10760547965765,0.947941780090332
4,low_diversity,2,0.6305000000000001,fitted,ite_expansion,96,2,2,1,0,2.0,0.484375,0.4895833333333333,2.349525430188831,1.4552373751148744,0.5567394797690873,0.013587412424385548,0.5431520938873291,1.7507327123225915,0.6732384283732544,0.2609798172495779,nan,nan,0.059581950306892395,0.8577540516853333
4,low_diversity,2,0.6305000000000001,fitted,majority_duality,96,2,2,1,0,2.0,0.484375,0.65625,1.509001717422675,1.3342647322067158,0.22376822519044345,0.006722332909703255,0.2170458883047104,1.6406058646815571,0.24069557701440222,0.13558123999910235,nan,nan,0.058095794171094894,0.8312961459159851
4,low_diversity,2,0.6305000000000001,fitted,nary_and_hexagon,96,6,6,1,0,6.0,0.6197916666666666,0.4375,1.249584498438423,1.318718302404094,0.8051792858522346,0.055268604308366776,0.7499106526374817,1.9597850950354714,0.7517402687410034,0.22608546546834804,nan,nan,0.13676166534423828,0.6713408827781677
4,low_diversity,2,0.6305000000000001,shuffled,associativity_pentagon,96,5,8,1,1,5.0,0.55625,0.6041666666666666,0.8160731759611597,1.8504128344849733,2.3704148714605955,0.1655178964138031,2.204896926879883,1.9648810636855254,2.2526780720560664,0.24539042112863482,1.6435125609329553,2.1169016961167064,0.3338853418827057,0.7685598731040955
4,low_diversity,2,0.6305000000000001,shuffled,commutativity_cube,96,8,24,6,5,4.0,0.5703125,0.3958333333333333,0.7848835633251005,1.4865660029200152,1.884532270295581,0.014725529588758945,1.8698067665100098,1.965874619994204,1.8652700614687572,0.3409865338614028,2.2502728751375556,2.0413736607113844,0.370760053396225,0.8161996006965637
4,low_diversity,2,0.6305000000000001,shuffled,commutativity_involution,96,2,2,1,0,2.0,0.5729166666666666,0.6875,1.3204251897736266,1.9651334384147283,2.072531506621772,0.09914010763168335,1.9733912944793701,1.9113076126931998,1.9745028911668436,0.5403920271736251,nan,nan,0.11932191997766495,0.8819546699523926
4,low_diversity,2,0.6305000000000001,shuffled,demorgan_and_square,96,4,4,1,0,4.0,0.46875,0.052083333333333336,1.8920213102862409,0.6087761893199818,1.1349790727267421,0.019951555877923965,1.1150275468826294,2.017857439041157,2.185024896633741,0.4353781073406369,nan,nan,0.0015506811905652285,0.9792675375938416
4,low_diversity,2,0.6305000000000001,shuffled,demorgan_or_square,96,4,4,1,0,4.0,0.4296875,0.4375,1.3563862218711171,1.9003257103854254,2.121369706364829,0.28150683641433716,1.8398628234863281,1.992014900446468,1.9039023744114343,0.2633584950881404,nan,nan,0.10092896968126297,0.7883972525596619
4,low_diversity,2,0.6305000000000001,shuffled,distributivity_diamond,96,4,5,2,1,3.0,0.546875,0.19791666666666666,1.7475722819566053,1.6084929069713878,1.3991248826056284,0.033282067626714706,1.3658428192138672,2.036799322316396,1.9784263680649505,0.42368584538161685,2.123222755885326,1.5742364362946433,0.01882397010922432,0.9622435569763184
4,low_diversity,2,0.6305000000000001,shuffled,double_negation,96,2,2,1,0,2.0,0.59375,0.4583333333333333,2.1253223875788363,1.8244923123731844,1.7410972646163894,0.010395891964435577,1.7307014465332031,2.003717364259955,1.8565615270952485,0.6413834667770862,nan,nan,0.02046985737979412,0.9374455809593201
4,low_diversity,2,0.6305000000000001,shuffled,exact1_hexagon,96,6,6,1,0,6.0,0.4895833333333333,0.20833333333333334,1.3120759463469511,1.855325195361296,2.0963529628157356,0.03650771826505661,2.059845209121704,1.9516759037801197,2.0643338577482977,0.19439388072191696,nan,nan,0.10760547965765,0.947941780090332
4,low_diversity,2,0.6305000000000001,shuffled,ite_expansion,96,2,2,1,0,2.0,0.484375,0.4895833333333333,2.349525430188831,1.567308216316412,2.763651299998205,0.04821515828371048,2.7154359817504883,1.9926795290649306,3.275390873820319,1.0079023822971054,nan,nan,0.059581950306892395,0.8577540516853333
4,low_diversity,2,0.6305000000000001,shuffled,majority_duality,96,2,2,1,0,2.0,0.484375,0.65625,1.509001717422675,1.9870907382391776,2.1488958206437756,0.04552507400512695,2.1033709049224854,2.0135353681929673,2.2616078626386393,0.36690888858458104,nan,nan,0.058095794171094894,0.8312961459159851
4,low_diversity,2,0.6305000000000001,shuffled,nary_and_hexagon,96,6,6,1,0,6.0,0.6197916666666666,0.4375,1.249584498438423,1.7160020759772934,1.7971025814180968,0.04974241927266121,1.747360110282898,1.9622430530583477,1.750756447004767,0.19994431402064614,nan,nan,0.13676166534423828,0.6713408827781677
4,low_diversity,2,0.6305000000000001,identity,associativity_pentagon,96,5,8,1,1,5.0,0.55625,0.6041666666666666,0.8160731759611597,0.8160731708557817,0.0,0.0,0.0,0.0,0.0,0.0,0.0,1.3353805646705765,0.3338853418827057,0.7685598731040955
4,low_diversity,2,0.6305000000000001,identity,commutativity_cube,96,8,24,6,5,4.0,0.5703125,0.3958333333333333,0.7848835633251005,0.7848835636276155,0.0,0.0,0.0,0.0,0.0,0.0,0.0,1.8079566619751917,0.370760053396225,0.8161996006965637
4,low_diversity,2,0.6305000000000001,identity,commutativity_involution,96,2,2,1,0,2.0,0.5729166666666666,0.6875,1.3204251897736266,1.3204252012600741,0.0,0.0,0.0,0.0,0.0,0.0,nan,nan,0.11932191997766495,0.8819546699523926
4,low_diversity,2,0.6305000000000001,identity,demorgan_and_square,96,4,4,1,0,4.0,0.46875,0.052083333333333336,1.8920213102862409,1.892021318549746,0.0,0.0,0.0,0.0,0.0,0.0,nan,nan,0.0015506811905652285,0.9792675375938416
4,low_diversity,2,0.6305000000000001,identity,demorgan_or_square,96,4,4,1,0,4.0,0.4296875,0.4375,1.3563862218711171,1.3563862167264058,0.0,0.0,0.0,0.0,0.0,0.0,nan,nan,0.10092896968126297,0.7883972525596619
4,low_diversity,2,0.6305000000000001,identity,distributivity_diamond,96,4,5,2,1,3.0,0.546875,0.19791666666666666,1.7475722819566053,1.7475722803967149,0.0,0.0,0.0,0.0,0.0,0.0,0.0,2.281036217137371,0.01882397010922432,0.9622435569763184
4,low_diversity,2,0.6305000000000001,identity,double_negation,96,2,2,1,0,2.0,0.59375,0.4583333333333333,2.1253223875788363,2.125322368666682,0.0,0.0,0.0,0.0,0.0,0.0,nan,nan,0.02046985737979412,0.9374455809593201
4,low_diversity,2,0.6305000000000001,identity,exact1_hexagon,96,6,6,1,0,6.0,0.4895833333333333,0.20833333333333334,1.3120759463469511,1.3120759518543528,0.0,0.0,0.0,0.0,0.0,0.0,nan,nan,0.10760547965765,0.947941780090332
4,low_diversity,2,0.6305000000000001,identity,ite_expansion,96,2,2,1,0,2.0,0.484375,0.4895833333333333,2.349525430188831,2.3495254347006513,0.0,0.0,0.0,0.0,0.0,0.0,nan,nan,0.059581950306892395,0.8577540516853333
4,low_diversity,2,0.6305000000000001,identity,majority_duality,96,2,2,1,0,2.0,0.484375,0.65625,1.509001717422675,1.5090017130911386,0.0,0.0,0.0,0.0,0.0,0.0,nan,nan,0.058095794171094894,0.8312961459159851
4,low_diversity,2,0.6305000000000001,identity,nary_and_hexagon,96,6,6,1,0,6.0,0.6197916666666666,0.4375,1.249584498438423,1.2495844997916392,0.0,0.0,0.0,0.0,0.0,0.0,nan,nan,0.13676166534423828,0.6713408827781677
6,higher_diversity,0,0.687,fitted,associativity_pentagon,96,5,8,1,1,5.0,0.7,0.6041666666666666,0.4135792124885426,0.4741604748577588,0.5336751207117478,0.05447867140173912,0.4791964888572693,1.66585124264254,0.48849630442279285,0.34460610913047746,0.12237574562765764,1.021388473986469,0.6765495538711548,0.7413418889045715
6,higher_diversity,0,0.687,fitted,commutativity_cube,96,8,24,6,5,4.0,0.5143229166666666,0.46875,0.4282468568908211,0.4901443477654107,0.41284520527379154,0.01047483365982771,0.4023703634738922,1.5220225632896387,0.3992031440366113,0.31354854301844215,0.1215656606044116,1.1219846969265328,0.6297547221183777,0.6790919899940491
6,higher_diversity,0,0.687,fitted,commutativity_involution,96,2,2,1,0,2.0,0.7291666666666666,0.75,0.9825195875454472,1.0563122286684672,0.568409627210787,0.015076410956680775,0.5533332228660583,1.7271961117335086,0.5561693610581494,0.39039547683872106,nan,nan,0.3624504506587982,0.8211424946784973
6,higher_diversity,0,0.687,fitted,demorgan_and_square,96,4,4,1,0,4.0,0.5755208333333334,0.34375,1.3753378796597773,0.9563568563737277,0.7477708354698457,0.04606131836771965,0.701709508895874,1.848099894614852,0.9341516409628804,0.21152852063862546,nan,nan,0.07294601947069168,0.7090768218040466
6,higher_diversity,0,0.687,fitted,demorgan_or_square,96,4,4,1,0,4.0,0.6015625,0.4479166666666667,1.1619924856680814,0.9505398356412094,0.8023498544817951,0.12262795865535736,0.6797218322753906,1.8619579185477448,0.8420992950561436,0.2662135630933716,nan,nan,0.2519844174385071,0.752068042755127
6,higher_diversity,0,0.687,fitted,distributivity_diamond,96,4,5,2,1,3.0,0.6484375,0.4270833333333333,1.1499926966538287,1.060737140268091,0.6071354795332179,0.024595962837338448,0.5825394988059998,1.729467159981116,0.6532593937443744,0.261521652340807,0.782872017675461,1.200943335698891,0.23977838456630707,0.8470557332038879
6,higher_diversity,0,0.687,fitted,double_negation,96,2,2,1,0,2.0,0.6822916666666666,0.5520833333333334,2.0482041306818415,1.192360977583825,0.8769252525894271,0.014542648568749428,0.8623825311660767,1.5505585773667578,0.9843255219142837,0.3846860311009572,nan,nan,0.1997809112071991,0.7979140877723694
6,higher_diversity,0,0.687,fitted,exact1_hexagon,96,6,6,1,0,6.0,0.5972222222222222,0.23958333333333334,0.9245067001076932,1.0474131075722002,1.0436062649116529,0.12842442095279694,0.9151817560195923,1.9228581468772392,0.9187589147429476,0.18624628603224302,nan,nan,0.2507251501083374,0.7310019731521606
6,higher_diversity,0,0.687,fitted,ite_expansion,96,2,2,1,0,2.0,0.5729166666666666,0.5625,1.6150646753339566,1.2025874643645929,0.728179855895741,0.012666251510381699,0.7155135869979858,1.6951845620738448,0.8646966015042912,0.37763571182131134,nan,nan,0.18742644786834717,0.8776886463165283
6,higher_diversity,0,0.687,fitted,majority_duality,96,2,2,1,0,2.0,0.65625,0.6666666666666666,1.5536619907451903,1.022521518778097,0.45253398248263776,0.03028375282883644,0.4222502112388611,1.6030165984968268,0.5949158430203468,0.3023851545260883,nan,nan,0.21402017772197723,0.7510221600532532
6,higher_diversity,0,0.687,fitted,nary_and_hexagon,96,6,6,1,0,6.0,0.5902777777777778,0.5520833333333334,0.7500538784919967,0.9068717247715579,1.0971021600104758,0.07932931184768677,1.0177727937698364,1.913423361593941,1.0212189456216236,0.2294855468651692,nan,nan,0.4460960626602173,0.6020283102989197
6,higher_diversity,0,0.687,shuffled,associativity_pentagon,96,5,8,1,1,5.0,0.7,0.6041666666666666,0.4135792124885426,1.4563725628034319,1.9358475140466613,0.18883980810642242,1.7470076084136963,2.0266013415571327,1.76548757406704,0.25472513345789666,1.1660743764234163,1.814866776998978,0.6765495538711548,0.7413418889045715
6,higher_diversity,0,0.687,shuffled,commutativity_cube,96,8,24,6,5,4.0,0.5143229166666666,0.46875,0.4282468568908211,1.7089256470545162,1.7818129174533275,0.013726827688515186,1.7680860757827759,1.982711314457499,1.7582940693787383,0.2635110032541548,1.9729344501868191,2.0058387109766436,0.6297547221183777,0.6790919899940491
6,higher_diversity,0,0.687,shuffled,commutativity_involution,96,2,2,1,0,2.0,0.7291666666666666,0.75,0.9825195875454472,2.1066274275513672,1.6426252853443144,0.056207552552223206,1.5864176750183105,1.9333558695941269,1.5901641544198026,0.39505948393977847,nan,nan,0.3624504506587982,0.8211424946784973
6,higher_diversity,0,0.687,shuffled,demorgan_and_square,96,4,4,1,0,4.0,0.5755208333333334,0.34375,1.3753378796597773,1.7297843376412427,1.9830594639721673,0.042882613837718964,1.9401767253875732,2.0368314370772884,2.2817740807956217,0.2979598130313615,nan,nan,0.07294601947069168,0.7090768218040466
6,higher_diversity,0,0.687,shuffled,demorgan_or_square,96,4,4,1,0,4.0,0.6015625,0.4479166666666667,1.1619924856680814,1.784144644911434,2.453174085670596,0.5912086963653564,1.8619654178619385,2.0137835899617405,2.10770827222664,0.3532826097628938,nan,nan,0.2519844174385071,0.752068042755127
6,higher_diversity,0,0.687,shuffled,distributivity_diamond,96,4,5,2,1,3.0,0.6484375,0.4270833333333333,1.1499926966538287,1.957308551559117,2.202856448210666,0.07674965262413025,2.1261067390441895,1.998096751102974,2.1962191339732917,0.4011503454674939,2.1141912397093465,1.9785374264921485,0.23977838456630707,0.8470557332038879
6,higher_diversity,0,0.687,shuffled,double_negation,96,2,2,1,0,2.0,0.6822916666666666,0.5520833333333334,2.0482041306818415,1.6120793745761208,2.2597630000235807,0.02479086071252823,2.2349720001220703,1.9526096274916211,2.5138010757516818,0.7204108720642631,nan,nan,0.1997809112071991,0.7979140877723694
6,higher_diversity,0,0.687,shuffled,exact1_hexagon,96,6,6,1,0,6.0,0.5972222222222222,0.23958333333333334,0.9245067001076932,2.0922575140912647,2.0227885431865062,0.055171869695186615,1.9676167964935303,2.0121900759921187,1.9744485136433652,0.16277998288696596,nan,nan,0.2507251501083374,0.7310019731521606
6,higher_diversity,0,0.687,shuffled,ite_expansion,96,2,2,1,0,2.0,0.5729166666666666,0.5625,1.6150646753339566,1.7799955685577051,2.0083770272202366,0.039100103080272675,1.9692769050598145,2.029493442087491,2.175068517404959,0.5676054660001241,nan,nan,0.18742644786834717,0.8776886463165283
6,higher_diversity,0,0.687,shuffled,majority_duality,96,2,2,1,0,2.0,0.65625,0.6666666666666666,1.5536619907451903,1.9801610112244694,1.5323371119658336,0.04430513456463814,1.4880319833755493,2.0005763637733986,1.7429435586491162,0.4259405305122634,nan,nan,0.21402017772197723,0.7510221600532532
6,higher_diversity,0,0.687,shuffled,nary_and_hexagon,96,6,6,1,0,6.0,0.5902777777777778,0.5520833333333334,0.7500538784919967,2.451096256018254,2.28836265199006,0.14335200190544128,2.1450107097625732,2.009971562074015,2.1487705489773576,0.1618569183134002,nan,nan,0.4460960626602173,0.6020283102989197
6,higher_diversity,0,0.687,identity,associativity_pentagon,96,5,8,1,1,5.0,0.7,0.6041666666666666,0.4135792124885426,0.41357921295859734,0.0,0.0,0.0,0.0,0.0,0.0,0.0,0.8801953342431758,0.6765495538711548,0.7413418889045715
6,higher_diversity,0,0.687,identity,commutativity_cube,96,8,24,6,5,4.0,0.5143229166666666,0.46875,0.4282468568908211,0.428246856405408,0.0,0.0,0.0,0.0,0.0,0.0,0.0,1.0645256922619328,0.6297547221183777,0.6790919899940491
6,higher_diversity,0,0.687,identity,commutativity_involution,96,2,2,1,0,2.0,0.7291666666666666,0.75,0.9825195875454472,0.9825195867863297,0.0,0.0,0.0,0.0,0.0,0.0,nan,nan,0.3624504506587982,0.8211424946784973
6,higher_diversity,0,0.687,identity,demorgan_and_square,96,4,4,1,0,4.0,0.5755208333333334,0.34375,1.3753378796597773,1.3753378775597755,0.0,0.0,0.0,0.0,0.0,0.0,nan,nan,0.07294601947069168,0.7090768218040466
6,higher_diversity,0,0.687,identity,demorgan_or_square,96,4,4,1,0,4.0,0.6015625,0.4479166666666667,1.1619924856680814,1.16199248427742,0.0,0.0,0.0,0.0,0.0,0.0,nan,nan,0.2519844174385071,0.752068042755127
6,higher_diversity,0,0.687,identity,distributivity_diamond,96,4,5,2,1,3.0,0.6484375,0.4270833333333333,1.1499926966538287,1.1499927008787483,0.0,0.0,0.0,0.0,0.0,0.0,0.0,1.2905987140049904,0.23977838456630707,0.8470557332038879
6,higher_diversity,0,0.687,identity,double_negation,96,2,2,1,0,2.0,0.6822916666666666,0.5520833333333334,2.0482041306818415,2.048204127547062,0.0,0.0,0.0,0.0,0.0,0.0,nan,nan,0.1997809112071991,0.7979140877723694
6,higher_diversity,0,0.687,identity,exact1_hexagon,96,6,6,1,0,6.0,0.5972222222222222,0.23958333333333334,0.9245067001076932,0.9245067020805454,0.0,0.0,0.0,0.0,0.0,0.0,nan,nan,0.2507251501083374,0.7310019731521606
6,higher_diversity,0,0.687,identity,ite_expansion,96,2,2,1,0,2.0,0.5729166666666666,0.5625,1.6150646753339566,1.6150646768749444,0.0,0.0,0.0,0.0,0.0,0.0,nan,nan,0.18742644786834717,0.8776886463165283
6,higher_diversity,0,0.687,identity,majority_duality,96,2,2,1,0,2.0,0.65625,0.6666666666666666,1.5536619907451903,1.5536619902237923,0.0,0.0,0.0,0.0,0.0,0.0,nan,nan,0.21402017772197723,0.7510221600532532
6,higher_diversity,0,0.687,identity,nary_and_hexagon,96,6,6,1,0,6.0,0.5902777777777778,0.5520833333333334,0.7500538784919967,0.7500538784954014,0.0,0.0,0.0,0.0,0.0,0.0,nan,nan,0.4460960626602173,0.6020283102989197
6,higher_diversity,1,0.679,fitted,associativity_pentagon,96,5,8,1,1,5.0,0.5916666666666667,0.6979166666666666,0.6448303446210443,0.7038529317381063,0.5393502893459904,0.04045034199953079,0.4988999664783478,1.6570330835225586,0.5182617727090961,0.22841272231561663,0.14191176067851793,1.181765988106468,0.44444501399993896,0.5166820287704468
6,higher_diversity,1,0.679,fitted,commutativity_cube,96,8,24,6,5,4.0,0.5859375,0.6354166666666666,0.5224953159327768,0.5906349778087986,0.471802336634534,0.023203974589705467,0.44859838485717773,1.5713798159684984,0.4418251956219388,0.32625035795420965,0.1479012025692662,1.3343548819292508,0.5732832551002502,0.5522125959396362
6,higher_diversity,1,0.679,fitted,commutativity_involution,96,2,2,1,0,2.0,0.6927083333333334,0.71875,1.3235258633621276,1.3849221528702635,0.7160924868612732,0.02973257377743721,0.6863599419593811,1.7399376459006783,0.6883677425189824,0.40595672464974647,nan,nan,0.12027358263731003,0.7770147323608398
6,higher_diversity,1,0.679,fitted,demorgan_and_square,96,4,4,1,0,4.0,0.5520833333333334,0.3958333333333333,1.4613590807706704,1.0579972526005428,1.0448060171884275,0.03819664940237999,1.006609320640564,1.8375120688622741,1.3130762156712081,0.28749057156704844,nan,nan,0.05555713176727295,0.5521060228347778
6,higher_diversity,1,0.679,fitted,demorgan_or_square,96,4,4,1,0,4.0,0.5885416666666666,0.25,1.4403388482136872,1.317375105717792,1.6018935988626901,0.5472820401191711,1.0546116828918457,1.8740564958286103,1.2923084766165356,0.33290461839510077,nan,nan,0.07863452285528183,0.6810093522071838
6,higher_diversity,1,0.679,fitted,distributivity_diamond,96,4,5,2,1,3.0,0.5963541666666666,0.4895833333333333,1.1116200202810467,1.0582379745307418,0.7246909605765396,0.05275566875934601,0.6719352602958679,1.7373101483844031,0.74933131276619,0.28279038601284795,0.9041420030155723,1.2083283114777579,0.26856064796447754,0.8097379803657532
6,higher_diversity,1,0.679,fitted,double_negation,96,2,2,1,0,2.0,0.6302083333333334,0.59375,1.8565861027312993,1.2217666444550028,0.8551964455593334,0.016515975818037987,0.8386805057525635,1.5889086819466127,0.9191729503355843,0.3816226933936943,nan,nan,0.13619987666606903,0.825786292552948
6,higher_diversity,1,0.679,fitted,exact1_hexagon,96,6,6,1,0,6.0,0.5746527777777778,0.21875,1.07449248886974,1.1723982855240542,1.031179299767125,0.06514424085617065,0.9660350680351257,1.9229697843788605,0.9695909362308134,0.16998247288014412,nan,nan,0.14407993853092194,0.5920662879943848
6,higher_diversity,1,0.679,fitted,ite_expansion,96,2,2,1,0,2.0,0.5677083333333334,0.6354166666666666,1.6624697411991856,1.2813069898121159,0.7875694847319586,0.02666173316538334,0.760907769203186,1.7332257970736682,0.9068126190140222,0.3754597365014393,nan,nan,0.1543624848127365,0.8846068382263184
6,higher_diversity,1,0.679,fitted,majority_duality,96,2,2,1,0,2.0,0.5260416666666666,0.4895833333333333,1.803181643643509,1.3243193024514968,0.5821196550981089,0.008718791417777538,0.5734008550643921,1.6621619162313868,0.7760984909637247,0.2725899246397849,nan,nan,0.08766704052686691,0.6732411980628967
6,higher_diversity,1,0.679,fitted,nary_and_hexagon,96,6,6,1,0,6.0,0.5486111111111112,0.65625,0.9167510404689327,1.0424237342292677,1.4681483690968349,0.12946638464927673,1.338681936264038,1.891925368593139,1.3411705420890048,0.25827019244545046,nan,nan,0.32279571890830994,0.46588027477264404
6,higher_diversity,1,0.679,shuffled,associativity_pentagon,96,5,8,1,1,5.0,0.5916666666666667,0.6979166666666666,0.6448303446210443,1.9836826243495331,1.6862083895282676,0.1002977192401886,1.585910677909851,1.9811680310473332,1.6372991737757818,0.15353954224170843,1.1501800858136202,1.9816579474753917,0.44444501399993896,0.5166820287704468
6,higher_diversity,1,0.679,shuffled,commutativity_cube,96,8,24,6,5,4.0,0.5859375,0.6354166666666666,0.5224953159327768,1.6993516144408778,2.0260396516392585,0.021397016942501068,2.0046427249908447,1.9980108938567025,1.9766049341677487,0.30273455422948736,2.2042594077737565,2.075395495105558,0.5732832551002502,0.5522125959396362
6,higher_diversity,1,0.679,shuffled,commutativity_involution,96,2,2,1,0,2.0,0.6927083333333334,0.71875,1.3235258633621276,2.087690374466432,2.184727983501103,0.07776160538196564,2.106966257095337,1.978269093542426,2.1115012436115754,0.5309029103974118,nan,nan,0.12027358263731003,0.7770147323608398
6,higher_diversity,1,0.679,shuffled,demorgan_and_square,96,4,4,1,0,4.0,0.5520833333333334,0.3958333333333333,1.4613590807706704,1.631255408041734,1.70399490303618,0.04744615778326988,1.6565487384796143,1.9784522927674788,2.0433942731472365,0.27820213297955765,nan,nan,0.05555713176727295,0.5521060228347778
6,higher_diversity,1,0.679,shuffled,demorgan_or_square,96,4,4,1,0,4.0,0.5885416666666666,0.25,1.4403388482136872,2.059370396261765,3.43791379876132,1.731398582458496,1.7065153121948242,1.9965413690511726,1.9830496087901321,0.42752890201781596,nan,nan,0.07863452285528183,0.6810093522071838
6,higher_diversity,1,0.679,shuffled,distributivity_diamond,96,4,5,2,1,3.0,0.5963541666666666,0.4895833333333333,1.1116200202810467,1.994089456619136,2.13159143296539,0.07249264419078827,2.059098958969116,1.986703748405312,2.1268540600595833,0.39005805552714773,2.213797543890268,1.9232766746031518,0.26856064796447754,0.8097379803657532
6,higher_diversity,1,0.679,shuffled,double_negation,96,2,2,1,0,2.0,0.6302083333333334,0.59375,1.8565861027312993,1.8616672043269784,1.6706435184165986,0.02601616643369198,1.6446274518966675,1.966784012134539,1.918128251920243,0.5084564792166815,nan,nan,0.13619987666606903,0.825786292552948
6,higher_diversity,1,0.679,shuffled,exact1_hexagon,96,6,6,1,0,6.0,0.5746527777777778,0.21875,1.07449248886974,2.0636349929175952,2.1386596648194653,0.08518069982528687,2.053478956222534,1.9955609296211196,2.0586807508250144,0.1733164772278125,nan,nan,0.14407993853092194,0.5920662879943848
6,higher_diversity,1,0.679,shuffled,ite_expansion,96,2,2,1,0,2.0,0.5677083333333334,0.6354166666666666,1.6624697411991856,1.6777282504556,1.6060791626912576,0.036850567907094955,1.5692285299301147,1.9520950234509664,1.8083902624047161,0.508506897417372,nan,nan,0.1543624848127365,0.8846068382263184
6,higher_diversity,1,0.679,shuffled,majority_duality,96,2,2,1,0,2.0,0.5260416666666666,0.4895833333333333,1.803181643643509,1.7591026620410233,2.1926806697285808,0.019620543345808983,2.1730599403381348,1.9961273585187709,2.4031177600101215,0.6310090063627568,nan,nan,0.08766704052686691,0.6732411980628967
6,higher_diversity,1,0.679,shuffled,nary_and_hexagon,96,6,6,1,0,6.0,0.5486111111111112,0.65625,0.9167510404689327,2.323452015018438,2.103199087025613,0.1182212382555008,1.9849778413772583,1.9768962183830647,1.9881828114495683,0.16822583277035533,nan,nan,0.32279571890830994,0.46588027477264404
6,higher_diversity,1,0.679,identity,associativity_pentagon,96,5,8,1,1,5.0,0.5916666666666667,0.6979166666666666,0.6448303446210443,0.644830345665614,0.0,0.0,0.0,0.0,0.0,0.0,0.0,1.1366055593279314,0.44444501399993896,0.5166820287704468
6,higher_diversity,1,0.679,identity,commutativity_cube,96,8,24,6,5,4.0,0.5859375,0.6354166666666666,0.5224953159327768,0.5224953163611284,0.0,0.0,0.0,0.0,0.0,0.0,0.0,1.2652777025509723,0.5732832551002502,0.5522125959396362
6,higher_diversity,1,0.679,identity,commutativity_involution,96,2,2,1,0,2.0,0.6927083333333334,0.71875,1.3235258633621276,1.3235258656379891,0.0,0.0,0.0,0.0,0.0,0.0,nan,nan,0.12027358263731003,0.7770147323608398
6,higher_diversity,1,0.679,identity,demorgan_and_square,96,4,4,1,0,4.0,0.5520833333333334,0.3958333333333333,1.4613590807706704,1.4613590769558158,0.0,0.0,0.0,0.0,0.0,0.0,nan,nan,0.05555713176727295,0.5521060228347778
6,higher_diversity,1,0.679,identity,demorgan_or_square,96,4,4,1,0,4.0,0.5885416666666666,0.25,1.4403388482136872,1.4403388427241548,0.0,0.0,0.0,0.0,0.0,0.0,nan,nan,0.07863452285528183,0.6810093522071838
6,higher_diversity,1,0.679,identity,distributivity_diamond,96,4,5,2,1,3.0,0.5963541666666666,0.4895833333333333,1.1116200202810467,1.1116200197857964,0.0,0.0,0.0,0.0,0.0,0.0,0.0,1.268321053469708,0.26856064796447754,0.8097379803657532
6,higher_diversity,1,0.679,identity,double_negation,96,2,2,1,0,2.0,0.6302083333333334,0.59375,1.8565861027312993,1.8565861136446575,0.0,0.0,0.0,0.0,0.0,0.0,nan,nan,0.13619987666606903,0.825786292552948
6,higher_diversity,1,0.679,identity,exact1_hexagon,96,6,6,1,0,6.0,0.5746527777777778,0.21875,1.07449248886974,1.0744924878153719,0.0,0.0,0.0,0.0,0.0,0.0,nan,nan,0.14407993853092194,0.5920662879943848
6,higher_diversity,1,0.679,identity,ite_expansion,96,2,2,1,0,2.0,0.5677083333333334,0.6354166666666666,1.6624697411991856,1.6624697480311075,0.0,0.0,0.0,0.0,0.0,0.0,nan,nan,0.1543624848127365,0.8846068382263184
6,higher_diversity,1,0.679,identity,majority_duality,96,2,2,1,0,2.0,0.5260416666666666,0.4895833333333333,1.803181643643509,1.8031816498142466,0.0,0.0,0.0,0.0,0.0,0.0,nan,nan,0.08766704052686691,0.6732411980628967
6,higher_diversity,1,0.679,identity,nary_and_hexagon,96,6,6,1,0,6.0,0.5486111111111112,0.65625,0.9167510404689327,0.9167510461987994,0.0,0.0,0.0,0.0,0.0,0.0,nan,nan,0.32279571890830994,0.46588027477264404
6,higher_diversity,2,0.6775,fitted,associativity_pentagon,96,5,8,1,1,5.0,0.68125,0.6875,0.45460658279625316,0.5052203344311355,0.40209453678894114,0.01892263814806938,0.3831718862056732,1.637647409799874,0.38786339736744824,0.320447274542997,0.08600513114302881,1.0026328144479353,0.6212651133537292,0.8070455193519592
6,higher_diversity,2,0.6775,fitted,commutativity_cube,96,8,24,6,5,4.0,0.578125,0.53125,0.45094687080093027,0.5096673243682626,0.36701072629970793,0.005799001082777977,0.36121174693107605,1.5195298413136955,0.3550759467130694,0.2979073010126942,0.13339843790448064,1.1223951870251272,0.6325603723526001,0.7483172416687012
6,higher_diversity,2,0.6775,fitted,commutativity_involution,96,2,2,1,0,2.0,0.6875,0.7708333333333334,0.9508431416927648,1.031980656700321,0.5388643758686317,0.014535200782120228,0.5243291258811951,1.732210278809806,0.5262771795306601,0.409274636699185,nan,nan,0.36958077549934387,0.8642707467079163
6,higher_diversity,2,0.6775,fitted,demorgan_and_square,96,4,4,1,0,4.0,0.625,0.46875,1.2260828672135293,1.0265000437030094,0.6551181265893475,0.0315505713224411,0.6235675811767578,1.8396175694731471,0.8265528517320792,0.19528328465660252,nan,nan,0.16956913471221924,0.6746793389320374
6,higher_diversity,2,0.6775,fitted,demorgan_or_square,96,4,4,1,0,4.0,0.6119791666666666,0.4166666666666667,1.1586392490145319,1.0708709282405438,0.8301472770581588,0.1904611587524414,0.639686107635498,1.8987605266900116,0.7675631123288155,0.23769784102922334,nan,nan,0.2277068793773651,0.7155055999755859
6,higher_diversity,2,0.6775,fitted,distributivity_diamond,96,4,5,2,1,3.0,0.6276041666666666,0.4583333333333333,1.0231906767411632,0.9728003684419128,0.5905031812411118,0.015987832099199295,0.5745153427124023,1.737866805554366,0.6194513364365327,0.2956982380638635,0.7544279647753486,1.0029628832497988,0.31690713763237,0.877039909362793
6,higher_diversity,2,0.6775,fitted,double_negation,96,2,2,1,0,2.0,0.6927083333333334,0.5520833333333334,1.932684459017361,1.2303810766765577,0.9166583129268906,0.007614298723638058,0.9090439677238464,1.619523402111579,1.0616534282803523,0.4008065203069826,nan,nan,0.1386159062385559,0.8302340507507324
6,higher_diversity,2,0.6775,fitted,exact1_hexagon,96,6,6,1,0,6.0,0.5815972222222222,0.2708333333333333,1.0141835282556033,1.1221291550809505,1.332559394325789,0.23368161916732788,1.0988777875900269,1.935679472280545,1.107231063441026,0.23763540253241425,nan,nan,0.21122318506240845,0.6520453691482544
6,higher_diversity,2,0.6775,fitted,ite_expansion,96,2,2,1,0,2.0,0.546875,0.6145833333333334,1.571217757155529,1.2691597375369883,0.6954735589590281,0.013095011934638023,0.6823785901069641,1.7312938619379292,0.8065187183820138,0.3283891234847312,nan,nan,0.176311656832695,0.8735585808753967
6,higher_diversity,2,0.6775,fitted,majority_duality,96,2,2,1,0,2.0,0.609375,0.5729166666666666,1.6821397987904514,1.2285365538905402,0.3816565214657677,0.01689809001982212,0.3647584021091461,1.671360069122695,0.5594630811325938,0.25157239519784197,nan,nan,0.11849591135978699,0.7074918746948242
6,higher_diversity,2,0.6775,fitted,nary_and_hexagon,96,6,6,1,0,6.0,0.6232638888888888,0.6041666666666666,0.8148271400813528,0.932361046479434,1.0087948733719616,0.09240064024925232,0.9163942337036133,1.8893929819933606,0.9205209683370869,0.20982368002632235,nan,nan,0.3923015296459198,0.5685464143753052
6,higher_diversity,2,0.6775,shuffled,associativity_pentagon,96,5,8,1,1,5.0,0.68125,0.6875,0.45460658279625316,1.9444765981519485,1.9572790394757194,0.13108068704605103,1.8261982202529907,1.9781077150409854,1.8347012566079566,0.1881739865940486,1.4769849882930624,2.0250283913887004,0.6212651133537292,0.8070455193519592
6,higher_diversity,2,0.6775,shuffled,commutativity_cube,96,8,24,6,5,4.0,0.578125,0.53125,0.45094687080093027,1.8061322896171597,2.04757784464306,0.019774166867136955,2.027803659439087,1.985743626722253,2.011747538145265,0.28688670896210816,2.0240093466805473,1.967141960541142,0.6325603723526001,0.7483172416687012
6,higher_diversity,2,0.6775,shuffled,commutativity_involution,96,2,2,1,0,2.0,0.6875,0.7708333333333334,0.9508431416927648,2.6990723869798123,1.1734284705455524,0.029022039845585823,1.1444064378738403,1.9535637527123237,1.147566708946308,0.2710346583041836,nan,nan,0.36958077549934387,0.8642707467079163
6,higher_diversity,2,0.6775,shuffled,demorgan_and_square,96,4,4,1,0,4.0,0.625,0.46875,1.2260828672135293,1.6217319982427119,1.6318589639203724,0.0923062339425087,1.5395526885986328,1.9870901359865616,1.7869187161450752,0.26069994263827,nan,nan,0.16956913471221924,0.6746793389320374
6,higher_diversity,2,0.6775,shuffled,demorgan_or_square,96,4,4,1,0,4.0,0.6119791666666666,0.4166666666666667,1.1586392490145319,2.3013046617728765,2.9225117402390213,0.878836989402771,2.0436747074127197,1.9801004236700794,2.2096330827484265,0.3244520564956939,nan,nan,0.2277068793773651,0.7155055999755859
6,higher_diversity,2,0.6775,shuffled,distributivity_diamond,96,4,5,2,1,3.0,0.6276041666666666,0.4583333333333333,1.0231906767411632,2.1840736625063566,1.9107792973344457,0.06488042324781418,1.8458988666534424,1.977106456716134,1.9487744514336753,0.3297200100416082,2.387886873402686,2.1373706390573117,0.31690713763237,0.877039909362793
6,higher_diversity,2,0.6775,shuffled,double_negation,96,2,2,1,0,2.0,0.6927083333333334,0.5520833333333334,1.932684459017361,1.6627875852973628,2.22037211446475,0.022298051044344902,2.1980741024017334,2.039183885671369,2.542164224555025,0.6816593200157772,nan,nan,0.1386159062385559,0.8302340507507324
6,higher_diversity,2,0.6775,shuffled,exact1_hexagon,96,6,6,1,0,6.0,0.5815972222222222,0.2708333333333333,1.0141835282556033,2.0756395736191786,2.0034012952306375,0.04436492174863815,1.9590363502502441,1.990639703884683,1.9709949500871762,0.16383891319885233,nan,nan,0.21122318506240845,0.6520453691482544
6,higher_diversity,2,0.6775,shuffled,ite_expansion,96,2,2,1,0,2.0,0.546875,0.6145833333333334,1.571217757155529,1.840052396955302,2.3020504675449627,0.046075351536273956,2.2559750080108643,1.9874314827210464,2.4443392288077237,0.6295900045160588,nan,nan,0.176311656832695,0.8735585808753967
6,higher_diversity,2,0.6775,shuffled,majority_duality,96,2,2,1,0,2.0,0.609375,0.5729166666666666,1.6821397987904514,1.7564710027304153,1.9669321822568373,0.021903444081544876,1.9450286626815796,1.9897518743571443,2.1693293543905066,0.5668141138670145,nan,nan,0.11849591135978699,0.7074918746948242
6,higher_diversity,2,0.6775,shuffled,nary_and_hexagon,96,6,6,1,0,6.0,0.6232638888888888,0.6041666666666666,0.8148271400813528,1.9554618052650699,2.073969115044277,0.14388036727905273,1.9300886392593384,1.9983790315899836,1.9360013827257636,0.17220974536292855,nan,nan,0.3923015296459198,0.5685464143753052
6,higher_diversity,2,0.6775,identity,associativity_pentagon,96,5,8,1,1,5.0,0.68125,0.6875,0.45460658279625316,0.45460658147537797,0.0,0.0,0.0,0.0,0.0,0.0,0.0,0.8849115572621438,0.6212651133537292,0.8070455193519592
6,higher_diversity,2,0.6775,identity,commutativity_cube,96,8,24,6,5,4.0,0.578125,0.53125,0.45094687080093027,0.4509468708849005,0.0,0.0,0.0,0.0,0.0,0.0,0.0,1.0595192212382059,0.6325603723526001,0.7483172416687012
6,higher_diversity,2,0.6775,identity,commutativity_involution,96,2,2,1,0,2.0,0.6875,0.7708333333333334,0.9508431416927648,0.9508431449538806,0.0,0.0,0.0,0.0,0.0,0.0,nan,nan,0.36958077549934387,0.8642707467079163
6,higher_diversity,2,0.6775,identity,demorgan_and_square,96,4,4,1,0,4.0,0.625,0.46875,1.2260828672135293,1.2260828671847737,0.0,0.0,0.0,0.0,0.0,0.0,nan,nan,0.16956913471221924,0.6746793389320374
6,higher_diversity,2,0.6775,identity,demorgan_or_square,96,4,4,1,0,4.0,0.6119791666666666,0.4166666666666667,1.1586392490145319,1.1586392460200368,0.0,0.0,0.0,0.0,0.0,0.0,nan,nan,0.2277068793773651,0.7155055999755859
6,higher_diversity,2,0.6775,identity,distributivity_diamond,96,4,5,2,1,3.0,0.6276041666666666,0.4583333333333333,1.0231906767411632,1.0231906709392433,0.0,0.0,0.0,0.0,0.0,0.0,0.0,1.0865783759934111,0.31690713763237,0.877039909362793
6,higher_diversity,2,0.6775,identity,double_negation,96,2,2,1,0,2.0,0.6927083333333334,0.5520833333333334,1.932684459017361,1.9326844687303888,0.0,0.0,0.0,0.0,0.0,0.0,nan,nan,0.1386159062385559,0.8302340507507324
6,higher_diversity,2,0.6775,identity,exact1_hexagon,96,6,6,1,0,6.0,0.5815972222222222,0.2708333333333333,1.0141835282556033,1.0141835270508417,0.0,0.0,0.0,0.0,0.0,0.0,nan,nan,0.21122318506240845,0.6520453691482544
6,higher_diversity,2,0.6775,identity,ite_expansion,96,2,2,1,0,2.0,0.546875,0.6145833333333334,1.571217757155529,1.5712177638081335,0.0,0.0,0.0,0.0,0.0,0.0,nan,nan,0.176311656832695,0.8735585808753967
6,higher_diversity,2,0.6775,identity,majority_duality,96,2,2,1,0,2.0,0.609375,0.5729166666666666,1.6821397987904514,1.6821397951243169,0.0,0.0,0.0,0.0,0.0,0.0,nan,nan,0.11849591135978699,0.7074918746948242
6,higher_diversity,2,0.6775,identity,nary_and_hexagon,96,6,6,1,0,6.0,0.6232638888888888,0.6041666666666666,0.8148271400813528,0.8148271379405636,0.0,0.0,0.0,0.0,0.0,0.0,nan,nan,0.3923015296459198,0.5685464143753052
6,low_diversity,0,0.639,fitted,associativity_pentagon,96,5,8,1,1,5.0,0.575,0.8645833333333334,0.437847020594091,0.4510142427840917,0.2478771957669637,0.03974982723593712,0.20812736451625824,1.4963261001709618,0.21040837936631257,0.6304149072169306,0.024462461493335735,0.6991474789636319,0.6082374453544617,0.4336055815219879
6,low_diversity,0,0.639,fitted,commutativity_cube,96,8,24,6,5,4.0,0.5286458333333334,0.40625,0.7960212570131459,0.8137119934225275,0.1402948023595132,0.02607932686805725,0.11421547830104828,1.577483617172459,0.11095898135872269,0.33229735770218505,0.038430436465498936,1.7458530215445645,0.36146047711372375,0.8446398377418518
6,low_diversity,0,0.639,fitted,commutativity_involution,96,2,2,1,0,2.0,0.59375,0.7291666666666666,1.4746865071605795,1.4977248665309315,0.17530959434396626,0.006370239891111851,0.16893935203552246,1.5914819920464558,0.1698735769195618,0.3640748956870288,nan,nan,0.05463184416294098,0.6722409129142761
6,low_diversity,0,0.639,fitted,demorgan_and_square,96,4,4,1,0,4.0,0.4765625,0.08333333333333333,1.7424907859120236,0.5036129766289617,0.1870517378571803,0.0042516873218119144,0.1828000545501709,1.7959884527069923,0.3885374774290685,0.14077229804463295,nan,nan,0.009848964400589466,0.9874093532562256
6,low_diversity,0,0.639,fitted,demorgan_or_square,96,4,4,1,0,4.0,0.40625,0.5416666666666666,1.1804997575907688,0.9414809204231027,0.23134514137165388,0.04556255042552948,0.18578258156776428,1.802699381701628,0.2430808583325451,0.08615898842775889,nan,nan,0.16494055092334747,0.7672603726387024
6,low_diversity,0,0.639,fitted,distributivity_diamond,96,4,5,2,1,3.0,0.5729166666666666,0.2916666666666667,1.5635553703895482,0.9116678648331772,0.10658074341566134,0.006076900288462639,0.1005038395524025,1.7072783261914417,0.1445559211919919,0.04186705856331901,0.13110315016386864,1.0638021097433576,0.04825713112950325,0.9374341368675232
6,low_diversity,0,0.639,fitted,double_negation,96,2,2,1,0,2.0,0.5416666666666666,0.5,1.9585172379494409,1.7438119599649122,0.6192005688937983,0.0058227889239788055,0.6133778095245361,1.5147116063199413,0.6348057636437868,0.31400106357945984,nan,nan,0.00664133857935667,0.9895222783088684
6,low_diversity,0,0.639,fitted,exact1_hexagon,96,6,6,1,0,6.0,0.5052083333333334,0.28125,1.1499469482060787,1.1855390001350459,0.4912731071927342,0.04983622953295708,0.44143685698509216,1.8810535608705703,0.44223084582261496,0.20067803199869086,nan,nan,0.15997251868247986,0.8864860534667969
6,low_diversity,0,0.639,fitted,ite_expansion,96,2,2,1,0,2.0,0.5677083333333334,0.6145833333333334,1.5336626063612286,1.2704646352338647,0.3432510418068599,0.004934019409120083,0.33831703662872314,1.7169028754796958,0.3759744124706467,0.3107764251647417,nan,nan,0.06709480285644531,0.9747695326805115
6,low_diversity,0,0.639,fitted,majority_duality,96,2,2,1,0,2.0,0.4947916666666667,0.3229166666666667,2.6844746115507694,0.9108245893826504,0.18672053226294996,0.07047528773546219,0.11624523252248764,1.543859639266102,0.28264139681240047,0.1457730342271674,nan,nan,0.2010619342327118,0.9339895248413086
6,low_diversity,0,0.639,fitted,nary_and_hexagon,96,6,6,1,0,6.0,0.5243055555555556,0.8854166666666666,1.142000565796496,1.2227239540171446,1.0584131122085725,0.010795005597174168,1.04761803150177,1.814525543510314,1.0537233132302724,0.24283984295433925,nan,nan,0.12813079357147217,0.15255992114543915
6,low_diversity,0,0.639,shuffled,associativity_pentagon,96,5,8,1,1,5.0,0.575,0.8645833333333334,0.437847020594091,1.0620767289076716,2.366546539700625,0.06692525744438171,2.299621343612671,1.9958772037045558,2.3208693004307754,0.35914834181320754,0.7789159898312569,1.5785391737677381,0.6082374453544617,0.4336055815219879
6,low_diversity,0,0.639,shuffled,commutativity_cube,96,8,24,6,5,4.0,0.5286458333333334,0.40625,0.7960212570131459,2.2036415766653006,1.471366522642036,0.007047565653920174,1.4643189907073975,1.9804842001369052,1.4591033037405599,0.18007753260012516,1.7141656623941197,1.973468587314757,0.36146047711372375,0.8446398377418518
6,low_diversity,0,0.639,shuffled,commutativity_involution,96,2,2,1,0,2.0,0.59375,0.7291666666666666,1.4746865071605795,2.008131453488848,2.407967062014761,0.07342609763145447,2.334541082382202,1.9393032195916442,2.3549591318069636,0.5595271723947249,nan,nan,0.05463184416294098,0.6722409129142761
6,low_diversity,0,0.639,shuffled,demorgan_and_square,96,4,4,1,0,4.0,0.4765625,0.08333333333333333,1.7424907859120236,0.7403513497832952,0.9695376065260451,0.014506449922919273,0.955031156539917,1.9895109605304857,2.5104819743859372,0.36244319789993495,nan,nan,0.009848964400589466,0.9874093532562256
6,low_diversity,0,0.639,shuffled,demorgan_or_square,96,4,4,1,0,4.0,0.40625,0.5416666666666666,1.1804997575907688,1.97101152799269,1.547789564409422,0.589600682258606,0.9581888318061829,1.9931335082891135,1.1870166831286604,0.1748891893913432,nan,nan,0.16494055092334747,0.7672603726387024
6,low_diversity,0,0.639,shuffled,distributivity_diamond,96,4,5,2,1,3.0,0.5729166666666666,0.2916666666666667,1.5635553703895482,1.4034440738276321,0.8979558151399891,0.022905966266989708,0.8750498294830322,1.987460340003541,1.2954774092451766,0.15939506386411023,1.3375797688708582,1.4167544125239588,0.04825713112950325,0.9374341368675232
6,low_diversity,0,0.639,shuffled,double_negation,96,2,2,1,0,2.0,0.5416666666666666,0.5,1.9585172379494409,1.9482002499666846,1.6785444669652636,0.012078634463250637,1.6664658784866333,1.9554729474790138,1.7211707936137013,0.5437061264891208,nan,nan,0.00664133857935667,0.9895222783088684
6,low_diversity,0,0.639,shuffled,exact1_hexagon,96,6,6,1,0,6.0,0.5052083333333334,0.28125,1.1499469482060787,2.076008931432602,2.45947598518088,0.08994484692811966,2.3695311546325684,1.9877918628241995,2.3704723044600233,0.20838574273907828,nan,nan,0.15997251868247986,0.8864860534667969
6,low_diversity,0,0.639,shuffled,ite_expansion,96,2,2,1,0,2.0,0.5677083333333334,0.6145833333333334,1.5336626063612286,1.7788317105113052,1.839257049793386,0.028903506696224213,1.8103535175323486,1.9758686159438443,1.9237004362635495,0.5531286363779309,nan,nan,0.06709480285644531,0.9747695326805115
6,low_diversity,0,0.639,shuffled,majority_duality,96,2,2,1,0,2.0,0.4947916666666667,0.3229166666666667,2.6844746115507694,1.1858549528666251,0.6025466629020337,0.058650560677051544,0.5438961386680603,1.9915852696918808,1.4152437693474536,0.31290089493914414,nan,nan,0.2010619342327118,0.9339895248413086
6,low_diversity,0,0.639,shuffled,nary_and_hexagon,96,6,6,1,0,6.0,0.5243055555555556,0.8854166666666666,1.142000565796496,2.0520949868900327,1.3854535287396756,0.024934623390436172,1.3605189323425293,2.043626064873743,1.3677339943360758,0.16215461191468003,nan,nan,0.12813079357147217,0.15255992114543915
6,low_diversity,0,0.639,identity,associativity_pentagon,96,5,8,1,1,5.0,0.575,0.8645833333333334,0.437847020594091,0.4378470200616435,0.0,0.0,0.0,0.0,0.0,0.0,0.0,0.6878298425847272,0.6082374453544617,0.4336055815219879
6,low_diversity,0,0.639,identity,commutativity_cube,96,8,24,6,5,4.0,0.5286458333333334,0.40625,0.7960212570131459,0.7960212562718059,0.0,0.0,0.0,0.0,0.0,0.0,0.0,1.7651920372110879,0.36146047711372375,0.8446398377418518
6,low_diversity,0,0.639,identity,commutativity_involution,96,2,2,1,0,2.0,0.59375,0.7291666666666666,1.4746865071605795,1.474686517831938,0.0,0.0,0.0,0.0,0.0,0.0,nan,nan,0.05463184416294098,0.6722409129142761
6,low_diversity,0,0.639,identity,demorgan_and_square,96,4,4,1,0,4.0,0.4765625,0.08333333333333333,1.7424907859120236,1.742490790438077,0.0,0.0,0.0,0.0,0.0,0.0,nan,nan,0.009848964400589466,0.9874093532562256
6,low_diversity,0,0.639,identity,demorgan_or_square,96,4,4,1,0,4.0,0.40625,0.5416666666666666,1.1804997575907688,1.1804997501701056,0.0,0.0,0.0,0.0,0.0,0.0,nan,nan,0.16494055092334747,0.7672603726387024
6,low_diversity,0,0.639,identity,distributivity_diamond,96,4,5,2,1,3.0,0.5729166666666666,0.2916666666666667,1.5635553703895482,1.563555367776892,0.0,0.0,0.0,0.0,0.0,0.0,0.0,2.117831028240439,0.04825713112950325,0.9374341368675232
6,low_diversity,0,0.639,identity,double_negation,96,2,2,1,0,2.0,0.5416666666666666,0.5,1.9585172379494409,1.9585172260533708,0.0,0.0,0.0,0.0,0.0,0.0,nan,nan,0.00664133857935667,0.9895222783088684
6,low_diversity,0,0.639,identity,exact1_hexagon,96,6,6,1,0,6.0,0.5052083333333334,0.28125,1.1499469482060787,1.149946944737209,0.0,0.0,0.0,0.0,0.0,0.0,nan,nan,0.15997251868247986,0.8864860534667969
6,low_diversity,0,0.639,identity,ite_expansion,96,2,2,1,0,2.0,0.5677083333333334,0.6145833333333334,1.5336626063612286,1.5336626074920106,0.0,0.0,0.0,0.0,0.0,0.0,nan,nan,0.06709480285644531,0.9747695326805115
6,low_diversity,0,0.639,identity,majority_duality,96,2,2,1,0,2.0,0.4947916666666667,0.3229166666666667,2.6844746115507694,2.684474615861509,0.0,0.0,0.0,0.0,0.0,0.0,nan,nan,0.2010619342327118,0.9339895248413086
6,low_diversity,0,0.639,identity,nary_and_hexagon,96,6,6,1,0,6.0,0.5243055555555556,0.8854166666666666,1.142000565796496,1.142000560759562,0.0,0.0,0.0,0.0,0.0,0.0,nan,nan,0.12813079357147217,0.15255992114543915
6,low_diversity,1,0.6275,fitted,associativity_pentagon,96,5,8,1,1,5.0,0.5895833333333333,0.65625,0.42864170699921667,0.4409925387548148,0.19186602634725297,0.024001119658350945,0.16786490380764008,1.5713690100317894,0.17073367673827336,0.4758748057332181,0.03522695782825549,0.8207842572222958,0.6281977295875549,0.929027795791626
6,low_diversity,1,0.6275,fitted,commutativity_cube,96,8,24,6,5,4.0,0.6276041666666666,0.4791666666666667,0.5604929743631093,0.5859815196613462,0.19027572165468343,0.006816463079303503,0.18345926702022552,1.5343754110478396,0.17934993539734098,0.3266211830391279,0.05602489482579211,1.2428151633453832,0.523566722869873,0.7911049723625183
6,low_diversity,1,0.6275,fitted,commutativity_involution,96,2,2,1,0,2.0,0.6145833333333334,0.625,1.399040465658766,1.4156731848342932,0.1859961420112197,0.017495106905698776,0.16850104928016663,1.6443432843217887,0.17044786069167175,0.33854906686913977,nan,nan,0.08060494810342789,0.9723706245422363
6,low_diversity,1,0.6275,fitted,demorgan_and_square,96,4,4,1,0,4.0,0.5234375,0.03125,1.870910755070608,0.3772060508080569,0.16944881793316036,0.012119904160499573,0.15732890367507935,1.820230095084155,0.5104533056186082,0.21661138649535075,nan,nan,0.0015090539818629622,0.9736328721046448
6,low_diversity,1,0.6275,fitted,demorgan_or_square,96,4,4,1,0,4.0,0.4270833333333333,0.21875,1.6037227303505053,0.9502932283337867,0.29591701536166165,0.03974834829568863,0.2561686635017395,1.8277311389239481,0.4997851898455559,0.07722385298959991,nan,nan,0.02947409078478813,0.8947893977165222
6,low_diversity,1,0.6275,fitted,distributivity_diamond,96,4,5,2,1,3.0,0.5859375,0.3541666666666667,1.3172055319327203,1.1112068800697343,0.21472892318765086,0.009531321004033089,0.20519760251045227,1.6935799110216483,0.21573258357477063,0.11435091148045762,0.27191093934485316,1.1445027065496232,0.11360597610473633,0.920105516910553
6,low_diversity,1,0.6275,fitted,double_negation,96,2,2,1,0,2.0,0.5625,0.4375,2.173084722864951,1.6234412331483448,1.2296185671968807,0.006478641182184219,1.2231398820877075,1.4984975558092624,1.2444899767345412,0.46558557776964665,nan,nan,0.022712718695402145,0.9730932116508484
6,low_diversity,1,0.6275,fitted,exact1_hexagon,96,6,6,1,0,6.0,0.4930555555555556,0.3854166666666667,0.8790080636113494,0.9148795417726402,0.3553920484518372,0.04016193002462387,0.3152301013469696,1.8173025354241414,0.3162920568469662,0.18264613147581701,nan,nan,0.3077506124973297,0.9121272563934326
6,low_diversity,1,0.6275,fitted,ite_expansion,96,2,2,1,0,2.0,0.5625,0.5833333333333334,1.5744025437560025,1.2736430408306212,0.4624759111860268,0.027543818578124046,0.4349321126937866,1.706810616053975,0.4834430964372566,0.3097144091676012,nan,nan,0.055005691945552826,0.961625337600708
6,low_diversity,1,0.6275,fitted,majority_duality,96,2,2,1,0,2.0,0.4479166666666667,0.4583333333333333,2.425721914134845,1.065974383079563,0.3391647703008706,0.05299420654773712,0.2861705720424652,1.5242375147633485,0.6621832581042668,0.132447087756819,nan,nan,0.14306049048900604,0.7861740589141846
6,low_diversity,1,0.6275,fitted,nary_and_hexagon,96,6,6,1,0,6.0,0.515625,0.8854166666666666,1.2072968109464621,1.3734496841189991,1.526834368149245,0.047987617552280426,1.4788466691970825,1.8729492112278716,1.4815894566419598,0.2430748874419397,nan,nan,0.08860842883586884,0.15190893411636353
6,low_diversity,1,0.6275,shuffled,associativity_pentagon,96,5,8,1,1,5.0,0.5895833333333333,0.65625,0.42864170699921667,2.9749212259841586,2.3172767392187685,0.03144324943423271,2.2858335971832275,1.996931914908686,2.3429388894153518,0.15852858192300182,2.829670171302088,1.9088727220538073,0.6281977295875549,0.929027795791626
6,low_diversity,1,0.6275,shuffled,commutativity_cube,96,8,24,6,5,4.0,0.6276041666666666,0.4791666666666667,0.5604929743631093,2.0157950091702133,1.7289930742475539,0.011825052089989185,1.717167854309082,1.953213781691377,1.6999625288187623,0.2254364620206412,1.9721460259192558,2.0730584228584044,0.523566722869873,0.7911049723625183
6,low_diversity,1,0.6275,shuffled,commutativity_involution,96,2,2,1,0,2.0,0.6145833333333334,0.625,1.399040465658766,1.8576083006225288,2.229824908007631,0.25316065549850464,1.9766640663146973,1.9939402791399299,2.0067398345774614,0.6381991687216213,nan,nan,0.08060494810342789,0.9723706245422363
6,low_diversity,1,0.6275,shuffled,demorgan_and_square,96,4,4,1,0,4.0,0.5234375,0.03125,1.870910755070608,0.4916306396048565,0.6752620388535068,0.01765807718038559,0.657603919506073,2.0111787549454108,2.3764042227613564,0.3906259622863674,nan,nan,0.0015090539818629622,0.9736328721046448
6,low_diversity,1,0.6275,shuffled,demorgan_or_square,96,4,4,1,0,4.0,0.4270833333333333,0.21875,1.6037227303505053,1.468835582560032,1.4683869748741152,0.696100115776062,0.7722868323326111,2.0307989954799344,1.4094642589867996,0.22053454673659548,nan,nan,0.02947409078478813,0.8947893977165222
6,low_diversity,1,0.6275,shuffled,distributivity_diamond,96,4,5,2,1,3.0,0.5859375,0.3541666666666667,1.3172055319327203,1.9009228593919034,1.594338204297652,0.07016903907060623,1.5241693258285522,1.9965831296646774,1.5603568748952046,0.3470563360924646,2.1756793116483246,2.139884937521738,0.11360597610473633,0.920105516910553
6,low_diversity,1,0.6275,shuffled,double_negation,96,2,2,1,0,2.0,0.5625,0.4375,2.173084722864951,1.8585144677934011,1.9203199739532848,0.02482473850250244,1.8954951763153076,1.9808849594200277,1.9755633782892403,0.6334960555966241,nan,nan,0.022712718695402145,0.9730932116508484
6,low_diversity,1,0.6275,shuffled,exact1_hexagon,96,6,6,1,0,6.0,0.4930555555555556,0.3854166666666667,0.8790080636113494,1.5154499850206864,1.5716190082001151,0.023566648364067078,1.5480523109436035,2.0063262854679818,1.5508792552721884,0.18536896266370761,nan,nan,0.3077506124973297,0.9121272563934326
6,low_diversity,1,0.6275,shuffled,ite_expansion,96,2,2,1,0,2.0,0.5625,0.5833333333333334,1.5744025437560025,1.6770708795464804,2.559304586275574,0.13016872107982635,2.429136037826538,2.009626489745604,2.696352475698822,0.8161675900715273,nan,nan,0.055005691945552826,0.961625337600708
6,low_diversity,1,0.6275,shuffled,majority_duality,96,2,2,1,0,2.0,0.4479166666666667,0.4583333333333333,2.425721914134845,1.2973513384879305,0.6459971642080645,0.04529828578233719,0.6006988883018494,2.042347102315506,1.3285014449281167,0.1845094622363396,nan,nan,0.14306049048900604,0.7861740589141846
6,low_diversity,1,0.6275,shuffled,nary_and_hexagon,96,6,6,1,0,6.0,0.515625,0.8854166666666666,1.2072968109464621,2.1241264662595594,2.079967228876124,0.08170893788337708,1.998258113861084,1.997067570341694,2.002462578788894,0.16776542021177487,nan,nan,0.08860842883586884,0.15190893411636353
6,low_diversity,1,0.6275,identity,associativity_pentagon,96,5,8,1,1,5.0,0.5895833333333333,0.65625,0.42864170699921667,0.42864170643346405,0.0,0.0,0.0,0.0,0.0,0.0,0.0,0.7940496778202526,0.6281977295875549,0.929027795791626
6,low_diversity,1,0.6275,identity,commutativity_cube,96,8,24,6,5,4.0,0.6276041666666666,0.4791666666666667,0.5604929743631093,0.5604929742054924,0.0,0.0,0.0,0.0,0.0,0.0,0.0,1.2153951991066383,0.523566722869873,0.7911049723625183
6,low_diversity,1,0.6275,identity,commutativity_involution,96,2,2,1,0,2.0,0.6145833333333334,0.625,1.399040465658766,1.399040458070043,0.0,0.0,0.0,0.0,0.0,0.0,nan,nan,0.08060494810342789,0.9723706245422363
6,low_diversity,1,0.6275,identity,demorgan_and_square,96,4,4,1,0,4.0,0.5234375,0.03125,1.870910755070608,1.8709107453520948,0.0,0.0,0.0,0.0,0.0,0.0,nan,nan,0.0015090539818629622,0.9736328721046448
6,low_diversity,1,0.6275,identity,demorgan_or_square,96,4,4,1,0,4.0,0.4270833333333333,0.21875,1.6037227303505053,1.6037227378367314,0.0,0.0,0.0,0.0,0.0,0.0,nan,nan,0.02947409078478813,0.8947893977165222
6,low_diversity,1,0.6275,identity,distributivity_diamond,96,4,5,2,1,3.0,0.5859375,0.3541666666666667,1.3172055319327203,1.3172055352136678,0.0,0.0,0.0,0.0,0.0,0.0,0.0,1.3948921402823784,0.11360597610473633,0.920105516910553
6,low_diversity,1,0.6275,identity,double_negation,96,2,2,1,0,2.0,0.5625,0.4375,2.173084722864951,2.1730847242511047,0.0,0.0,0.0,0.0,0.0,0.0,nan,nan,0.022712718695402145,0.9730932116508484
6,low_diversity,1,0.6275,identity,exact1_hexagon,96,6,6,1,0,6.0,0.4930555555555556,0.3854166666666667,0.8790080636113494,0.8790080628330073,0.0,0.0,0.0,0.0,0.0,0.0,nan,nan,0.3077506124973297,0.9121272563934326
6,low_diversity,1,0.6275,identity,ite_expansion,96,2,2,1,0,2.0,0.5625,0.5833333333333334,1.5744025437560025,1.5744025287709833,0.0,0.0,0.0,0.0,0.0,0.0,nan,nan,0.055005691945552826,0.961625337600708
6,low_diversity,1,0.6275,identity,majority_duality,96,2,2,1,0,2.0,0.4479166666666667,0.4583333333333333,2.425721914134845,2.425721926464533,0.0,0.0,0.0,0.0,0.0,0.0,nan,nan,0.14306049048900604,0.7861740589141846
6,low_diversity,1,0.6275,identity,nary_and_hexagon,96,6,6,1,0,6.0,0.515625,0.8854166666666666,1.2072968109464621,1.2072968087322247,0.0,0.0,0.0,0.0,0.0,0.0,nan,nan,0.08860842883586884,0.15190893411636353
6,low_diversity,2,0.6475,fitted,associativity_pentagon,96,5,8,1,1,5.0,0.59375,0.6041666666666666,0.686403039652993,0.7184707321817964,0.3692410795187125,0.09178416430950165,0.2774569094181061,1.6398536296680202,0.2786432357609989,0.5552983120545786,0.059276789370644484,1.1266174199970593,0.42436447739601135,0.8426653146743774
6,low_diversity,2,0.6475,fitted,commutativity_cube,96,8,24,6,5,4.0,0.5716145833333334,0.5,0.6496000313236758,0.6804715198805845,0.2562937070533382,0.05186573043465614,0.20442797243595123,1.5937394371898088,0.1930087097781225,0.44053167857325065,0.070247285995378,1.4064191667009578,0.4712327718734741,0.8222038149833679
6,low_diversity,2,0.6475,fitted,commutativity_involution,96,2,2,1,0,2.0,0.5677083333333334,0.71875,1.1970227492257046,1.2321696320790474,0.2971463986688844,0.026393456384539604,0.2707529664039612,1.6582282736965228,0.27123396958844376,0.42563678200789123,nan,nan,0.16808749735355377,0.9066548943519592
6,low_diversity,2,0.6475,fitted,demorgan_and_square,96,4,4,1,0,4.0,0.4895833333333333,0.052083333333333336,1.8710486921946792,0.3908536704846876,0.5314360439009012,0.004018780775368214,0.5274172425270081,1.8463268090644505,1.4376561388752715,0.343049987265675,nan,nan,0.001725545385852456,0.9886100888252258
6,low_diversity,2,0.6475,fitted,demorgan_or_square,96,4,4,1,0,4.0,0.4505208333333333,0.28125,1.6496462929062143,1.4165816978771981,0.8117340303123513,0.12331099063158035,0.6884230375289917,1.8719245520191248,0.7972670144681435,0.1559091238262451,nan,nan,0.017879538238048553,0.8307251930236816
6,low_diversity,2,0.6475,fitted,distributivity_diamond,96,4,5,2,1,3.0,0.5520833333333334,0.25,1.6395768826618833,1.0653945816863148,0.20374216875922893,0.01409175619482994,0.18965041637420654,1.7420676395368588,0.24140802093105565,0.0813085302079803,0.2594609030999804,1.066662692935884,0.03515178710222244,0.9530258178710938
6,low_diversity,2,0.6475,fitted,double_negation,96,2,2,1,0,2.0,0.6041666666666666,0.5208333333333334,1.9517673271888358,1.7271634578709667,0.5360217938637865,0.04068853333592415,0.4953332543373108,1.6187158433739957,0.5355802899308872,0.2291439880204048,nan,nan,0.011455969884991646,0.9506461024284363
6,low_diversity,2,0.6475,fitted,exact1_hexagon,96,6,6,1,0,6.0,0.4791666666666667,0.2916666666666667,1.2264358376664048,1.2704594849927062,0.4411505815045728,0.020943868905305862,0.4202066957950592,1.9385732932385729,0.42177729694128197,0.15096161870326943,nan,nan,0.1376430243253708,0.9125311374664307
6,low_diversity,2,0.6475,fitted,ite_expansion,96,2,2,1,0,2.0,0.4635416666666667,0.4270833333333333,2.4179334172764677,1.4278330274345838,0.7850335131038235,0.017141520977020264,0.7678920030593872,1.7286705289387445,0.9345246435890027,0.3394143495294962,nan,nan,0.08771093189716339,0.9006901383399963
6,low_diversity,2,0.6475,fitted,majority_duality,96,2,2,1,0,2.0,0.4947916666666667,0.4479166666666667,2.1673790615376465,1.457178314779304,0.26210469900866223,0.008013594895601273,0.2540911138057709,1.5932093236460039,0.30776885203851223,0.10072888024369735,nan,nan,0.028246384114027023,0.9355093836784363
6,low_diversity,2,0.6475,fitted,nary_and_hexagon,96,6,6,1,0,6.0,0.5902777777777778,0.53125,1.25884827817395,1.309074563249528,0.5954219303078307,0.014325971715152264,0.5810959935188293,1.9305388000255153,0.585856800862422,0.17065334730708,nan,nan,0.11564245074987411,0.5368238687515259
6,low_diversity,2,0.6475,shuffled,associativity_pentagon,96,5,8,1,1,5.0,0.59375,0.6041666666666666,0.686403039652993,1.9109248823939768,1.9574124107691337,0.13828939199447632,1.8191230297088623,2.0014997751935515,1.8237248711270517,0.1854782345090665,1.012648699739564,1.847719448885033,0.42436447739601135,0.8426653146743774
6,low_diversity,2,0.6475,shuffled,commutativity_cube,96,8,24,6,5,4.0,0.5716145833333334,0.5,0.6496000313236758,1.9910814381888193,1.6472442486452465,0.006928303744643927,1.6403160095214844,1.9722135301228425,1.6290894658212454,0.22685691099625777,1.9133920731530651,2.0105167014836067,0.4712327718734741,0.8222038149833679
6,low_diversity,2,0.6475,shuffled,commutativity_involution,96,2,2,1,0,2.0,0.5677083333333334,0.71875,1.1970227492257046,1.9209417418870067,1.9521439584265352,0.10206561535596848,1.8500783443450928,1.9725859221266797,1.8514914788992873,0.5190952467693496,nan,nan,0.16808749735355377,0.9066548943519592
6,low_diversity,2,0.6475,shuffled,demorgan_and_square,96,4,4,1,0,4.0,0.4895833333333333,0.052083333333333336,1.8710486921946792,0.49335295092832987,0.8620838068717075,0.0069902315735816956,0.8550935983657837,2.0312742488388436,2.236214962815997,0.3966983526737911,nan,nan,0.001725545385852456,0.9886100888252258
6,low_diversity,2,0.6475,shuffled,demorgan_or_square,96,4,4,1,0,4.0,0.4505208333333333,0.28125,1.6496462929062143,1.825630312641587,1.6536118932772705,0.545868992805481,1.1077429056167603,1.9601188088544814,1.278520544275061,0.19738021920752655,nan,nan,0.017879538238048553,0.8307251930236816
6,low_diversity,2,0.6475,shuffled,distributivity_diamond,96,4,5,2,1,3.0,0.5520833333333334,0.25,1.6395768826618833,1.5339176010781082,2.019651228069462,0.05934792757034302,1.9603034257888794,2.027044485354152,2.7133401591306607,0.5601131582201605,1.7356889853068838,1.4148238748312394,0.03515178710222244,0.9530258178710938
6,low_diversity,2,0.6475,shuffled,double_negation,96,2,2,1,0,2.0,0.6041666666666666,0.5208333333333334,1.9517673271888358,1.9538019712097277,2.0346840728743154,0.023034265264868736,2.0116498470306396,2.015281681768005,2.1594041636505015,0.576906962648816,nan,nan,0.011455969884991646,0.9506461024284363
6,low_diversity,2,0.6475,shuffled,exact1_hexagon,96,6,6,1,0,6.0,0.4791666666666667,0.2916666666666667,1.2264358376664048,2.329576785904874,1.9128601962681864,0.08475419133901596,1.8281060457229614,1.9906228615102677,1.8301830367176284,0.14119988319903085,nan,nan,0.1376430243253708,0.9125311374664307
6,low_diversity,2,0.6475,shuffled,ite_expansion,96,2,2,1,0,2.0,0.4635416666666667,0.4270833333333333,2.4179334172764677,1.515191338290471,3.272538954822511,0.012505902908742428,3.260032892227173,2.0089730992613037,4.014853355553714,1.228765495083726,nan,nan,0.08771093189716339,0.9006901383399963
6,low_diversity,2,0.6475,shuffled,majority_duality,96,2,2,1,0,2.0,0.4947916666666667,0.4479166666666667,2.1673790615376465,1.6125481184144987,0.9043630295570819,0.01756664738059044,0.8867963552474976,2.0064679774595686,1.1069387664271497,0.23918543780275067,nan,nan,0.028246384114027023,0.9355093836784363
6,low_diversity,2,0.6475,shuffled,nary_and_hexagon,96,6,6,1,0,6.0,0.5902777777777778,0.53125,1.25884827817395,2.2020075430323915,1.9678166852714714,0.027406921610236168,1.940409779548645,2.0481963567485195,1.9554227019435089,0.1440945854103682,nan,nan,0.11564245074987411,0.5368238687515259
6,low_diversity,2,0.6475,identity,associativity_pentagon,96,5,8,1,1,5.0,0.59375,0.6041666666666666,0.686403039652993,0.6864030417708298,0.0,0.0,0.0,0.0,0.0,0.0,0.0,1.0477424635878523,0.42436447739601135,0.8426653146743774
6,low_diversity,2,0.6475,identity,commutativity_cube,96,8,24,6,5,4.0,0.5716145833333334,0.5,0.6496000313236758,0.6496000314256113,0.0,0.0,0.0,0.0,0.0,0.0,0.0,1.3540682477473125,0.4712327718734741,0.8222038149833679
6,low_diversity,2,0.6475,identity,commutativity_involution,96,2,2,1,0,2.0,0.5677083333333334,0.71875,1.1970227492257046,1.1970227499862778,0.0,0.0,0.0,0.0,0.0,0.0,nan,nan,0.16808749735355377,0.9066548943519592
6,low_diversity,2,0.6475,identity,demorgan_and_square,96,4,4,1,0,4.0,0.4895833333333333,0.052083333333333336,1.8710486921946792,1.8710486960004795,0.0,0.0,0.0,0.0,0.0,0.0,nan,nan,0.001725545385852456,0.9886100888252258
6,low_diversity,2,0.6475,identity,demorgan_or_square,96,4,4,1,0,4.0,0.4505208333333333,0.28125,1.6496462929062143,1.6496462989912741,0.0,0.0,0.0,0.0,0.0,0.0,nan,nan,0.017879538238048553,0.8307251930236816
6,low_diversity,2,0.6475,identity,distributivity_diamond,96,4,5,2,1,3.0,0.5520833333333334,0.25,1.6395768826618833,1.6395768812049483,0.0,0.0,0.0,0.0,0.0,0.0,0.0,2.106434409166408,0.03515178710222244,0.9530258178710938
6,low_diversity,2,0.6475,identity,double_negation,96,2,2,1,0,2.0,0.6041666666666666,0.5208333333333334,1.9517673271888358,1.9517673541522207,0.0,0.0,0.0,0.0,0.0,0.0,nan,nan,0.011455969884991646,0.9506461024284363
6,low_diversity,2,0.6475,identity,exact1_hexagon,96,6,6,1,0,6.0,0.4791666666666667,0.2916666666666667,1.2264358376664048,1.2264358346377162,0.0,0.0,0.0,0.0,0.0,0.0,nan,nan,0.1376430243253708,0.9125311374664307
6,low_diversity,2,0.6475,identity,ite_expansion,96,2,2,1,0,2.0,0.4635416666666667,0.4270833333333333,2.4179334172764677,2.4179334193386928,0.0,0.0,0.0,0.0,0.0,0.0,nan,nan,0.08771093189716339,0.9006901383399963
6,low_diversity,2,0.6475,identity,majority_duality,96,2,2,1,0,2.0,0.4947916666666667,0.4479166666666667,2.1673790615376465,2.167379073115105,0.0,0.0,0.0,0.0,0.0,0.0,nan,nan,0.028246384114027023,0.9355093836784363
6,low_diversity,2,0.6475,identity,nary_and_hexagon,96,6,6,1,0,6.0,0.5902777777777778,0.53125,1.25884827817395,1.258848270978594,0.0,0.0,0.0,0.0,0.0,0.0,nan,nan,0.11564245074987411,0.5368238687515259
